{
    "captions": [
        "a squirrel",
        "a tree branch",
        "that"
    ],
    "metaclip": [
        0.9967237114906311,
        0.0028391156811267138,
        0.0004371682880446315
    ],
    "clip": [
        0.99462890625,
        0.00547027587890625,
        5.078315734863281e-05
    ],
    "eva": [
        1.0,
        2.0091960095669492e-08,
        5.909382427837784e-10
    ]
}