{
    "captions": [
        "a brown bear",
        "that",
        "the grass"
    ],
    "metaclip": [
        0.9649214148521423,
        0.029540840536355972,
        0.005537732038646936
    ],
    "clip": [
        0.424560546875,
        0.10162353515625,
        0.4736328125
    ],
    "eva": [
        0.9925941824913025,
        0.007367635611444712,
        3.816352545982227e-05
    ]
}