{
    "captions": [
        "a fish",
        "a shark swimming",
        "the ocean"
    ],
    "metaclip": [
        0.0036441299598664045,
        0.9916954636573792,
        0.004660406615585089
    ],
    "clip": [
        0.00778961181640625,
        0.98876953125,
        0.00319671630859375
    ],
    "eva": [
        6.908035743435903e-07,
        0.9999992847442627,
        8.095150327847023e-09
    ]
}