{
    "captions": [
        "a purple stone",
        "a close",
        "a ring",
        "a table"
    ],
    "metaclip": [
        0.5726518630981445,
        0.0014283590717241168,
        0.4255651831626892,
        0.00035458640195429325
    ],
    "clip": [
        0.102294921875,
        0.00021016597747802734,
        0.8974609375,
        5.745887756347656e-05
    ],
    "eva": [
        0.00018879654817283154,
        3.312641538855132e-08,
        0.9998112320899963,
        1.4331213993301617e-09
    ]
}