{
    "captions": [
        "the woods",
        "a road",
        "a bear",
        "that"
    ],
    "metaclip": [
        0.054647088050842285,
        0.0016711740754544735,
        0.9412435293197632,
        0.0024382409173995256
    ],
    "clip": [
        0.05084228515625,
        0.001926422119140625,
        0.94482421875,
        0.0024547576904296875
    ],
    "eva": [
        1.1806832844740711e-06,
        5.6348640100623015e-06,
        0.9999932050704956,
        2.098778095760423e-10
    ]
}