{
    "captions": [
        "that",
        "a squirrel",
        "a tree"
    ],
    "metaclip": [
        0.0009540973696857691,
        0.9926226139068604,
        0.006423335522413254
    ],
    "clip": [
        7.528066635131836e-05,
        0.998046875,
        0.002288818359375
    ],
    "eva": [
        1.0399096028734789e-09,
        0.9999996423721313,
        3.118915401500999e-07
    ]
}