{
    "captions": [
        "that",
        "a small alligator",
        "the ground"
    ],
    "metaclip": [
        0.0003618914051912725,
        0.9995015859603882,
        0.00013649793982040137
    ],
    "clip": [
        0.00011771917343139648,
        0.99951171875,
        0.00017392635345458984
    ],
    "eva": [
        7.3538162226327586e-09,
        1.0,
        3.411187304847019e-11
    ]
}