{
    "captions": [
        "a circle",
        "a dog",
        "the middle",
        "that"
    ],
    "metaclip": [
        0.9286494255065918,
        0.0024054422974586487,
        0.0324321873486042,
        0.03651292622089386
    ],
    "clip": [
        0.64404296875,
        0.0215301513671875,
        0.2191162109375,
        0.115478515625
    ],
    "eva": [
        0.9986081719398499,
        4.2742388473016035e-07,
        0.0008209975203499198,
        0.0005703400238417089
    ]
}