{
    "captions": [
        "a black and white face",
        "a black and white hat"
    ],
    "metaclip": [
        0.9408047199249268,
        0.059195276349782944
    ],
    "clip": [
        0.71533203125,
        0.28466796875
    ],
    "eva": [
        0.9992266893386841,
        0.0007732555386610329
    ]
}