{
    "captions": [
        "it",
        "a metal object",
        "a close",
        "a pattern"
    ],
    "metaclip": [
        0.029155990108847618,
        0.11648467928171158,
        0.04367659240961075,
        0.8106827735900879
    ],
    "clip": [
        0.033905029296875,
        0.65966796875,
        0.134033203125,
        0.172119140625
    ],
    "eva": [
        0.0016243389109149575,
        0.0019023182103410363,
        8.605315815657377e-05,
        0.996387243270874
    ]
}