{
    "captions": [
        "the wings",
        "painting",
        "a colorful butterfly",
        "a black outline"
    ],
    "metaclip": [
        0.04156290367245674,
        0.024129575118422508,
        0.932919442653656,
        0.0013881041668355465
    ],
    "clip": [
        0.033172607421875,
        0.054718017578125,
        0.9111328125,
        0.0006570816040039062
    ],
    "eva": [
        9.801109923657236e-10,
        4.937969038110168e-07,
        0.9999995231628418,
        8.850726039924279e-15
    ]
}