{
    "captions": [
        "arafed van",
        "a blue sky",
        "a parking lot",
        "the background"
    ],
    "metaclip": [
        0.9978665709495544,
        0.00016525974206160754,
        0.00012325483839958906,
        0.001844925805926323
    ],
    "clip": [
        0.998046875,
        0.0003399848937988281,
        0.0010471343994140625,
        0.0007662773132324219
    ],
    "eva": [
        0.9711750745773315,
        0.017909670248627663,
        0.0041216169483959675,
        0.00679364800453186
    ]
}