{
    "captions": [
        "a red and white car",
        "a track",
        "arafed race car"
    ],
    "metaclip": [
        0.1295696347951889,
        0.0374065563082695,
        0.8330237865447998
    ],
    "clip": [
        0.13623046875,
        0.1832275390625,
        0.6806640625
    ],
    "eva": [
        0.9397557973861694,
        0.0015655949246138334,
        0.05867863446474075
    ]
}