{
    "captions": [
        "a squirrel",
        "that",
        "a tree trunk"
    ],
    "metaclip": [
        0.9902735352516174,
        0.00017192994710057974,
        0.009554615244269371
    ],
    "clip": [
        0.98876953125,
        3.0159950256347656e-05,
        0.0111541748046875
    ],
    "eva": [
        1.0,
        9.583787236033814e-11,
        2.981862579076733e-08
    ]
}