{
    "captions": [
        "a bridge",
        "the background",
        "a city street",
        "painting",
        "buildings"
    ],
    "metaclip": [
        0.012636234983801842,
        0.018283188343048096,
        0.7928994297981262,
        0.01569557376205921,
        0.16048558056354523
    ],
    "clip": [
        0.002765655517578125,
        0.0038394927978515625,
        0.472412109375,
        0.291015625,
        0.230224609375
    ],
    "eva": [
        7.518218270163857e-10,
        8.499131953776384e-10,
        0.999996542930603,
        2.1573155208898243e-06,
        1.302462237617874e-06
    ]
}