{
    "captions": [
        "a basket",
        "a tiled wall",
        "food",
        "a picture"
    ],
    "metaclip": [
        0.026702703908085823,
        0.7036195993423462,
        0.004829536657780409,
        0.26484811305999756
    ],
    "clip": [
        0.08612060546875,
        0.755859375,
        0.0960693359375,
        0.062042236328125
    ],
    "eva": [
        2.2649853548273313e-08,
        0.0013884170912206173,
        1.775029971895492e-07,
        0.998611330986023
    ]
}