{
    "captions": [
        "a green background",
        "painting",
        "a grassy field",
        "a rabbit"
    ],
    "metaclip": [
        0.0012950937962159514,
        0.0062977042980492115,
        0.0010863016359508038,
        0.9913210272789001
    ],
    "clip": [
        0.0098114013671875,
        0.01495361328125,
        0.005950927734375,
        0.9697265625
    ],
    "eva": [
        4.3364715030663747e-13,
        5.378748002549116e-10,
        2.360229719999829e-11,
        1.0
    ]
}