{
    "captions": [
        "a rabbit",
        "a grassy field",
        "painting",
        "a green background"
    ],
    "metaclip": [
        0.9913210272789001,
        0.0010863016359508038,
        0.0062977042980492115,
        0.0012950937962159514
    ],
    "clip": [
        0.9697265625,
        0.005950927734375,
        0.01495361328125,
        0.0098114013671875
    ],
    "eva": [
        1.0,
        2.360229719999829e-11,
        5.378748002549116e-10,
        4.3364715030663747e-13
    ]
}