{
    "captions": [
        "a wooden table",
        "top",
        "a printer",
        "a close"
    ],
    "metaclip": [
        2.4254082745756023e-05,
        0.00024835800286382437,
        0.9995928406715393,
        0.00013446217053569853
    ],
    "clip": [
        3.0994415283203125e-06,
        0.00038313865661621094,
        1.0,
        1.621246337890625e-05
    ],
    "eva": [
        7.095171347150375e-13,
        1.969315155392337e-09,
        1.0,
        6.611929320027299e-12
    ]
}