{
    "captions": [
        "painting",
        "a rocky area",
        "rocks",
        "a white tiger"
    ],
    "metaclip": [
        0.0007783318869769573,
        0.00018532686226535589,
        0.004504848271608353,
        0.994531512260437
    ],
    "clip": [
        0.0021381378173828125,
        0.0007390975952148438,
        0.004390716552734375,
        0.9931640625
    ],
    "eva": [
        2.1704815408082195e-13,
        2.407286948447919e-14,
        9.429077527448038e-13,
        1.0
    ]
}