{
    "captions": [
        "a shark swimming",
        "the ocean",
        "a blue background"
    ],
    "metaclip": [
        0.9968872666358948,
        0.00304926885291934,
        6.346251029754058e-05
    ],
    "clip": [
        0.998046875,
        0.00099945068359375,
        0.0009245872497558594
    ],
    "eva": [
        1.0,
        2.303930823899236e-09,
        5.57464577971567e-12
    ]
}