{
    "captions": [
        "a blue surface",
        "that",
        "a small shark"
    ],
    "metaclip": [
        0.00017461704555898905,
        0.0004251459613442421,
        0.9994001388549805
    ],
    "clip": [
        0.0005884170532226562,
        0.0004992485046386719,
        0.9990234375
    ],
    "eva": [
        8.997922472586066e-17,
        1.683001654706473e-10,
        1.0
    ]
}