{
    "captions": [
        "arafed image",
        "the background",
        "a circle pattern",
        "a dog"
    ],
    "metaclip": [
        0.0020258885342627764,
        0.004061512649059296,
        0.3359859883785248,
        0.6579265594482422
    ],
    "clip": [
        0.00788116455078125,
        0.0012769699096679688,
        0.81640625,
        0.173828125
    ],
    "eva": [
        4.640206441308692e-08,
        3.665795702545438e-07,
        0.24945713579654694,
        0.7505425214767456
    ]
}