{
    "captions": [
        "a black and white printer",
        "a desk",
        "top"
    ],
    "metaclip": [
        0.998428463935852,
        0.001174479373730719,
        0.0003969998797401786
    ],
    "clip": [
        0.99267578125,
        0.0025005340576171875,
        0.004669189453125
    ],
    "eva": [
        1.0,
        6.26179594287457e-11,
        5.185632478976743e-10
    ]
}