{
    "captions": [
        "a man",
        "a wall",
        "squares",
        "front"
    ],
    "metaclip": [
        0.000899065809790045,
        0.005103542003780603,
        0.9932670593261719,
        0.0007303082966245711
    ],
    "clip": [
        4.279613494873047e-05,
        0.00397491455078125,
        0.99560546875,
        0.00017189979553222656
    ],
    "eva": [
        2.9613995700117357e-09,
        8.813297114329544e-08,
        0.9999998807907104,
        1.2192512277575673e-10
    ]
}