{
    "captions": [
        "the air",
        "colorful wings",
        "a flower",
        "hummingbird"
    ],
    "metaclip": [
        0.0016601673560217023,
        0.025840526446700096,
        0.001523001934401691,
        0.9709762930870056
    ],
    "clip": [
        8.827447891235352e-05,
        0.0142822265625,
        0.00010818243026733398,
        0.9853515625
    ],
    "eva": [
        6.792002290451071e-12,
        0.0002980559365823865,
        1.3384766385515778e-11,
        0.9997019171714783
    ]
}