{
    "captions": [
        "a bird",
        "a branch",
        "a tree",
        "that"
    ],
    "metaclip": [
        0.9578912258148193,
        0.030843084678053856,
        0.003215649165213108,
        0.008050029166042805
    ],
    "clip": [
        0.958984375,
        0.034912109375,
        0.004993438720703125,
        0.0015707015991210938
    ],
    "eva": [
        0.9999990463256836,
        9.77110516942048e-07,
        1.175259611851942e-10,
        2.2136569910458093e-08
    ]
}