{
    "captions": [
        "the air",
        "painting",
        "a blurry background",
        "a colorful bird"
    ],
    "metaclip": [
        0.052123457193374634,
        0.14282310009002686,
        0.02744639292359352,
        0.7776070833206177
    ],
    "clip": [
        0.0017881393432617188,
        0.322509765625,
        0.01352691650390625,
        0.662109375
    ],
    "eva": [
        1.5716125623121968e-10,
        0.0001288980565732345,
        1.654979264742451e-08,
        0.9998711347579956
    ]
}