{
    "captions": [
        "a blue background",
        "a cage",
        "a tiled floor",
        "araffes"
    ],
    "metaclip": [
        0.006995671428740025,
        0.043370407074689865,
        0.5831077694892883,
        0.36652618646621704
    ],
    "clip": [
        0.00667572021484375,
        0.0006661415100097656,
        0.99072265625,
        0.0020198822021484375
    ],
    "eva": [
        1.9885843357769772e-05,
        3.664752148324624e-05,
        0.9999369382858276,
        6.447324722103076e-06
    ]
}