{
    "captions": [
        "a desk",
        "front",
        "a tv",
        "a small printer"
    ],
    "metaclip": [
        0.014584972523152828,
        0.0036659466568380594,
        0.00038662017323076725,
        0.9813624620437622
    ],
    "clip": [
        0.0011157989501953125,
        2.1278858184814453e-05,
        8.106231689453125e-06,
        0.9990234375
    ],
    "eva": [
        1.5995248459077516e-09,
        2.1616476664210182e-10,
        6.9483954959930535e-15,
        1.0
    ]
}