{
    "captions": [
        "white background",
        "orange and blue wings"
    ],
    "metaclip": [
        0.0009067505598068237,
        0.9990932941436768
    ],
    "clip": [
        0.012237548828125,
        0.98779296875
    ],
    "eva": [
        3.980201931930161e-11,
        1.0
    ]
}