{
    "captions": [
        "a rock",
        "the background",
        "flowers",
        "squirrel"
    ],
    "metaclip": [
        0.00047859898768365383,
        0.00033234135480597615,
        0.007056232076138258,
        0.992132842540741
    ],
    "clip": [
        3.069639205932617e-05,
        0.00037670135498046875,
        0.023681640625,
        0.97607421875
    ],
    "eva": [
        1.1186406686483803e-14,
        1.0081847466245075e-12,
        1.883753810716371e-07,
        0.9999997615814209
    ]
}