{
    "captions": [
        "a white dog",
        "a pink background",
        "a close"
    ],
    "metaclip": [
        0.95475834608078,
        0.03861147537827492,
        0.006630107760429382
    ],
    "clip": [
        0.98388671875,
        0.01403045654296875,
        0.002719879150390625
    ],
    "eva": [
        0.9999991655349731,
        8.388781225221464e-07,
        1.2706842245080452e-09
    ]
}