{
    "captions": [
        "some food",
        "the grass",
        "that",
        "a squirrel"
    ],
    "metaclip": [
        0.0007886540843173862,
        0.0004185084253549576,
        0.0012342502595856786,
        0.99755859375
    ],
    "clip": [
        0.0004870891571044922,
        0.0012054443359375,
        0.0001156926155090332,
        0.998046875
    ],
    "eva": [
        1.718100379848042e-12,
        3.535040641287901e-13,
        1.4215266741501864e-09,
        1.0
    ]
}