{
    "captions": [
        "a squirrel",
        "a tree branch",
        "that"
    ],
    "metaclip": [
        0.9958834052085876,
        0.0035360862966626883,
        0.0005805272376164794
    ],
    "clip": [
        0.99609375,
        0.0038242340087890625,
        2.3305416107177734e-05
    ],
    "eva": [
        1.0,
        1.166736263158441e-09,
        6.799015572767075e-09
    ]
}