{
    "captions": [
        "a fence",
        "that",
        "a dog"
    ],
    "metaclip": [
        0.003411978716030717,
        0.015739738941192627,
        0.9808481931686401
    ],
    "clip": [
        0.0038623809814453125,
        0.021209716796875,
        0.97509765625
    ],
    "eva": [
        2.4785171603980416e-07,
        0.00037081463960930705,
        0.9996289014816284
    ]
}