{
    "captions": [
        "a white background",
        "black and white photograph",
        "arafed duck"
    ],
    "metaclip": [
        0.0005178892752155662,
        0.009933749213814735,
        0.9895484447479248
    ],
    "clip": [
        0.0030994415283203125,
        0.0075531005859375,
        0.9892578125
    ],
    "eva": [
        1.3661191622382773e-10,
        2.1240953174128663e-06,
        0.9999978542327881
    ]
}