{
    "captions": [
        "a ladybug",
        "a gray surface",
        "a close",
        "a white background"
    ],
    "metaclip": [
        0.9988111257553101,
        0.00023355422308668494,
        0.0008329145493917167,
        0.00012245624384377152
    ],
    "clip": [
        0.9951171875,
        0.00010585784912109375,
        0.0010442733764648438,
        0.0038204193115234375
    ],
    "eva": [
        1.0,
        1.1961363059157393e-14,
        1.1592727645892698e-11,
        9.790247149963987e-16
    ]
}