{
    "captions": [
        "that",
        "a rock",
        "the snow",
        "a crab"
    ],
    "metaclip": [
        0.0005329496343620121,
        0.0004346664936747402,
        0.001315671019256115,
        0.9977166652679443
    ],
    "clip": [
        0.001377105712890625,
        0.0026531219482421875,
        0.0211944580078125,
        0.974609375
    ],
    "eva": [
        6.393488516387436e-11,
        3.555001074333902e-13,
        2.092251719099103e-12,
        1.0
    ]
}