{
    "captions": [
        "large tires",
        "a beach",
        "a monster truck",
        "a painting"
    ],
    "metaclip": [
        0.008776504546403885,
        9.847650289884768e-06,
        0.9905791878700256,
        0.0006344861467368901
    ],
    "clip": [
        0.07049560546875,
        5.424022674560547e-06,
        0.92822265625,
        0.00103759765625
    ],
    "eva": [
        1.3820074400427984e-06,
        5.218254468260892e-15,
        0.9999985694885254,
        4.2008523395975494e-12
    ]
}