{
    "captions": [
        "a surfboard",
        "the water",
        "a person",
        "a shark swimming"
    ],
    "metaclip": [
        0.00029111412004567683,
        0.0013846541987732053,
        9.72617490333505e-05,
        0.9982269406318665
    ],
    "clip": [
        0.0029315948486328125,
        0.0012607574462890625,
        3.135204315185547e-05,
        0.99609375
    ],
    "eva": [
        7.697968651410037e-11,
        1.7679175901008648e-09,
        1.7072768979803365e-13,
        1.0
    ]
}