{
    "captions": [
        "a blue sky background",
        "painting",
        "a flower",
        "a hummingbird"
    ],
    "metaclip": [
        8.96839082997758e-06,
        0.011224808171391487,
        0.002176750684157014,
        0.9865895509719849
    ],
    "clip": [
        0.0011539459228515625,
        0.06298828125,
        0.0096588134765625,
        0.92578125
    ],
    "eva": [
        3.0362059048172742e-15,
        2.1302257664501667e-06,
        5.006044911937124e-09,
        0.9999978542327881
    ]
}