{
    "captions": [
        "a fish",
        "that",
        "a picture frame",
        "the floor"
    ],
    "metaclip": [
        0.9693211317062378,
        0.017349718138575554,
        0.008807497099041939,
        0.004521612543612719
    ],
    "clip": [
        0.966796875,
        0.01108551025390625,
        0.0194549560546875,
        0.0025310516357421875
    ],
    "eva": [
        0.9999445676803589,
        5.5375538067892194e-05,
        2.5473385553698158e-11,
        1.3775503307500436e-11
    ]
}