{
    "captions": [
        "a tiled floor",
        "a fish",
        "that"
    ],
    "metaclip": [
        0.05787203088402748,
        0.9390732645988464,
        0.003054693341255188
    ],
    "clip": [
        0.077880859375,
        0.91943359375,
        0.0027923583984375
    ],
    "eva": [
        6.604001896448608e-07,
        0.9999992847442627,
        1.946524008644701e-08
    ]
}