{
    "captions": [
        "a window",
        "a desk",
        "a printer",
        "a close"
    ],
    "metaclip": [
        2.0474028133321553e-05,
        0.00022242679551709443,
        0.9997168183326721,
        4.017691026092507e-05
    ],
    "clip": [
        2.7418136596679688e-06,
        0.0006666183471679688,
        0.9990234375,
        1.0848045349121094e-05
    ],
    "eva": [
        1.833487941143132e-15,
        3.164562611956967e-09,
        1.0,
        7.079949148648679e-13
    ]
}