{
    "captions": [
        "the background",
        "the ocean",
        "a sunset"
    ],
    "metaclip": [
        0.0555875301361084,
        0.9212861657142639,
        0.02312631905078888
    ],
    "clip": [
        0.235595703125,
        0.7373046875,
        0.02685546875
    ],
    "eva": [
        3.7545183317888586e-07,
        0.9969567060470581,
        0.0030429272446781397
    ]
}