{
    "captions": [
        "a tiled wall",
        "front",
        "a stick",
        "araffe chicken"
    ],
    "metaclip": [
        0.0024386688601225615,
        0.00030409274040721357,
        0.0002860508975572884,
        0.9969711303710938
    ],
    "clip": [
        0.0284423828125,
        1.5020370483398438e-05,
        7.927417755126953e-05,
        0.9716796875
    ],
    "eva": [
        0.00012085075286449865,
        4.954539690515958e-06,
        5.929157254058737e-08,
        0.9998741149902344
    ]
}