{
    "captions": [
        "pink shoes",
        "a pair",
        "a rock",
        "a close"
    ],
    "metaclip": [
        0.8965827226638794,
        0.04321536421775818,
        0.053959839046001434,
        0.006242148112505674
    ],
    "clip": [
        0.9931640625,
        0.006092071533203125,
        0.00037169456481933594,
        0.00026154518127441406
    ],
    "eva": [
        0.9999786615371704,
        2.127136758645065e-05,
        2.251578301581958e-08,
        8.690883390727322e-08
    ]
}