{
    "captions": [
        "a white tutu",
        "a ballerina",
        "photograph"
    ],
    "metaclip": [
        0.040203675627708435,
        0.9597755074501038,
        2.080142257909756e-05
    ],
    "clip": [
        0.57373046875,
        0.42626953125,
        0.00027561187744140625
    ],
    "eva": [
        0.00017318179016001523,
        0.9998268485069275,
        1.1021401569166756e-08
    ]
}