{
    "captions": [
        "a shark swimming",
        "a coral reef",
        "a fish"
    ],
    "metaclip": [
        0.9877309203147888,
        0.0067871371284127235,
        0.005481963511556387
    ],
    "clip": [
        0.9453125,
        0.044921875,
        0.0095672607421875
    ],
    "eva": [
        0.999991774559021,
        4.79090203953092e-07,
        7.735058716207277e-06
    ]
}