{
    "captions": [
        "a close",
        "a wooden surface",
        "a cutting board"
    ],
    "metaclip": [
        0.002739827148616314,
        0.12793628871440887,
        0.8693239092826843
    ],
    "clip": [
        0.00016450881958007812,
        0.3701171875,
        0.6298828125
    ],
    "eva": [
        1.317483483420645e-10,
        3.4747902191156754e-06,
        0.999996542930603
    ]
}