{
    "captions": [
        "shoes",
        "a rock",
        "a pair",
        "a picture"
    ],
    "metaclip": [
        0.5828918814659119,
        0.2516750395298004,
        0.08482121676206589,
        0.08061189204454422
    ],
    "clip": [
        0.9892578125,
        0.0008149147033691406,
        0.00102996826171875,
        0.00925445556640625
    ],
    "eva": [
        0.4991239309310913,
        0.0009665986872278154,
        0.011460687965154648,
        0.48844873905181885
    ]
}