{
    "captions": [
        "painting",
        "the air",
        "a hummingbird",
        "a full moon",
        "the background"
    ],
    "metaclip": [
        0.009476815350353718,
        0.0014752658316865563,
        0.9888153672218323,
        0.0001237433316418901,
        0.00010885041410801932
    ],
    "clip": [
        0.1400146484375,
        0.0012111663818359375,
        0.857421875,
        3.2782554626464844e-05,
        0.0014495849609375
    ],
    "eva": [
        0.00031212327303364873,
        1.224459200699357e-09,
        0.999687910079956,
        6.690432170948502e-13,
        1.1565019775172658e-11
    ]
}