{
    "captions": [
        "a road",
        "a close",
        "a yellow van"
    ],
    "metaclip": [
        1.0352960998716298e-05,
        5.713447080779588e-06,
        0.9999839067459106
    ],
    "clip": [
        6.604194641113281e-05,
        5.125999450683594e-06,
        1.0
    ],
    "eva": [
        7.557230535804038e-11,
        3.765505268704672e-11,
        1.0
    ]
}