{
    "captions": [
        "its mouth",
        "a cat",
        "a street",
        "a stick"
    ],
    "metaclip": [
        0.03200361505150795,
        0.9648669362068176,
        0.0013787776697427034,
        0.0017507447628304362
    ],
    "clip": [
        0.0218505859375,
        0.97314453125,
        0.0002665519714355469,
        0.0041351318359375
    ],
    "eva": [
        4.8042604561260305e-08,
        0.9999996423721313,
        3.714142549071653e-09,
        3.8701165294696693e-07
    ]
}