{
    "captions": [
        "the background",
        "circles",
        "a table",
        "two vases"
    ],
    "metaclip": [
        0.005309620406478643,
        0.8304017186164856,
        0.0030798849184066057,
        0.16120870411396027
    ],
    "clip": [
        0.1910400390625,
        0.60693359375,
        0.09307861328125,
        0.10882568359375
    ],
    "eva": [
        1.0050717946796794e-06,
        0.9999980926513672,
        1.785785563868103e-08,
        8.206740176319727e-07
    ]
}