{
    "captions": [
        "it",
        "a lot",
        "a factory",
        "a picture",
        "smoke"
    ],
    "metaclip": [
        0.0015115157002583146,
        0.0013946532271802425,
        0.9774836301803589,
        0.011456562206149101,
        0.00815363135188818
    ],
    "clip": [
        9.357929229736328e-05,
        0.003223419189453125,
        0.92919921875,
        0.061279296875,
        0.00588226318359375
    ],
    "eva": [
        7.150434976210818e-05,
        2.7849384423461743e-05,
        0.382148802280426,
        0.6165343523025513,
        0.0012174909934401512
    ]
}