{
    "captions": [
        "a crab",
        "a blue sky",
        "a close",
        "a beach"
    ],
    "metaclip": [
        0.9992334842681885,
        4.249321864335798e-05,
        0.0003758722741622478,
        0.00034815719118341804
    ],
    "clip": [
        0.9931640625,
        0.0007510185241699219,
        0.00336456298828125,
        0.002620697021484375
    ],
    "eva": [
        1.0,
        5.221937853897754e-18,
        2.3229940106922475e-12,
        8.00605241824126e-12
    ]
}