{
    "captions": [
        "corals",
        "a shark swimming",
        "the ocean"
    ],
    "metaclip": [
        0.019941799342632294,
        0.9721054434776306,
        0.007952705025672913
    ],
    "clip": [
        0.0938720703125,
        0.890625,
        0.01531982421875
    ],
    "eva": [
        6.791513129655868e-08,
        0.9999998807907104,
        4.9051408268496743e-08
    ]
}