{
    "captions": [
        "a picture",
        "a teddy bear",
        "a circle",
        "that"
    ],
    "metaclip": [
        0.0967688262462616,
        0.34024128317832947,
        0.5289617776870728,
        0.0340280681848526
    ],
    "clip": [
        0.427490234375,
        0.07196044921875,
        0.38916015625,
        0.11151123046875
    ],
    "eva": [
        0.9062967300415039,
        6.901694291627791e-07,
        0.08960280567407608,
        0.004099849611520767
    ]
}