{
    "captions": [
        "a penguin",
        "a white surface",
        "a close"
    ],
    "metaclip": [
        0.9995548129081726,
        6.365795707097277e-05,
        0.0003814839292317629
    ],
    "clip": [
        0.99951171875,
        0.0002377033233642578,
        0.0003027915954589844
    ],
    "eva": [
        1.0,
        1.0087018568506745e-13,
        4.605355680142864e-11
    ]
}