{
    "captions": [
        "a table",
        "a window",
        "a white camera"
    ],
    "metaclip": [
        4.0408009226666763e-05,
        0.00015670173161197454,
        0.9998028874397278
    ],
    "clip": [
        5.429983139038086e-05,
        0.0013256072998046875,
        0.9990234375
    ],
    "eva": [
        4.371572825956349e-10,
        1.345486907666782e-05,
        0.9999865293502808
    ]
}