{
    "captions": [
        "a duck",
        "a long neck",
        "painting",
        "a long beak"
    ],
    "metaclip": [
        0.99674391746521,
        0.00014001700037624687,
        0.00024132807448040694,
        0.002874690108001232
    ],
    "clip": [
        0.97314453125,
        0.00121307373046875,
        0.003917694091796875,
        0.0218505859375
    ],
    "eva": [
        1.0,
        3.157202364129086e-12,
        1.3009805906183391e-12,
        5.520353063559469e-09
    ]
}