{
    "captions": [
        "a blurry background",
        "a green plant",
        "a close"
    ],
    "metaclip": [
        0.0797085240483284,
        0.9121496677398682,
        0.008141852915287018
    ],
    "clip": [
        0.01296234130859375,
        0.98291015625,
        0.00434112548828125
    ],
    "eva": [
        5.556022308894626e-10,
        1.0,
        2.879245453168977e-10
    ]
}