{
    "captions": [
        "a hummingbird",
        "the background",
        "painting",
        "a blue sky",
        "the air"
    ],
    "metaclip": [
        0.9965242743492126,
        7.893565634731203e-05,
        0.002851157682016492,
        3.896382622770034e-05,
        0.000506717013195157
    ],
    "clip": [
        0.98095703125,
        0.00036716461181640625,
        0.018829345703125,
        2.3484230041503906e-05,
        3.0159950256347656e-05
    ],
    "eva": [
        1.0,
        5.67826188358541e-14,
        3.451551933153496e-09,
        1.806775147788868e-14,
        4.1567782744535153e-14
    ]
}