{
    "captions": [
        "painting",
        "a tree",
        "it",
        "a bird"
    ],
    "metaclip": [
        0.010117940604686737,
        0.9857702255249023,
        0.002267963020130992,
        0.0018438550177961588
    ],
    "clip": [
        0.072021484375,
        0.9052734375,
        0.006649017333984375,
        0.016326904296875
    ],
    "eva": [
        1.0548250273245685e-08,
        1.0,
        2.082238159673011e-09,
        1.6618655063194154e-10
    ]
}