{
    "captions": [
        "a bird",
        "a branch",
        "a flower",
        "its beak"
    ],
    "metaclip": [
        0.9399890303611755,
        0.021008171141147614,
        0.004867997486144304,
        0.03413476422429085
    ],
    "clip": [
        0.76953125,
        0.0863037109375,
        0.002094268798828125,
        0.142333984375
    ],
    "eva": [
        0.9997856020927429,
        1.6752830561017618e-05,
        1.920437284752552e-07,
        0.00019737596448976547
    ]
}