{
    "captions": [
        "a painting",
        "the grass",
        "flowers",
        "a rabbit"
    ],
    "metaclip": [
        0.00846280250698328,
        0.0019894607830792665,
        0.0002505346783436835,
        0.9892972111701965
    ],
    "clip": [
        0.07452392578125,
        0.0028896331787109375,
        0.0006151199340820312,
        0.921875
    ],
    "eva": [
        4.589637558893855e-09,
        1.304098024229941e-13,
        1.219751974120345e-13,
        1.0
    ]
}