{
    "captions": [
        "arafed crab",
        "ice",
        "a white background"
    ],
    "metaclip": [
        0.8590142130851746,
        0.13717998564243317,
        0.0038057679776102304
    ],
    "clip": [
        0.490478515625,
        0.342529296875,
        0.1668701171875
    ],
    "eva": [
        0.9852914810180664,
        0.01470858883112669,
        1.0172028497290597e-10
    ]
}