{
    "captions": [
        "a purple surface",
        "araffe",
        "a white background"
    ],
    "metaclip": [
        0.34550538659095764,
        0.562693178653717,
        0.09180143475532532
    ],
    "clip": [
        0.053802490234375,
        0.2264404296875,
        0.7197265625
    ],
    "eva": [
        3.580717589102278e-08,
        0.9886449575424194,
        0.011354983784258366
    ]
}