{
    "captions": [
        "arafed photo",
        "a track",
        "a white race car"
    ],
    "metaclip": [
        0.00010224754805676639,
        0.01616670750081539,
        0.9837310314178467
    ],
    "clip": [
        0.0528564453125,
        0.08056640625,
        0.8662109375
    ],
    "eva": [
        3.999348408001424e-09,
        0.00013622765254694968,
        0.9998637437820435
    ]
}