{
    "captions": [
        "a crab",
        "that",
        "the beach"
    ],
    "metaclip": [
        0.9995138645172119,
        0.0003759806277230382,
        0.00011024910781998187
    ],
    "clip": [
        0.9921875,
        0.0006518363952636719,
        0.00711822509765625
    ],
    "eva": [
        1.0,
        2.1521843335259305e-11,
        5.9449557974458785e-15
    ]
}