{
    "captions": [
        "painting",
        "a tutu",
        "a pedestal",
        "a ballerina"
    ],
    "metaclip": [
        0.00021917511185165495,
        0.14658606052398682,
        0.003060221439227462,
        0.8501344919204712
    ],
    "clip": [
        0.0001838207244873047,
        0.127197265625,
        0.056427001953125,
        0.81640625
    ],
    "eva": [
        2.7920988004276337e-12,
        0.00042193831177428365,
        4.698260003266341e-09,
        0.999578058719635
    ]
}