{
    "captions": [
        "painting",
        "a white dress",
        "a woman"
    ],
    "metaclip": [
        0.09256961196660995,
        0.13144329190254211,
        0.7759870886802673
    ],
    "clip": [
        0.70068359375,
        0.251708984375,
        0.04766845703125
    ],
    "eva": [
        0.13334819674491882,
        0.041127268224954605,
        0.8255245089530945
    ]
}