{
    "captions": [
        "the ground",
        "a nut",
        "a field",
        "squirrel",
        "flowers"
    ],
    "metaclip": [
        0.00025479370378889143,
        0.014261874370276928,
        0.0009087415528483689,
        0.9837216734886169,
        0.0008529577171429992
    ],
    "clip": [
        0.0003962516784667969,
        0.00033354759216308594,
        0.00063323974609375,
        0.99462890625,
        0.00412750244140625
    ],
    "eva": [
        1.2966715375040128e-12,
        0.00020310176478233188,
        4.620489104170677e-13,
        0.9997969269752502,
        5.779826839358293e-09
    ]
}