{
    "captions": [
        "a flower",
        "painting",
        "it",
        "a green vase"
    ],
    "metaclip": [
        0.038203053176403046,
        0.0033721711952239275,
        0.016439300030469894,
        0.9419854879379272
    ],
    "clip": [
        0.0163116455078125,
        0.005214691162109375,
        0.00010567903518676758,
        0.97802734375
    ],
    "eva": [
        6.910855177011399e-07,
        4.225245847644388e-11,
        7.700985804603988e-08,
        0.9999992847442627
    ]
}