{
    "captions": [
        "the woods",
        "that",
        "a bear"
    ],
    "metaclip": [
        0.002641055267304182,
        0.0006415549432858825,
        0.9967173933982849
    ],
    "clip": [
        0.00618743896484375,
        0.0005984306335449219,
        0.9931640625
    ],
    "eva": [
        1.1586223536141915e-08,
        4.292286664986378e-11,
        1.0
    ]
}