{
    "captions": [
        "circles",
        "a motorcycle",
        "the background",
        "arafed image"
    ],
    "metaclip": [
        0.3799235224723816,
        0.6165803074836731,
        0.0010681552812457085,
        0.002428055042400956
    ],
    "clip": [
        0.0099029541015625,
        0.96435546875,
        0.0009508132934570312,
        0.02490234375
    ],
    "eva": [
        0.00028634912450797856,
        0.9997135996818542,
        3.3635658147623815e-10,
        1.1744611949637829e-09
    ]
}