{
    "captions": [
        "a picture",
        "a printer",
        "a close",
        "the background",
        "a mountain"
    ],
    "metaclip": [
        0.0015159297036007047,
        0.9967851638793945,
        0.00045635385322384536,
        0.0003697153297252953,
        0.0008728978573344648
    ],
    "clip": [
        0.0005884170532226562,
        0.9990234375,
        5.7816505432128906e-05,
        4.869699478149414e-05,
        4.982948303222656e-05
    ],
    "eva": [
        5.406158379628323e-05,
        0.999945878982544,
        1.450637943101185e-10,
        2.2855697369428274e-12,
        7.82791886866363e-11
    ]
}