{
    "captions": [
        "a blue sky",
        "the ocean",
        "a close",
        "a shark swimming"
    ],
    "metaclip": [
        0.0001609357859706506,
        0.0028099126648157835,
        0.00027433966170065105,
        0.9967548251152039
    ],
    "clip": [
        7.402896881103516e-05,
        0.0016984939575195312,
        0.0006651878356933594,
        0.9970703125
    ],
    "eva": [
        6.165869952199504e-14,
        6.059774348976532e-10,
        3.511798490896112e-11,
        1.0
    ]
}