{
    "captions": [
        "the floor",
        "a small white mouse",
        "a white mouse",
        "its mouth"
    ],
    "metaclip": [
        4.59868970210664e-05,
        0.6288338899612427,
        0.3707541525363922,
        0.0003659584908746183
    ],
    "clip": [
        0.00043129920959472656,
        0.3251953125,
        0.6669921875,
        0.007297515869140625
    ],
    "eva": [
        6.065673874297377e-16,
        0.1702340692281723,
        0.8297659158706665,
        4.876144518543846e-13
    ]
}