{
    "captions": [
        "that",
        "a small squirrel",
        "a tree"
    ],
    "metaclip": [
        0.0006763690616935492,
        0.996575653553009,
        0.0027479371055960655
    ],
    "clip": [
        3.5881996154785156e-05,
        0.99951171875,
        0.0004305839538574219
    ],
    "eva": [
        4.613291793020835e-08,
        0.9999997615814209,
        1.4245978263716097e-07
    ]
}