{
    "captions": [
        "barrels",
        "the back",
        "truck",
        "a large load"
    ],
    "metaclip": [
        0.0021912469528615475,
        0.00017011493036989123,
        0.6948968172073364,
        0.3027418255805969
    ],
    "clip": [
        6.496906280517578e-05,
        1.329183578491211e-05,
        0.953125,
        0.046722412109375
    ],
    "eva": [
        1.5153683700658976e-13,
        4.740006113713958e-15,
        0.9999852180480957,
        1.4750849004485644e-05
    ]
}