{
    "captions": [
        "a duck",
        "painting",
        "a rainbow background"
    ],
    "metaclip": [
        0.9987648725509644,
        0.0002059272665064782,
        0.001029165112413466
    ],
    "clip": [
        0.89501953125,
        0.0158843994140625,
        0.088623046875
    ],
    "eva": [
        1.0,
        1.3285678113206245e-11,
        2.110143865197145e-10
    ]
}