{
    "captions": [
        "a killer whale",
        "painting",
        "the water"
    ],
    "metaclip": [
        0.9997060894966125,
        0.00010766743071144447,
        0.00018629682017490268
    ],
    "clip": [
        0.9990234375,
        0.0004954338073730469,
        0.00017940998077392578
    ],
    "eva": [
        1.0,
        1.1625980126522828e-12,
        2.0681520732090952e-12
    ]
}