{
    "captions": [
        "a dog",
        "arafed image",
        "a large smile",
        "his face"
    ],
    "metaclip": [
        0.9132465720176697,
        0.015519430860877037,
        0.04212259128689766,
        0.029111424461007118
    ],
    "clip": [
        0.295166015625,
        0.67578125,
        0.019317626953125,
        0.0095672607421875
    ],
    "eva": [
        0.9999099969863892,
        2.549124474171549e-05,
        5.469904408528237e-06,
        5.906736623728648e-05
    ]
}