{
    "captions": [
        "that",
        "a cat",
        "a wooden table"
    ],
    "metaclip": [
        0.05900057405233383,
        0.006133915390819311,
        0.9348654747009277
    ],
    "clip": [
        0.00029540061950683594,
        0.0017004013061523438,
        0.998046875
    ],
    "eva": [
        5.944705350202639e-08,
        2.3517404912354323e-08,
        1.0
    ]
}