{
    "captions": [
        "the grass",
        "that",
        "a giraffe"
    ],
    "metaclip": [
        9.258663340006024e-05,
        0.00043453805847093463,
        0.9994729161262512
    ],
    "clip": [
        0.019683837890625,
        0.0171051025390625,
        0.96337890625
    ],
    "eva": [
        5.219199841733323e-14,
        1.4753415200630116e-07,
        0.9999998807907104
    ]
}