{
    "captions": [
        "a blue and white tile background",
        "a golden duck",
        "a close"
    ],
    "metaclip": [
        0.0007737359264865518,
        0.9989895224571228,
        0.0002366765693295747
    ],
    "clip": [
        0.0001252889633178711,
        1.0,
        3.814697265625e-06
    ],
    "eva": [
        1.470485381680972e-13,
        1.0,
        5.538253015913153e-12
    ]
}