{
    "captions": [
        "arafed bird",
        "long beak",
        "a wall",
        "front"
    ],
    "metaclip": [
        0.7284134030342102,
        0.2665359377861023,
        0.0017645247280597687,
        0.0032861949875950813
    ],
    "clip": [
        0.88623046875,
        0.1058349609375,
        0.006256103515625,
        0.0016584396362304688
    ],
    "eva": [
        0.4300251007080078,
        0.22707024216651917,
        2.2108111807028763e-05,
        0.34288254380226135
    ]
}