{
    "captions": [
        "a white truck",
        "painting",
        "a mountain",
        "a road",
        "the background"
    ],
    "metaclip": [
        0.9942149519920349,
        0.004019530955702066,
        0.0010391302639618516,
        0.0005759577034041286,
        0.00015034558600746095
    ],
    "clip": [
        0.9951171875,
        0.0009360313415527344,
        0.0014505386352539062,
        0.001861572265625,
        0.0007762908935546875
    ],
    "eva": [
        0.9999997615814209,
        1.5107252693269402e-07,
        1.9672366166623156e-11,
        3.586221097862108e-08,
        1.2862882980968493e-10
    ]
}