{
    "captions": [
        "a bridle",
        "a white face",
        "a brown horse"
    ],
    "metaclip": [
        0.09642565250396729,
        0.013277867808938026,
        0.890296459197998
    ],
    "clip": [
        0.14013671875,
        0.0014619827270507812,
        0.8583984375
    ],
    "eva": [
        0.21383917331695557,
        2.0281127888210904e-09,
        0.7861608266830444
    ]
}