{
    "captions": [
        "painting",
        "the water",
        "a black and white whale"
    ],
    "metaclip": [
        0.03340832516551018,
        0.015489918179810047,
        0.9511017203330994
    ],
    "clip": [
        0.140625,
        0.07525634765625,
        0.7841796875
    ],
    "eva": [
        2.433006613955513e-07,
        2.0714316928405196e-09,
        0.9999997615814209
    ]
}