{
    "captions": [
        "a long beak",
        "a nose",
        "arafed duck"
    ],
    "metaclip": [
        0.006130108144134283,
        0.005466976203024387,
        0.9884030222892761
    ],
    "clip": [
        0.024017333984375,
        0.0014200210571289062,
        0.974609375
    ],
    "eva": [
        6.988072072999785e-06,
        1.8091071979142725e-05,
        0.9999748468399048
    ]
}