{
    "captions": [
        "a butterfly",
        "a close",
        "a blue background"
    ],
    "metaclip": [
        0.9946894645690918,
        0.004917494487017393,
        0.00039313267916440964
    ],
    "clip": [
        0.990234375,
        0.001987457275390625,
        0.00804901123046875
    ],
    "eva": [
        1.0,
        9.324920176301266e-12,
        4.391822802239827e-14
    ]
}