{
    "captions": [
        "a window",
        "a desk",
        "a white printer"
    ],
    "metaclip": [
        6.718107033520937e-05,
        0.0004124124243389815,
        0.9995204210281372
    ],
    "clip": [
        7.152557373046875e-07,
        5.829334259033203e-05,
        1.0
    ],
    "eva": [
        6.604101484527006e-16,
        3.6607186726378416e-10,
        1.0
    ]
}