{
    "captions": [
        "a bear",
        "a tree branch",
        "that"
    ],
    "metaclip": [
        0.999221682548523,
        0.00018353870837017894,
        0.0005947822355665267
    ],
    "clip": [
        0.99853515625,
        0.0008821487426757812,
        0.0007910728454589844
    ],
    "eva": [
        1.0,
        2.4202736152435745e-15,
        1.2756119771584196e-10
    ]
}