{
    "captions": [
        "tusks",
        "a field",
        "painting",
        "an elephant"
    ],
    "metaclip": [
        0.5618736743927002,
        0.00015102021279744804,
        0.0022200089879333973,
        0.43575531244277954
    ],
    "clip": [
        0.1251220703125,
        4.887580871582031e-06,
        0.006229400634765625,
        0.86865234375
    ],
    "eva": [
        0.0002626095956657082,
        2.0167821948059717e-13,
        3.846031493281998e-09,
        0.9997373223304749
    ]
}