{
    "captions": [
        "a close",
        "a shark swimming",
        "the ocean",
        "its mouth"
    ],
    "metaclip": [
        0.00025165596161969006,
        0.991897463798523,
        0.0021109390072524548,
        0.005739890038967133
    ],
    "clip": [
        0.0013570785522460938,
        0.9912109375,
        0.0007853507995605469,
        0.00678253173828125
    ],
    "eva": [
        3.8086073184118163e-10,
        0.9999998807907104,
        1.0937076244665889e-10,
        1.1255276177735141e-07
    ]
}