{
    "captions": [
        "a snowy surface",
        "a small yellow bird"
    ],
    "metaclip": [
        0.00930282473564148,
        0.9906971454620361
    ],
    "clip": [
        0.0001647472381591797,
        1.0
    ],
    "eva": [
        3.51606513504521e-06,
        0.999996542930603
    ]
}