{
    "captions": [
        "a small stuffed koala",
        "the grass"
    ],
    "metaclip": [
        0.9977647066116333,
        0.0022352938540279865
    ],
    "clip": [
        0.9990234375,
        0.0009255409240722656
    ],
    "eva": [
        1.0,
        5.111860240658572e-11
    ]
}