{
    "captions": [
        "a tree branch",
        "that",
        "a bird"
    ],
    "metaclip": [
        0.008091791532933712,
        0.023221220821142197,
        0.9686870574951172
    ],
    "clip": [
        0.0096893310546875,
        0.0016450881958007812,
        0.98828125
    ],
    "eva": [
        1.7835481980199575e-09,
        4.450646073905773e-08,
        1.0
    ]
}