{
    "captions": [
        "painting",
        "a piece",
        "a bird",
        "snow"
    ],
    "metaclip": [
        0.0006021664594300091,
        0.0035153361968696117,
        0.9651704430580139,
        0.030712010338902473
    ],
    "clip": [
        0.0039825439453125,
        0.0013761520385742188,
        0.88720703125,
        0.10760498046875
    ],
    "eva": [
        2.438401036641835e-09,
        5.450330036183004e-07,
        0.9994538426399231,
        0.0005455923965200782
    ]
}