{
    "captions": [
        "a camera",
        "a window",
        "a close",
        "a wall"
    ],
    "metaclip": [
        0.9842670559883118,
        0.00025679575628601015,
        0.004538108594715595,
        0.010938014835119247
    ],
    "clip": [
        0.96435546875,
        0.00505828857421875,
        0.021636962890625,
        0.00937652587890625
    ],
    "eva": [
        0.9999291896820068,
        2.443460687118204e-07,
        1.1173016218890552e-06,
        6.94864138495177e-05
    ]
}