{
    "captions": [
        "front",
        "a man",
        "a construction machine"
    ],
    "metaclip": [
        0.00022896079462952912,
        0.00022073695436120033,
        0.9995501637458801
    ],
    "clip": [
        6.496906280517578e-06,
        2.6881694793701172e-05,
        1.0
    ],
    "eva": [
        1.1314408437934631e-10,
        2.5927890043297985e-11,
        1.0
    ]
}