{
    "captions": [
        "painting",
        "a squirrel",
        "a rock",
        "a field"
    ],
    "metaclip": [
        0.0037909129168838263,
        0.9941494464874268,
        0.0010400632163509727,
        0.001019580871798098
    ],
    "clip": [
        0.03729248046875,
        0.9619140625,
        0.00016224384307861328,
        0.0008111000061035156
    ],
    "eva": [
        5.294291440804955e-06,
        0.9999947547912598,
        6.640198946250564e-10,
        4.812927278941004e-10
    ]
}