{
    "captions": [
        "a green background",
        "painting",
        "a tree branch",
        "a squirrel"
    ],
    "metaclip": [
        8.09171688160859e-05,
        0.00483236089348793,
        0.0004582582332659513,
        0.9946284890174866
    ],
    "clip": [
        0.03289794921875,
        0.01482391357421875,
        0.005626678466796875,
        0.9462890625
    ],
    "eva": [
        2.5801345668953523e-15,
        3.502859868831365e-08,
        1.9903720598762886e-12,
        1.0
    ]
}