{
    "captions": [
        "the grass",
        "front",
        "a forest",
        "a rabbit",
        "painting"
    ],
    "metaclip": [
        0.0006548495730385184,
        6.281308742472902e-05,
        0.0012910410296171904,
        0.995314359664917,
        0.0026770259719341993
    ],
    "clip": [
        0.0038776397705078125,
        0.00047779083251953125,
        0.0016946792602539062,
        0.97900390625,
        0.01486968994140625
    ],
    "eva": [
        1.3752493339003885e-13,
        1.8849867847170465e-11,
        7.369970606019294e-11,
        1.0,
        1.6006541647684003e-09
    ]
}