{
    "captions": [
        "a bathroom",
        "a tile wall",
        "a shark",
        "that"
    ],
    "metaclip": [
        0.00023201180738396943,
        0.33007168769836426,
        0.6688979864120483,
        0.0007983538671396673
    ],
    "clip": [
        0.002765655517578125,
        0.114013671875,
        0.8828125,
        0.0003571510314941406
    ],
    "eva": [
        5.109621059595781e-12,
        6.088104669288441e-07,
        0.9999972581863403,
        2.111451067321468e-06
    ]
}