{
    "captions": [
        "a grassy field",
        "a small brown animal"
    ],
    "metaclip": [
        0.02010669745504856,
        0.9798933267593384
    ],
    "clip": [
        0.00475311279296875,
        0.9951171875
    ],
    "eva": [
        5.2804463024358483e-08,
        1.0
    ]
}