{
    "captions": [
        "painting",
        "a forest background",
        "a bear",
        "the woods"
    ],
    "metaclip": [
        0.001824952894821763,
        0.0008597003179602325,
        0.9897992610931396,
        0.007515997625887394
    ],
    "clip": [
        0.0097198486328125,
        0.04156494140625,
        0.9169921875,
        0.0318603515625
    ],
    "eva": [
        7.022425974057001e-10,
        4.040464407495392e-09,
        1.0,
        1.5832537059168317e-08
    ]
}