{
    "captions": [
        "the grass",
        "that",
        "a squirrel"
    ],
    "metaclip": [
        0.0008126665488816798,
        0.0006902420427650213,
        0.9984971284866333
    ],
    "clip": [
        0.0025501251220703125,
        6.955862045288086e-05,
        0.9970703125
    ],
    "eva": [
        2.165407020360277e-10,
        7.970312604355101e-11,
        1.0
    ]
}