{
    "captions": [
        "that",
        "the snow",
        "a branch",
        "a bird"
    ],
    "metaclip": [
        0.005198651924729347,
        0.023649848997592926,
        0.01546451635658741,
        0.9556870460510254
    ],
    "clip": [
        0.0013742446899414062,
        0.074462890625,
        0.002841949462890625,
        0.92138671875
    ],
    "eva": [
        1.3337213431441342e-06,
        1.6609452586635598e-06,
        3.3052540260314345e-08,
        0.9999970197677612
    ]
}