{
    "captions": [
        "a bear",
        "that",
        "a sign",
        "the woods"
    ],
    "metaclip": [
        0.9929108023643494,
        0.000968006846960634,
        0.0002982124569825828,
        0.00582302687689662
    ],
    "clip": [
        0.94580078125,
        0.0011882781982421875,
        0.00188446044921875,
        0.050933837890625
    ],
    "eva": [
        1.0,
        2.7184117804002206e-11,
        5.5817217167741795e-12,
        3.0842004505871046e-09
    ]
}