{
    "captions": [
        "pencils",
        "the table",
        "a holder",
        "many pens"
    ],
    "metaclip": [
        0.00792794767767191,
        0.0013615163043141365,
        0.3176516890525818,
        0.6730588674545288
    ],
    "clip": [
        0.1778564453125,
        0.0070037841796875,
        0.2841796875,
        0.53076171875
    ],
    "eva": [
        8.266264921985567e-05,
        1.6284965340673807e-06,
        0.9977868795394897,
        0.0021287447307258844
    ]
}