{
    "captions": [
        "the ocean",
        "a big smile",
        "its face",
        "arafed shark swimming"
    ],
    "metaclip": [
        0.0025980519130825996,
        0.004845807794481516,
        0.004016044549643993,
        0.9885401129722595
    ],
    "clip": [
        0.002147674560546875,
        0.034149169921875,
        0.0117950439453125,
        0.9521484375
    ],
    "eva": [
        2.276314206572927e-11,
        3.016177529957531e-08,
        3.961869055046918e-09,
        1.0
    ]
}