{
    "captions": [
        "a black background",
        "a table",
        "a printer",
        "a close"
    ],
    "metaclip": [
        9.720242087496445e-05,
        6.391869828803465e-05,
        0.9996254444122314,
        0.0002133805537596345
    ],
    "clip": [
        6.920099258422852e-05,
        3.8504600524902344e-05,
        1.0,
        4.1961669921875e-05
    ],
    "eva": [
        1.3538389117387947e-15,
        1.6799277897591725e-12,
        1.0,
        3.5158166525675605e-13
    ]
}