{
    "captions": [
        "a close",
        "a bunch",
        "a table",
        "bananas"
    ],
    "metaclip": [
        0.12812240421772003,
        0.2870595455169678,
        0.02441079169511795,
        0.5604072213172913
    ],
    "clip": [
        0.29833984375,
        0.12152099609375,
        0.07257080078125,
        0.5078125
    ],
    "eva": [
        0.05943690612912178,
        0.9403558373451233,
        2.3695125491940416e-05,
        0.00018351913604419678
    ]
}