{
    "captions": [
        "painting",
        "a tree",
        "the grass",
        "a rabbit"
    ],
    "metaclip": [
        0.006997452583163977,
        0.000321546831401065,
        0.004027238115668297,
        0.988653838634491
    ],
    "clip": [
        0.023101806640625,
        0.0006108283996582031,
        0.0089111328125,
        0.96728515625
    ],
    "eva": [
        3.718170216160388e-09,
        2.563274896158485e-12,
        5.3814442485533576e-11,
        1.0
    ]
}