{
    "captions": [
        "a sky background",
        "a parking lot",
        "arafed van"
    ],
    "metaclip": [
        0.00041473444434814155,
        0.00032094132620841265,
        0.9992642998695374
    ],
    "clip": [
        0.0005612373352050781,
        0.00017118453979492188,
        0.9990234375
    ],
    "eva": [
        3.850367647828534e-06,
        0.02492344006896019,
        0.9750726819038391
    ]
}