{
    "captions": [
        "a man",
        "arafed race car",
        "a track",
        "the back"
    ],
    "metaclip": [
        0.10173160582780838,
        0.6539500951766968,
        0.15399017930030823,
        0.090328149497509
    ],
    "clip": [
        0.004425048828125,
        0.4619140625,
        0.53173828125,
        0.0019178390502929688
    ],
    "eva": [
        2.238168781332206e-05,
        0.9981080293655396,
        0.0018533087568357587,
        1.6357278582290746e-05
    ]
}