{
    "captions": [
        "the ocean",
        "sponges",
        "corals",
        "arafed shark swimming"
    ],
    "metaclip": [
        0.005431280005723238,
        4.577361687552184e-05,
        0.0023433230817317963,
        0.9921796321868896
    ],
    "clip": [
        0.0019216537475585938,
        0.0009217262268066406,
        0.0018911361694335938,
        0.9951171875
    ],
    "eva": [
        1.0246863357821212e-09,
        8.77451647395656e-16,
        7.337976754007158e-11,
        1.0
    ]
}