{
    "captions": [
        "a dolphin",
        "that",
        "the water"
    ],
    "metaclip": [
        0.9973980188369751,
        0.0006085112108848989,
        0.00199342449195683
    ],
    "clip": [
        0.99755859375,
        0.0006756782531738281,
        0.0019550323486328125
    ],
    "eva": [
        1.0,
        5.09458111253025e-08,
        5.333339325730435e-10
    ]
}