{
    "captions": [
        "a hummingbird",
        "a blue sky",
        "painting",
        "flight",
        "the background"
    ],
    "metaclip": [
        0.9768226146697998,
        0.00019151098967995495,
        0.011543452739715576,
        0.011347376741468906,
        9.505449997959659e-05
    ],
    "clip": [
        0.81201171875,
        0.0009002685546875,
        0.10162353515625,
        0.07794189453125,
        0.00736236572265625
    ],
    "eva": [
        0.9999438524246216,
        3.445664933932058e-11,
        3.256804120610468e-05,
        2.3576973035233095e-05,
        2.707370785892671e-12
    ]
}