{
    "captions": [
        "a stand",
        "a television",
        "a living room"
    ],
    "metaclip": [
        0.0013987614074721932,
        0.993767499923706,
        0.004833743441849947
    ],
    "clip": [
        0.00010877847671508789,
        0.9912109375,
        0.0089874267578125
    ],
    "eva": [
        8.540325779904379e-07,
        0.9993181228637695,
        0.0006810211925767362
    ]
}