{
    "captions": [
        "a shirt",
        "arafed image",
        "a man",
        "a mustache"
    ],
    "metaclip": [
        0.026384886354207993,
        0.49063393473625183,
        0.4631603956222534,
        0.019820818677544594
    ],
    "clip": [
        0.01296234130859375,
        0.9375,
        0.03607177734375,
        0.0128631591796875
    ],
    "eva": [
        0.0007624136633239686,
        0.6534777879714966,
        0.34476470947265625,
        0.0009950712556019425
    ]
}