{
    "captions": [
        "a flower pot",
        "a squirrel",
        "that"
    ],
    "metaclip": [
        0.0005178874707780778,
        0.9984365105628967,
        0.00104557687882334
    ],
    "clip": [
        0.0078125,
        0.9921875,
        8.821487426757812e-05
    ],
    "eva": [
        2.7633374699576052e-08,
        1.0,
        1.0177021891877303e-08
    ]
}