{
    "captions": [
        "a shark swimming",
        "a fish",
        "a close",
        "the background",
        "the ocean"
    ],
    "metaclip": [
        0.9855469465255737,
        0.011196576058864594,
        0.0003537580487318337,
        3.124946670141071e-05,
        0.002871511969715357
    ],
    "clip": [
        0.9931640625,
        0.004528045654296875,
        0.0007276535034179688,
        0.00018548965454101562,
        0.0018291473388671875
    ],
    "eva": [
        0.9999997615814209,
        2.427370020541275e-07,
        7.175208777826514e-12,
        8.920213234785233e-15,
        1.1188711068754742e-10
    ]
}