{
    "captions": [
        "a tree trunk",
        "squirrel",
        "its mouth",
        "a nut"
    ],
    "metaclip": [
        0.002813284285366535,
        0.9704495072364807,
        0.0001141696993727237,
        0.026623057201504707
    ],
    "clip": [
        0.00331878662109375,
        0.9951171875,
        0.0003445148468017578,
        0.001361846923828125
    ],
    "eva": [
        5.226594979035326e-08,
        0.9999135732650757,
        7.828986482542877e-13,
        8.644472109153867e-05
    ]
}