{
    "captions": [
        "arafed factory",
        "smoke stacks",
        "a sky background"
    ],
    "metaclip": [
        0.17353442311286926,
        0.8205699920654297,
        0.005895610433071852
    ],
    "clip": [
        0.0316162109375,
        0.96826171875,
        0.0002651214599609375
    ],
    "eva": [
        5.000809437660791e-07,
        0.9999995231628418,
        1.3927786468624984e-14
    ]
}