{
    "captions": [
        "a white face",
        "arafed image",
        "a dog",
        "a black nose"
    ],
    "metaclip": [
        0.3648061156272888,
        0.01290273666381836,
        0.5940279364585876,
        0.028263181447982788
    ],
    "clip": [
        0.1734619140625,
        0.37890625,
        0.4228515625,
        0.0246124267578125
    ],
    "eva": [
        0.9075925946235657,
        4.4546548451762646e-05,
        0.0920124426484108,
        0.00035033628228120506
    ]
}