{
    "captions": [
        "that",
        "a bicycle",
        "the ground",
        "a picture"
    ],
    "metaclip": [
        0.0005022792611271143,
        0.9965282082557678,
        0.00026308707310818136,
        0.002706350991502404
    ],
    "clip": [
        7.43865966796875e-05,
        0.99365234375,
        0.00010007619857788086,
        0.00600433349609375
    ],
    "eva": [
        9.85070445352898e-12,
        0.9999971389770508,
        3.4002819472499723e-16,
        2.8425954496924533e-06
    ]
}