{
    "captions": [
        "pair",
        "the background",
        "colorful shoes",
        "a rock",
        "a mountain"
    ],
    "metaclip": [
        0.06782664358615875,
        0.0009679897921159863,
        0.45890673995018005,
        0.32558125257492065,
        0.1467173844575882
    ],
    "clip": [
        0.003871917724609375,
        0.0008373260498046875,
        0.9931640625,
        0.0002084970474243164,
        0.002040863037109375
    ],
    "eva": [
        5.056284862803295e-06,
        4.793653807233511e-10,
        0.9999914169311523,
        5.018713977733569e-07,
        3.0026028525753645e-06
    ]
}