{
    "captions": [
        "painting",
        "a colorful background",
        "a rabbit"
    ],
    "metaclip": [
        0.005846107844263315,
        0.0018223775550723076,
        0.9923315048217773
    ],
    "clip": [
        0.011505126953125,
        0.030792236328125,
        0.95751953125
    ],
    "eva": [
        5.6082494204190425e-09,
        1.1885061511340833e-11,
        1.0
    ]
}