{
    "captions": [
        "a tree branch",
        "that",
        "a squirrel"
    ],
    "metaclip": [
        0.0027168337255716324,
        0.0006469375221058726,
        0.9966362714767456
    ],
    "clip": [
        0.00034618377685546875,
        4.267692565917969e-05,
        1.0
    ],
    "eva": [
        1.864004228746552e-10,
        2.0279435075654106e-10,
        1.0
    ]
}