{
    "captions": [
        "a duck",
        "a white surface",
        "a close"
    ],
    "metaclip": [
        0.9994100332260132,
        0.00014056031068321317,
        0.00044937277561984956
    ],
    "clip": [
        0.9990234375,
        9.381771087646484e-05,
        0.0010986328125
    ],
    "eva": [
        1.0,
        7.445929520199547e-15,
        1.3017531497183654e-11
    ]
}