{
    "captions": [
        "the rain",
        "painting",
        "a wet road"
    ],
    "metaclip": [
        0.3887571692466736,
        0.012787754647433758,
        0.5984551310539246
    ],
    "clip": [
        0.89599609375,
        0.00189971923828125,
        0.10211181640625
    ],
    "eva": [
        0.0012904333416372538,
        3.2064573929346807e-07,
        0.9987092018127441
    ]
}