{
    "captions": [
        "a leaf",
        "that",
        "a butterfly"
    ],
    "metaclip": [
        0.009125999175012112,
        0.0017428972059860826,
        0.9891310930252075
    ],
    "clip": [
        0.005550384521484375,
        0.0008511543273925781,
        0.99365234375
    ],
    "eva": [
        5.3452064996406534e-09,
        6.031756871749394e-09,
        1.0
    ]
}