{
    "captions": [
        "a small animal",
        "that",
        "the grass"
    ],
    "metaclip": [
        0.7846192121505737,
        0.1604568362236023,
        0.05492398142814636
    ],
    "clip": [
        0.958984375,
        0.00868988037109375,
        0.03228759765625
    ],
    "eva": [
        0.9707539081573486,
        0.029166877269744873,
        7.916784670669585e-05
    ]
}