{
    "captions": [
        "a man",
        "a tiled wall",
        "a picture",
        "a hat"
    ],
    "metaclip": [
        0.6541194319725037,
        0.23064552247524261,
        0.08387257158756256,
        0.03136247768998146
    ],
    "clip": [
        0.008453369140625,
        0.8232421875,
        0.126220703125,
        0.042266845703125
    ],
    "eva": [
        1.8466482742951484e-07,
        0.0010593271581456065,
        0.9989393353462219,
        1.111701976697077e-06
    ]
}