{
    "captions": [
        "its head",
        "painting",
        "a rooster",
        "a red comb"
    ],
    "metaclip": [
        0.002456045476719737,
        0.0002820577356033027,
        0.9914747476577759,
        0.005787098780274391
    ],
    "clip": [
        0.0030117034912109375,
        0.0052032470703125,
        0.97607421875,
        0.015533447265625
    ],
    "eva": [
        4.4290406897573575e-09,
        4.417435514603163e-11,
        0.9999998807907104,
        1.7671203522695578e-07
    ]
}