{
    "captions": [
        "painting",
        "a field",
        "grass",
        "trees",
        "the background",
        "a rabbit"
    ],
    "metaclip": [
        0.01084511261433363,
        0.0015695011243224144,
        0.00264298846013844,
        0.0002202678588218987,
        0.00017729731916915625,
        0.9845447540283203
    ],
    "clip": [
        0.0631103515625,
        0.0019969940185546875,
        0.00457000732421875,
        0.0005588531494140625,
        0.0026454925537109375,
        0.92724609375
    ],
    "eva": [
        1.1896419849222184e-08,
        4.584724613843072e-11,
        4.972072198405897e-10,
        2.7817212509134714e-14,
        2.7155547775714606e-12,
        1.0
    ]
}