{
    "captions": [
        "a black and white photo",
        "a lens",
        "a camera"
    ],
    "metaclip": [
        0.009308332577347755,
        0.06278570741415024,
        0.9279059171676636
    ],
    "clip": [
        0.048431396484375,
        0.079833984375,
        0.87158203125
    ],
    "eva": [
        4.101266313227825e-05,
        0.0001025132296490483,
        0.9998564720153809
    ]
}