{
    "captions": [
        "a close",
        "a plant",
        "the background",
        "a television",
        "a stand"
    ],
    "metaclip": [
        2.7065423637395725e-05,
        0.0004216836823616177,
        0.00015146266377996653,
        0.9988262057304382,
        0.0005736467428505421
    ],
    "clip": [
        7.081031799316406e-05,
        0.00026917457580566406,
        0.0004725456237792969,
        0.9990234375,
        0.00012421607971191406
    ],
    "eva": [
        5.716913609177254e-10,
        3.1143146395073984e-10,
        5.1068472367576945e-11,
        0.9999974966049194,
        2.49748745773104e-06
    ]
}