{
    "captions": [
        "that",
        "the ground",
        "a shark"
    ],
    "metaclip": [
        0.00020772122661583126,
        6.510777438961668e-06,
        0.9997857213020325
    ],
    "clip": [
        0.0011882781982421875,
        6.198883056640625e-05,
        0.99853515625
    ],
    "eva": [
        7.274230107157109e-09,
        1.2345101806790298e-15,
        1.0
    ]
}