{
    "captions": [
        "arafed image",
        "its neck",
        "a collar",
        "a dog"
    ],
    "metaclip": [
        0.014797241427004337,
        0.012704592198133469,
        0.011900580488145351,
        0.9605976343154907
    ],
    "clip": [
        0.027252197265625,
        0.01171875,
        0.0006160736083984375,
        0.96044921875
    ],
    "eva": [
        1.4086098509835665e-08,
        2.3285738848244364e-07,
        1.6674252947268542e-06,
        0.9999980926513672
    ]
}