{
    "captions": [
        "a hat",
        "painting",
        "a man",
        "a horse"
    ],
    "metaclip": [
        0.0029568648897111416,
        0.008555890060961246,
        0.012922176159918308,
        0.9755650758743286
    ],
    "clip": [
        0.0025634765625,
        0.0743408203125,
        0.0033702850341796875,
        0.919921875
    ],
    "eva": [
        7.119986662473821e-07,
        5.419573881226825e-06,
        5.2288327424321324e-05,
        0.9999415874481201
    ]
}