{
    "captions": [
        "a bird",
        "a rock",
        "that"
    ],
    "metaclip": [
        0.9905446767807007,
        0.0058860634453594685,
        0.0035692406818270683
    ],
    "clip": [
        0.99365234375,
        0.0035839080810546875,
        0.0029239654541015625
    ],
    "eva": [
        0.9999994039535522,
        1.7831723597705462e-10,
        5.464540322464018e-07
    ]
}