{
    "captions": [
        "a colorful wing",
        "a butterfly",
        "a close"
    ],
    "metaclip": [
        0.44564172625541687,
        0.5527956485748291,
        0.0015626064268872142
    ],
    "clip": [
        0.11907958984375,
        0.8798828125,
        0.0009832382202148438
    ],
    "eva": [
        0.06562284380197525,
        0.934377133846283,
        3.3852601277750693e-11
    ]
}