{
    "captions": [
        "a red and black beak",
        "arafed bird",
        "the snow"
    ],
    "metaclip": [
        0.03849908336997032,
        0.957672119140625,
        0.003828787012025714
    ],
    "clip": [
        0.07366943359375,
        0.8427734375,
        0.08343505859375
    ],
    "eva": [
        0.008358984254300594,
        0.9916292428970337,
        1.1747300959541462e-05
    ]
}