{
    "captions": [
        "a stuffed rabbit",
        "a table",
        "that"
    ],
    "metaclip": [
        0.9992073178291321,
        6.0126458265585825e-05,
        0.000732551678083837
    ],
    "clip": [
        1.0,
        2.4139881134033203e-05,
        2.300739288330078e-05
    ],
    "eva": [
        1.0,
        3.799165538100665e-15,
        5.190650968940613e-13
    ]
}