{
    "captions": [
        "the air",
        "a hummingbird",
        "painting",
        "a flower"
    ],
    "metaclip": [
        0.0010883435606956482,
        0.9670365452766418,
        0.02694741263985634,
        0.0049275788478553295
    ],
    "clip": [
        0.00569915771484375,
        0.287841796875,
        0.6904296875,
        0.0162353515625
    ],
    "eva": [
        2.8592983883357626e-11,
        0.999190628528595,
        0.0008094303193502128,
        4.486421190108558e-08
    ]
}