{
    "captions": [
        "a tree stump",
        "a forest",
        "painting",
        "a bird"
    ],
    "metaclip": [
        0.020751506090164185,
        0.03821105137467384,
        0.005071784369647503,
        0.9359656572341919
    ],
    "clip": [
        0.0134735107421875,
        0.01226806640625,
        0.0145721435546875,
        0.95947265625
    ],
    "eva": [
        1.4086346311614761e-07,
        7.084150155378666e-09,
        2.600751791703715e-08,
        0.9999998807907104
    ]
}