{
    "captions": [
        "painting",
        "trees",
        "a snowy forest",
        "a bear"
    ],
    "metaclip": [
        0.0015763620613142848,
        0.0005030749598518014,
        0.004493421409279108,
        0.9934271574020386
    ],
    "clip": [
        0.01233673095703125,
        0.0029773712158203125,
        0.00453948974609375,
        0.97998046875
    ],
    "eva": [
        1.5253228680123243e-09,
        2.2142713010375736e-12,
        1.9026449081138708e-05,
        0.9999809265136719
    ]
}