{
    "captions": [
        "a stalk",
        "it",
        "broccoli",
        "a green vase"
    ],
    "metaclip": [
        0.6377547383308411,
        0.018632492050528526,
        0.33735114336013794,
        0.006261623930186033
    ],
    "clip": [
        0.1170654296875,
        0.002819061279296875,
        0.09259033203125,
        0.78759765625
    ],
    "eva": [
        0.9995130300521851,
        2.737266640906455e-06,
        0.00021273278980515897,
        0.00027153099654242396
    ]
}