{
    "captions": [
        "a rabbit",
        "a blue background",
        "a painting"
    ],
    "metaclip": [
        0.998531699180603,
        5.442254405352287e-05,
        0.0014138425467535853
    ],
    "clip": [
        0.97314453125,
        0.0038547515869140625,
        0.02288818359375
    ],
    "eva": [
        1.0,
        1.093870206545465e-14,
        1.9317177024635868e-10
    ]
}