{
    "captions": [
        "a rabbit",
        "a painting",
        "a blue background"
    ],
    "metaclip": [
        0.998531699180603,
        0.0014138345140963793,
        5.442286055767909e-05
    ],
    "clip": [
        0.97314453125,
        0.02288818359375,
        0.0037364959716796875
    ],
    "eva": [
        1.0,
        1.9316589994211597e-10,
        1.093849538941552e-14
    ]
}