{
    "captions": [
        "a picture",
        "a man",
        "arafed photo",
        "a dog",
        "the background"
    ],
    "metaclip": [
        0.11289773136377335,
        0.023084865882992744,
        0.06946292519569397,
        0.7599213123321533,
        0.034633148461580276
    ],
    "clip": [
        0.1900634765625,
        0.0216522216796875,
        0.1285400390625,
        0.6328125,
        0.026947021484375
    ],
    "eva": [
        0.9954116940498352,
        2.3071341104241583e-07,
        1.2558886737679131e-05,
        0.004575106780976057,
        3.4896842748821655e-07
    ]
}