{
    "captions": [
        "a stand",
        "the living room",
        "a television",
        "that"
    ],
    "metaclip": [
        0.0018703656969591975,
        0.0005338070332072675,
        0.996828019618988,
        0.0007677297689951956
    ],
    "clip": [
        0.0036182403564453125,
        0.01511383056640625,
        0.97998046875,
        0.0014390945434570312
    ],
    "eva": [
        5.230658075561223e-07,
        7.431796689161274e-07,
        0.9999958276748657,
        2.9899572382419137e-06
    ]
}