{
    "captions": [
        "painting",
        "a black dog",
        "a white spot",
        "its face"
    ],
    "metaclip": [
        0.00024257598852273077,
        0.9771074056625366,
        0.0030156916473060846,
        0.01963431015610695
    ],
    "clip": [
        0.00206756591796875,
        0.990234375,
        0.0029621124267578125,
        0.0045166015625
    ],
    "eva": [
        1.0332160474413321e-12,
        1.0,
        4.721026954784824e-12,
        1.6726637852571002e-08
    ]
}