{
    "captions": [
        "scissors",
        "a lens",
        "a pair",
        "a camera",
        "a close"
    ],
    "metaclip": [
        0.0035097377840429544,
        0.3158726990222931,
        0.002101131482049823,
        0.6718499660491943,
        0.0066664633341133595
    ],
    "clip": [
        0.0006728172302246094,
        0.239501953125,
        0.0003657341003417969,
        0.74951171875,
        0.0098876953125
    ],
    "eva": [
        4.0423019098678736e-11,
        0.000980050885118544,
        7.182662797866612e-11,
        0.999019980430603,
        7.256401035604654e-11
    ]
}