{
    "captions": [
        "a rabbit",
        "a painting",
        "the grass"
    ],
    "metaclip": [
        0.9964346885681152,
        0.0020872484892606735,
        0.0014780861092731357
    ],
    "clip": [
        0.95947265625,
        0.0328369140625,
        0.007442474365234375
    ],
    "eva": [
        1.0,
        5.202118735780914e-09,
        1.8038364855629818e-12
    ]
}