{
    "captions": [
        "trees",
        "painting",
        "a rabbit",
        "the background",
        "a field"
    ],
    "metaclip": [
        0.0005914205685257912,
        0.001703035319224,
        0.9965500831604004,
        8.705418440513313e-05,
        0.001068469719029963
    ],
    "clip": [
        0.0029735565185546875,
        0.0069122314453125,
        0.97900390625,
        0.005298614501953125,
        0.005382537841796875
    ],
    "eva": [
        6.194540865499254e-13,
        7.802988810645672e-10,
        1.0,
        5.466582481822302e-12,
        1.1894858362171412e-11
    ]
}