{
    "captions": [
        "a table",
        "a chicken",
        "that"
    ],
    "metaclip": [
        0.00023547552700620145,
        0.998501181602478,
        0.0012633827282115817
    ],
    "clip": [
        0.004192352294921875,
        0.99462890625,
        0.001239776611328125
    ],
    "eva": [
        2.1293355967344496e-10,
        0.9999995231628418,
        5.272727889860107e-07
    ]
}