{
    "captions": [
        "two teddy bears",
        "a pattern",
        "a blanket"
    ],
    "metaclip": [
        0.00143535400275141,
        0.9337886571884155,
        0.06477605551481247
    ],
    "clip": [
        0.002353668212890625,
        0.7685546875,
        0.22900390625
    ],
    "eva": [
        3.52172904172221e-08,
        0.9958403706550598,
        0.0041595385409891605
    ]
}