{
    "captions": [
        "that",
        "a picture",
        "a blanket",
        "a teddy bear"
    ],
    "metaclip": [
        0.23434388637542725,
        0.6101113557815552,
        0.11185268312692642,
        0.04369208216667175
    ],
    "clip": [
        0.236083984375,
        0.73876953125,
        0.004360198974609375,
        0.0207977294921875
    ],
    "eva": [
        0.24340921640396118,
        0.7565680742263794,
        2.2732436264050193e-05,
        3.4205495325068114e-08
    ]
}