{
    "captions": [
        "a computer board",
        "a close",
        "wires",
        "a lot"
    ],
    "metaclip": [
        0.9955605268478394,
        0.000655673909932375,
        0.0021435339003801346,
        0.0016402974724769592
    ],
    "clip": [
        0.9970703125,
        0.0005474090576171875,
        0.0016727447509765625,
        0.000286102294921875
    ],
    "eva": [
        1.0,
        1.297608374917214e-11,
        2.707630813149017e-16,
        6.709964250894984e-10
    ]
}