{
    "captions": [
        "a wall",
        "a white background",
        "araffe",
        "front"
    ],
    "metaclip": [
        0.12739601731300354,
        0.05682644993066788,
        0.706061840057373,
        0.10971567779779434
    ],
    "clip": [
        0.005863189697265625,
        0.022125244140625,
        0.97119140625,
        0.0010519027709960938
    ],
    "eva": [
        0.00031916412990540266,
        3.8141392906254623e-06,
        0.1319618821144104,
        0.8677151203155518
    ]
}