{
    "captions": [
        "waves",
        "a close",
        "a beach",
        "a crab",
        "the background"
    ],
    "metaclip": [
        0.00013698956172447652,
        0.00016914149455260485,
        0.0007742447778582573,
        0.9988614320755005,
        5.8316203649155796e-05
    ],
    "clip": [
        2.944469451904297e-05,
        0.0009679794311523438,
        0.0011320114135742188,
        0.9970703125,
        0.0003910064697265625
    ],
    "eva": [
        1.378962523053244e-14,
        2.848630402743635e-12,
        1.6182574377743286e-11,
        1.0,
        1.3659706470049628e-14
    ]
}