{
    "captions": [
        "a blue sky",
        "the beach",
        "the background",
        "a rabbit"
    ],
    "metaclip": [
        6.901499000377953e-05,
        0.00012159358448116109,
        0.000393358786823228,
        0.9994159936904907
    ],
    "clip": [
        0.00030875205993652344,
        0.00376129150390625,
        0.0005950927734375,
        0.9951171875
    ],
    "eva": [
        3.560624966527856e-14,
        5.2784446952225395e-11,
        2.489836949896157e-13,
        1.0
    ]
}