{
    "captions": [
        "the camera",
        "a giraffe",
        "that"
    ],
    "metaclip": [
        0.0006009688368067145,
        0.9973884224891663,
        0.0020106115844100714
    ],
    "clip": [
        0.0159912109375,
        0.97412109375,
        0.009552001953125
    ],
    "eva": [
        6.281177292698226e-13,
        0.9999997615814209,
        2.1354601642542548e-07
    ]
}