{
    "captions": [
        "the water",
        "painting",
        "a killer whale"
    ],
    "metaclip": [
        0.0008910095784813166,
        0.0006204158999025822,
        0.9984885454177856
    ],
    "clip": [
        0.0005178451538085938,
        0.0028438568115234375,
        0.9970703125
    ],
    "eva": [
        2.3921528820303184e-12,
        1.1988407488949804e-10,
        1.0
    ]
}