{
    "captions": [
        "a mountain",
        "the background",
        "arafed van",
        "a road"
    ],
    "metaclip": [
        0.0024070325307548046,
        0.003905725432559848,
        0.9900054335594177,
        0.0036818902008235455
    ],
    "clip": [
        0.0010442733764648438,
        0.002353668212890625,
        0.9951171875,
        0.0014162063598632812
    ],
    "eva": [
        3.847300467896275e-05,
        2.2270798581303097e-05,
        0.0004937514313496649,
        0.9994454979896545
    ]
}