{
    "captions": [
        "a wooden holder",
        "many knives",
        "the counter"
    ],
    "metaclip": [
        0.09317915886640549,
        0.9046410322189331,
        0.0021798331290483475
    ],
    "clip": [
        0.0166473388671875,
        0.9677734375,
        0.0158843994140625
    ],
    "eva": [
        1.584705023560673e-05,
        0.9999841451644897,
        1.0765135449730678e-08
    ]
}