{
    "captions": [
        "a butterfly",
        "painting",
        "a blue wing and yellow wings"
    ],
    "metaclip": [
        0.9722468256950378,
        0.007809889502823353,
        0.019943328574299812
    ],
    "clip": [
        0.76953125,
        0.11798095703125,
        0.11260986328125
    ],
    "eva": [
        0.9999988079071045,
        3.742245553439716e-07,
        8.697414273228787e-07
    ]
}