{
    "captions": [
        "a crab",
        "a rock",
        "the ocean",
        "a close"
    ],
    "metaclip": [
        0.9968889355659485,
        0.0007165616261772811,
        0.0021379159297794104,
        0.00025663443375378847
    ],
    "clip": [
        0.9970703125,
        0.0002486705780029297,
        0.0023956298828125,
        0.0003533363342285156
    ],
    "eva": [
        1.0,
        3.310687769937648e-13,
        1.0005557493641959e-10,
        2.071362699418433e-11
    ]
}