{
    "captions": [
        "a blue car",
        "a road",
        "a close"
    ],
    "metaclip": [
        0.9864985942840576,
        0.008775362744927406,
        0.004726014100015163
    ],
    "clip": [
        0.97998046875,
        0.00923919677734375,
        0.01088714599609375
    ],
    "eva": [
        1.0,
        4.909054496238241e-08,
        4.291077493334683e-10
    ]
}