{
    "captions": [
        "arafed white dog",
        "a black nose",
        "blue eyes"
    ],
    "metaclip": [
        0.9085770845413208,
        0.03920191153883934,
        0.05222095549106598
    ],
    "clip": [
        0.9951171875,
        0.0027523040771484375,
        0.0020771026611328125
    ],
    "eva": [
        0.9999816417694092,
        3.45762657616433e-07,
        1.7966713130590506e-05
    ]
}