{
    "captions": [
        "a table",
        "that",
        "a printer"
    ],
    "metaclip": [
        0.00020002586825285107,
        0.0011043533449992537,
        0.9986956715583801
    ],
    "clip": [
        9.03010368347168e-05,
        8.481740951538086e-05,
        1.0
    ],
    "eva": [
        1.845411573119654e-13,
        5.580726436527073e-10,
        1.0
    ]
}