{
    "captions": [
        "a branch",
        "the tree",
        "that",
        "a bird"
    ],
    "metaclip": [
        0.05814407020807266,
        0.003946774173527956,
        0.005978948436677456,
        0.9319302439689636
    ],
    "clip": [
        0.107421875,
        0.0236053466796875,
        0.01047515869140625,
        0.8583984375
    ],
    "eva": [
        6.52342748708179e-07,
        1.0263491445616779e-11,
        2.9922293975914727e-08,
        0.9999992847442627
    ]
}