{
    "captions": [
        "a crab",
        "its back",
        "a close",
        "a snow covered shell"
    ],
    "metaclip": [
        0.9748321175575256,
        9.6074232715182e-05,
        0.00012421196151990443,
        0.024947557598352432
    ],
    "clip": [
        0.271728515625,
        0.000751495361328125,
        0.0003719329833984375,
        0.72705078125
    ],
    "eva": [
        0.9999963045120239,
        7.562905380079088e-13,
        1.9290107705627335e-11,
        3.6740448194905184e-06
    ]
}