{
    "captions": [
        "a monster truck",
        "painting",
        "a big tire",
        "a road"
    ],
    "metaclip": [
        0.9976446032524109,
        0.0005469678435474634,
        0.0017961771227419376,
        1.2210246495669708e-05
    ],
    "clip": [
        0.947265625,
        0.033447265625,
        0.01934814453125,
        0.0002117156982421875
    ],
    "eva": [
        1.0,
        1.0411597972659337e-10,
        1.9429631237244394e-09,
        1.4642943162255367e-13
    ]
}