{
    "captions": [
        "the background",
        "flowers",
        "a flower bed",
        "arafed squirrel"
    ],
    "metaclip": [
        0.00014495971845462918,
        0.004340339917689562,
        0.0033671457786113024,
        0.9921475052833557
    ],
    "clip": [
        0.0006284713745117188,
        0.002773284912109375,
        0.03948974609375,
        0.95703125
    ],
    "eva": [
        1.2396809924083985e-12,
        2.3959946702234447e-06,
        7.387160394500825e-08,
        0.9999974966049194
    ]
}