{
    "captions": [
        "a black and white picture",
        "a giraffe"
    ],
    "metaclip": [
        0.0004532712628133595,
        0.9995467066764832
    ],
    "clip": [
        0.00757598876953125,
        0.9921875
    ],
    "eva": [
        1.0904948339884868e-06,
        0.999998927116394
    ]
}