{
    "captions": [
        "a chicken",
        "a long tail",
        "a close"
    ],
    "metaclip": [
        0.9992757439613342,
        0.000291469506919384,
        0.00043281304533593357
    ],
    "clip": [
        0.9970703125,
        0.0006861686706542969,
        0.002147674560546875
    ],
    "eva": [
        1.0,
        2.3953812024191112e-12,
        4.2332617966600594e-10
    ]
}