{
    "captions": [
        "painting",
        "a colorful wing",
        "a yellow background",
        "a butterfly"
    ],
    "metaclip": [
        0.01595992222428322,
        0.3803201913833618,
        0.00036354089388623834,
        0.6033563613891602
    ],
    "clip": [
        0.044769287109375,
        0.320556640625,
        0.0069732666015625,
        0.6279296875
    ],
    "eva": [
        6.696318450849503e-07,
        0.17110002040863037,
        1.4913580353298483e-14,
        0.8288993239402771
    ]
}