{
    "captions": [
        "that",
        "a bear",
        "the woods"
    ],
    "metaclip": [
        0.002196559216827154,
        0.9810154438018799,
        0.01678798720240593
    ],
    "clip": [
        0.0011653900146484375,
        0.9208984375,
        0.0780029296875
    ],
    "eva": [
        4.101637085529575e-11,
        0.9999996423721313,
        3.4854991781685385e-07
    ]
}