{
    "captions": [
        "painting",
        "a tree",
        "the woods",
        "a rabbit"
    ],
    "metaclip": [
        0.0021372304763644934,
        0.0007470527780242264,
        0.007769783027470112,
        0.9893459677696228
    ],
    "clip": [
        0.007965087890625,
        0.000865936279296875,
        0.01140594482421875,
        0.97998046875
    ],
    "eva": [
        3.609097909418324e-09,
        1.0242994230580393e-09,
        7.27182936088866e-09,
        1.0
    ]
}