{
    "captions": [
        "a bird",
        "a duck",
        "the grass",
        "that"
    ],
    "metaclip": [
        0.01684960350394249,
        0.9826048612594604,
        7.374769484158605e-05,
        0.00047165158321149647
    ],
    "clip": [
        0.0215911865234375,
        0.97705078125,
        0.0002739429473876953,
        0.0010499954223632812
    ],
    "eva": [
        1.1515413689267007e-06,
        0.9999988079071045,
        1.6513421813063593e-17,
        9.187765999396635e-12
    ]
}