{
    "captions": [
        "a rabbit",
        "a long tail",
        "painting",
        "a white surface"
    ],
    "metaclip": [
        0.9972859621047974,
        0.0008060388499870896,
        0.0018594128778204322,
        4.8677673476049677e-05
    ],
    "clip": [
        0.9921875,
        0.0025768280029296875,
        0.0027866363525390625,
        0.002498626708984375
    ],
    "eva": [
        1.0,
        1.1899045082586213e-09,
        1.5883112533532362e-11,
        6.69606948014434e-13
    ]
}