{
    "captions": [
        "a painting style",
        "the water",
        "dolphins"
    ],
    "metaclip": [
        0.0004991751629859209,
        0.000815122330095619,
        0.9986856579780579
    ],
    "clip": [
        0.00347137451171875,
        0.0030155181884765625,
        0.9931640625
    ],
    "eva": [
        3.0777019387889792e-12,
        3.564814242407177e-12,
        1.0
    ]
}