{
    "captions": [
        "a field",
        "hind legs",
        "flowers",
        "squirrel"
    ],
    "metaclip": [
        0.0005735789309255779,
        0.0007824597414582968,
        0.0008327667019329965,
        0.9978112578392029
    ],
    "clip": [
        0.0006155967712402344,
        0.0004792213439941406,
        0.0015468597412109375,
        0.99755859375
    ],
    "eva": [
        1.0089221125220149e-11,
        1.1584570976108655e-11,
        9.334582529163526e-08,
        0.9999998807907104
    ]
}