{
    "captions": [
        "its head",
        "a crown",
        "a cat",
        "silhouette"
    ],
    "metaclip": [
        0.014838523231446743,
        0.0005453945486806333,
        0.06687445938587189,
        0.917741596698761
    ],
    "clip": [
        0.09521484375,
        0.0033092498779296875,
        0.16455078125,
        0.7373046875
    ],
    "eva": [
        1.4428201744465241e-08,
        1.23540594421101e-10,
        5.717615749745164e-06,
        0.9999942779541016
    ]
}