{
    "captions": [
        "a shark",
        "a very long tail",
        "a close"
    ],
    "metaclip": [
        0.999653697013855,
        4.278808046365157e-05,
        0.0003034865949302912
    ],
    "clip": [
        0.998046875,
        0.0018377304077148438,
        0.0003218650817871094
    ],
    "eva": [
        1.0,
        1.221424784231262e-11,
        5.707806102761559e-11
    ]
}