{
    "captions": [
        "leaves",
        "a stem",
        "a drawing",
        "a flower"
    ],
    "metaclip": [
        0.571061372756958,
        0.06564778089523315,
        0.0890207290649414,
        0.2742701470851898
    ],
    "clip": [
        0.08599853515625,
        0.2412109375,
        0.304931640625,
        0.367919921875
    ],
    "eva": [
        0.0001521975500509143,
        0.4043486416339874,
        0.0883033275604248,
        0.5071958303451538
    ]
}