{
    "captions": [
        "a bear",
        "the woods",
        "that"
    ],
    "metaclip": [
        0.992667019367218,
        0.0069845435209572315,
        0.0003485527413431555
    ],
    "clip": [
        0.96142578125,
        0.03729248046875,
        0.0012464523315429688
    ],
    "eva": [
        1.0,
        1.1377957243041692e-08,
        6.774900952744023e-12
    ]
}