{
    "captions": [
        "the water",
        "that",
        "a fish"
    ],
    "metaclip": [
        0.16448192298412323,
        0.0663306936621666,
        0.769187331199646
    ],
    "clip": [
        0.12481689453125,
        0.00904083251953125,
        0.8662109375
    ],
    "eva": [
        6.983152616157895e-06,
        0.07192966341972351,
        0.9280633926391602
    ]
}