{
    "captions": [
        "araffe",
        "it",
        "a black and white spot",
        "a pillow"
    ],
    "metaclip": [
        0.02768763341009617,
        0.001411660574376583,
        0.9693772792816162,
        0.001523434417322278
    ],
    "clip": [
        0.0926513671875,
        0.02532958984375,
        0.87890625,
        0.0032196044921875
    ],
    "eva": [
        0.00010622104309732094,
        0.0028210943564772606,
        0.9970725774765015,
        1.55197010798247e-08
    ]
}