{
    "captions": [
        "a cat",
        "it",
        "a small basket"
    ],
    "metaclip": [
        0.09219435602426529,
        0.44185352325439453,
        0.4659521281719208
    ],
    "clip": [
        0.251708984375,
        0.0849609375,
        0.6630859375
    ],
    "eva": [
        0.0003611149440985173,
        0.6153265833854675,
        0.38431236147880554
    ]
}