{
    "captions": [
        "a black background",
        "a leaf"
    ],
    "metaclip": [
        0.06260795891284943,
        0.9373920559883118
    ],
    "clip": [
        0.83349609375,
        0.1666259765625
    ],
    "eva": [
        0.009895325638353825,
        0.990104615688324
    ]
}