{
    "captions": [
        "a close",
        "a stuffed rabbit",
        "a chair"
    ],
    "metaclip": [
        0.0009322027326561511,
        0.9950212240219116,
        0.00404659379273653
    ],
    "clip": [
        0.0006132125854492188,
        0.99365234375,
        0.005725860595703125
    ],
    "eva": [
        2.852476962316233e-14,
        1.0,
        4.147720307403485e-13
    ]
}