{
    "captions": [
        "flowers",
        "a blue bird",
        "painting",
        "the air",
        "the background"
    ],
    "metaclip": [
        0.02325480803847313,
        0.500280499458313,
        0.43273869156837463,
        0.04024820402264595,
        0.003477812511846423
    ],
    "clip": [
        0.0022068023681640625,
        0.54833984375,
        0.440673828125,
        0.00225830078125,
        0.00638580322265625
    ],
    "eva": [
        3.823451066864436e-08,
        0.9956356883049011,
        0.004364256747066975,
        2.5749549159570506e-09,
        7.206822812133584e-12
    ]
}