{
    "captions": [
        "a squirrel",
        "that",
        "a tree"
    ],
    "metaclip": [
        0.9942002296447754,
        0.0008467077277600765,
        0.004953058902174234
    ],
    "clip": [
        0.99658203125,
        8.785724639892578e-05,
        0.0035381317138671875
    ],
    "eva": [
        0.9999996423721313,
        3.138484472309244e-10,
        3.156360719458462e-07
    ]
}