{
    "captions": [
        "different colors",
        "many squares"
    ],
    "metaclip": [
        0.0034013106487691402,
        0.9965986609458923
    ],
    "clip": [
        0.01473236083984375,
        0.9853515625
    ],
    "eva": [
        3.8566463445022237e-07,
        0.9999996423721313
    ]
}