{
    "captions": [
        "a tree branch",
        "squirrel",
        "a red ball",
        "its mouth"
    ],
    "metaclip": [
        0.0016018658643588424,
        0.9981271624565125,
        8.35040700621903e-05,
        0.00018748822913039476
    ],
    "clip": [
        0.000835418701171875,
        0.990234375,
        0.0081787109375,
        0.00024116039276123047
    ],
    "eva": [
        3.4355327471757846e-09,
        1.0,
        3.1975533332229134e-11,
        5.631339578676675e-12
    ]
}