{
    "captions": [
        "a black and white whale",
        "painting",
        "the water"
    ],
    "metaclip": [
        0.9924359917640686,
        0.0037801300641149282,
        0.0037838376592844725
    ],
    "clip": [
        0.61669921875,
        0.3681640625,
        0.01543426513671875
    ],
    "eva": [
        1.0,
        5.608155362324396e-08,
        9.996315775140374e-09
    ]
}