{
    "captions": [
        "a chicken",
        "a purple background",
        "a close"
    ],
    "metaclip": [
        0.9994736313819885,
        0.00014238881703931838,
        0.00038396616582758725
    ],
    "clip": [
        0.9697265625,
        0.0297393798828125,
        0.00028252601623535156
    ],
    "eva": [
        1.0,
        3.681715199377322e-08,
        5.009462844540735e-10
    ]
}