{
    "captions": [
        "calf",
        "painting",
        "the ocean",
        "a killer whale"
    ],
    "metaclip": [
        0.0006020167493261397,
        0.0007231810595840216,
        0.006490214262157679,
        0.992184579372406
    ],
    "clip": [
        0.00012505054473876953,
        0.0012836456298828125,
        0.0007085800170898438,
        0.998046875
    ],
    "eva": [
        2.604378102066818e-10,
        1.726181350636402e-11,
        6.264958329893489e-08,
        0.9999998807907104
    ]
}