{
    "captions": [
        "painting",
        "its back",
        "a butterfly",
        "a rabbit"
    ],
    "metaclip": [
        0.005001762881875038,
        0.0008541532442905009,
        0.0013116721529513597,
        0.9928324222564697
    ],
    "clip": [
        0.0212554931640625,
        0.000579833984375,
        0.0008568763732910156,
        0.9775390625
    ],
    "eva": [
        2.9752609265187857e-08,
        2.180807184143374e-12,
        9.133791639692745e-11,
        1.0
    ]
}