{
    "captions": [
        "a stuffed rabbit",
        "that",
        "a bed"
    ],
    "metaclip": [
        0.9956820011138916,
        0.003552044974640012,
        0.000765882374253124
    ],
    "clip": [
        0.9990234375,
        5.7756900787353516e-05,
        0.0006875991821289062
    ],
    "eva": [
        1.0,
        2.055426358629764e-12,
        2.3234756132972656e-13
    ]
}