{
    "captions": [
        "a white surface",
        "many squares",
        "different colors"
    ],
    "metaclip": [
        0.010938207618892193,
        0.9714654684066772,
        0.01759631745517254
    ],
    "clip": [
        0.0025005340576171875,
        0.9931640625,
        0.004253387451171875
    ],
    "eva": [
        1.4433162220939266e-07,
        0.9999997615814209,
        8.561988806832233e-08
    ]
}