{
    "captions": [
        "a cutting board",
        "a wooden table",
        "a close"
    ],
    "metaclip": [
        0.9808964729309082,
        0.0189130250364542,
        0.00019044043438043445
    ],
    "clip": [
        0.640625,
        0.359375,
        3.886222839355469e-05
    ],
    "eva": [
        0.9999998807907104,
        1.6052661067078589e-07,
        1.5213840603989226e-11
    ]
}