{
    "captions": [
        "a ballerina",
        "a gold dress",
        "arafed image",
        "a blue and white background"
    ],
    "metaclip": [
        0.9993833303451538,
        0.0002977490075863898,
        0.00029509796877391636,
        2.3821976355975494e-05
    ],
    "clip": [
        0.97119140625,
        0.01385498046875,
        0.01280975341796875,
        0.0020751953125
    ],
    "eva": [
        0.9999995231628418,
        4.951059509039624e-07,
        6.455934675742014e-10,
        1.5719887956448797e-13
    ]
}