{
    "captions": [
        "multiple electronic components",
        "a green circuit board",
        "a close"
    ],
    "metaclip": [
        0.47165390849113464,
        0.5268749594688416,
        0.001471167430281639
    ],
    "clip": [
        0.61865234375,
        0.381103515625,
        0.00017750263214111328
    ],
    "eva": [
        0.11723141372203827,
        0.8827685713768005,
        1.397513127443517e-08
    ]
}