{
    "captions": [
        "orange and blue wings",
        "a butterfly",
        "painting",
        "a yellow background"
    ],
    "metaclip": [
        0.5525314807891846,
        0.443076491355896,
        0.00410269433632493,
        0.0002892772026825696
    ],
    "clip": [
        0.583984375,
        0.39501953125,
        0.01531982421875,
        0.0059051513671875
    ],
    "eva": [
        0.002425707411020994,
        0.9975741505622864,
        1.7063824486740486e-07,
        1.414268804470582e-14
    ]
}