{
    "captions": [
        "painting",
        "a squirrel",
        "a tree branch",
        "the woods"
    ],
    "metaclip": [
        0.0010072041768580675,
        0.9974404573440552,
        0.0007667097961530089,
        0.0007855552830733359
    ],
    "clip": [
        0.0176849365234375,
        0.93603515625,
        0.0082244873046875,
        0.03802490234375
    ],
    "eva": [
        5.827252902435021e-09,
        1.0,
        3.7747815290201103e-11,
        4.860431501718665e-11
    ]
}