{
    "captions": [
        "flight",
        "painting",
        "a green background",
        "a hummingbird"
    ],
    "metaclip": [
        0.018466604873538017,
        0.01972317136824131,
        0.0003622166987042874,
        0.9614480137825012
    ],
    "clip": [
        0.01207733154296875,
        0.01207733154296875,
        0.0015840530395507812,
        0.97412109375
    ],
    "eva": [
        3.29177564708516e-05,
        1.4151405594020616e-05,
        1.0205289304593412e-12,
        0.9999529123306274
    ]
}