{
    "captions": [
        "a rabbit",
        "the grass",
        "a dandelion",
        "painting"
    ],
    "metaclip": [
        0.9966517090797424,
        0.0015092877438291907,
        0.0007387034129351377,
        0.0011002072133123875
    ],
    "clip": [
        0.98828125,
        0.002338409423828125,
        0.0032958984375,
        0.005970001220703125
    ],
    "eva": [
        1.0,
        4.094724776262937e-13,
        6.8933997643102e-16,
        2.5612908061828366e-12
    ]
}