{
    "captions": [
        "a green field",
        "a red panda suit"
    ],
    "metaclip": [
        1.5972678738762625e-05,
        0.9999840259552002
    ],
    "clip": [
        0.0010318756103515625,
        0.9990234375
    ],
    "eva": [
        5.367575822037209e-18,
        1.0
    ]
}