{
    "captions": [
        "a crab",
        "a rock",
        "the snow",
        "that"
    ],
    "metaclip": [
        0.9966650605201721,
        0.00022605412232223898,
        0.00288385315798223,
        0.00022504571825265884
    ],
    "clip": [
        0.97802734375,
        0.0005083084106445312,
        0.0209503173828125,
        0.00042128562927246094
    ],
    "eva": [
        1.0,
        1.2483018091424825e-12,
        3.198701858941888e-10,
        3.3448530056823245e-10
    ]
}