{
    "captions": [
        "a pink beak",
        "painting",
        "a duck",
        "a yellow beak"
    ],
    "metaclip": [
        0.0218815878033638,
        0.0001262096338905394,
        0.9501019716262817,
        0.02789020724594593
    ],
    "clip": [
        0.023681640625,
        0.0009927749633789062,
        0.84765625,
        0.1279296875
    ],
    "eva": [
        1.7853079015139883e-09,
        1.689005211461935e-14,
        0.9999961853027344,
        3.7661682199541247e-06
    ]
}