{
    "captions": [
        "painting",
        "a lady bug",
        "a purple background"
    ],
    "metaclip": [
        0.0005126159521751106,
        0.9994807839393616,
        6.6446650635043625e-06
    ],
    "clip": [
        0.00046539306640625,
        0.99951171875,
        9.459257125854492e-05
    ],
    "eva": [
        6.752770564943944e-10,
        1.0,
        1.8608985625909917e-15
    ]
}