{
    "captions": [
        "a plant",
        "a stalk",
        "corn",
        "a close"
    ],
    "metaclip": [
        0.22386927902698517,
        0.3254484236240387,
        0.4455995261669159,
        0.005082780495285988
    ],
    "clip": [
        0.5224609375,
        0.31689453125,
        0.140625,
        0.0199432373046875
    ],
    "eva": [
        0.9962025284767151,
        0.003780469298362732,
        8.152565897034947e-06,
        8.851348866301123e-06
    ]
}