{
    "captions": [
        "many squares",
        "different colors",
        "a white background"
    ],
    "metaclip": [
        0.9662502408027649,
        0.006840424612164497,
        0.026909328997135162
    ],
    "clip": [
        0.98095703125,
        0.00835418701171875,
        0.010894775390625
    ],
    "eva": [
        0.999268114566803,
        0.00019577481725718826,
        0.0005361599032767117
    ]
}