{
    "captions": [
        "arafed dog",
        "teeth",
        "open mouth"
    ],
    "metaclip": [
        0.5014454126358032,
        0.04189443588256836,
        0.45666012167930603
    ],
    "clip": [
        0.98828125,
        0.004039764404296875,
        0.007785797119140625
    ],
    "eva": [
        0.9998137354850769,
        0.00018474779790267348,
        1.511390564701287e-06
    ]
}