{
    "captions": [
        "a forest",
        "an elephant",
        "painting",
        "a tree stump"
    ],
    "metaclip": [
        0.0019819322042167187,
        0.9928174018859863,
        0.004834153689444065,
        0.0003665331460069865
    ],
    "clip": [
        0.00046825408935546875,
        0.97412109375,
        0.0251617431640625,
        0.00022459030151367188
    ],
    "eva": [
        1.3713458146824564e-10,
        0.9999998807907104,
        8.60132303159844e-08,
        1.670649499275166e-14
    ]
}