{
    "captions": [
        "a building",
        "elephants",
        "a line",
        "front"
    ],
    "metaclip": [
        0.03285420686006546,
        0.1810082644224167,
        0.7027232646942139,
        0.08341427892446518
    ],
    "clip": [
        0.11053466796875,
        0.0670166015625,
        0.5791015625,
        0.2432861328125
    ],
    "eva": [
        0.00518077751621604,
        0.0011601735604926944,
        0.2836115062236786,
        0.7100475430488586
    ]
}