{
    "captions": [
        "a brown nose",
        "a white face",
        "a dog",
        "arafed image"
    ],
    "metaclip": [
        0.026241473853588104,
        0.018473679199814796,
        0.9527601003646851,
        0.0025246613658964634
    ],
    "clip": [
        0.010467529296875,
        0.0109710693359375,
        0.89892578125,
        0.07977294921875
    ],
    "eva": [
        2.777700501610525e-06,
        4.993922786411531e-08,
        0.9999972581863403,
        1.0621988844050634e-09
    ]
}