{
    "captions": [
        "the ground",
        "that",
        "a turkey"
    ],
    "metaclip": [
        2.6827974579646252e-05,
        0.00021485636534634978,
        0.9997583031654358
    ],
    "clip": [
        0.0002148151397705078,
        0.0004172325134277344,
        0.99951171875
    ],
    "eva": [
        1.9308631028693707e-14,
        1.1835177282648601e-08,
        1.0
    ]
}