{
    "captions": [
        "painting",
        "a purple background",
        "a colorful butterfly"
    ],
    "metaclip": [
        0.0049928706139326096,
        0.0018962223548442125,
        0.9931108951568604
    ],
    "clip": [
        0.009674072265625,
        0.0033435821533203125,
        0.98681640625
    ],
    "eva": [
        1.194847243368713e-08,
        1.3750409665058694e-11,
        1.0
    ]
}