{
    "captions": [
        "a small lizard",
        "a close",
        "a blue surface"
    ],
    "metaclip": [
        0.9379578232765198,
        0.04606695845723152,
        0.01597524993121624
    ],
    "clip": [
        0.9482421875,
        0.0184783935546875,
        0.033477783203125
    ],
    "eva": [
        0.9966400861740112,
        0.0033583438489586115,
        1.5287196220015176e-06
    ]
}