{
    "captions": [
        "painting",
        "a killer whale",
        "the ocean",
        "a blue sky"
    ],
    "metaclip": [
        0.0010834615677595139,
        0.9961152076721191,
        0.0027604380156844854,
        4.0902712498791516e-05
    ],
    "clip": [
        0.0008821487426757812,
        0.998046875,
        0.0010471343994140625,
        3.695487976074219e-05
    ],
    "eva": [
        4.735673225092496e-12,
        1.0,
        7.1922396926993315e-09,
        2.1906659971281106e-13
    ]
}