{
    "captions": [
        "front",
        "a vending machine",
        "the sidewalk",
        "a building"
    ],
    "metaclip": [
        1.6188072549994104e-05,
        0.9998520612716675,
        2.2396987333195284e-05,
        0.00010932802979368716
    ],
    "clip": [
        0.0005259513854980469,
        0.9814453125,
        0.0010967254638671875,
        0.0168914794921875
    ],
    "eva": [
        3.264063823914254e-13,
        1.0,
        1.1439293793897437e-13,
        1.9583189236893617e-12
    ]
}