{
    "captions": [
        "people",
        "a tiled wall",
        "squares",
        "shadows"
    ],
    "metaclip": [
        6.918419239809737e-05,
        0.011484426446259022,
        0.9699777364730835,
        0.018468748778104782
    ],
    "clip": [
        0.0008597373962402344,
        0.389892578125,
        0.60400390625,
        0.005390167236328125
    ],
    "eva": [
        3.8052283546363697e-11,
        0.0014413876924663782,
        0.9980998635292053,
        0.00045874423813074827
    ]
}