{
    "captions": [
        "a rabbit",
        "a painting",
        "a green background"
    ],
    "metaclip": [
        0.9980475902557373,
        0.0016913177678361535,
        0.0002610201481729746
    ],
    "clip": [
        0.97998046875,
        0.007598876953125,
        0.01214599609375
    ],
    "eva": [
        1.0,
        6.383341077942362e-10,
        2.863641195374224e-14
    ]
}