{
    "captions": [
        "sails",
        "water",
        "a body",
        "a tall ship",
        "a close"
    ],
    "metaclip": [
        0.6213659644126892,
        0.00022068778343964368,
        0.00022034961148165166,
        0.3778837323188782,
        0.0003092687111347914
    ],
    "clip": [
        0.189453125,
        0.0002200603485107422,
        3.874301910400391e-06,
        0.81005859375,
        0.0002067089080810547
    ],
    "eva": [
        0.0009723164257593453,
        6.347893998642773e-12,
        1.677455591965471e-12,
        0.9990277290344238,
        5.113219625485499e-09
    ]
}