{
    "captions": [
        "the woods",
        "a bear",
        "that"
    ],
    "metaclip": [
        0.003958861343562603,
        0.9950725436210632,
        0.0009685188415460289
    ],
    "clip": [
        0.01064300537109375,
        0.98828125,
        0.0009083747863769531
    ],
    "eva": [
        8.511735205551929e-10,
        1.0,
        4.741857601020527e-11
    ]
}