{
    "captions": [
        "a blurry background",
        "a leaf"
    ],
    "metaclip": [
        0.9017984867095947,
        0.09820154309272766
    ],
    "clip": [
        0.919921875,
        0.08038330078125
    ],
    "eva": [
        0.989807665348053,
        0.010192395187914371
    ]
}