{
    "captions": [
        "this aquarium",
        "many different types",
        "corals"
    ],
    "metaclip": [
        0.011531773023307323,
        0.00011734759755199775,
        0.9883508682250977
    ],
    "clip": [
        0.00015842914581298828,
        0.00021660327911376953,
        1.0
    ],
    "eva": [
        6.017079612341547e-10,
        1.5640110734294055e-12,
        1.0
    ]
}