{
    "captions": [
        "many different types",
        "corals",
        "this aquarium"
    ],
    "metaclip": [
        0.00011734759755199775,
        0.9883508682250977,
        0.011531773023307323
    ],
    "clip": [
        0.00021660327911376953,
        1.0,
        0.00015842914581298828
    ],
    "eva": [
        1.5640110734294055e-12,
        1.0,
        6.017079612341547e-10
    ]
}