{
    "captions": [
        "it",
        "a dog",
        "a circle pattern",
        "arafed image",
        "face"
    ],
    "metaclip": [
        0.0036895398516207933,
        0.362648606300354,
        0.6154381632804871,
        0.000673918635584414,
        0.017549850046634674
    ],
    "clip": [
        0.00015103816986083984,
        0.4501953125,
        0.479248046875,
        0.06903076171875,
        0.001125335693359375
    ],
    "eva": [
        1.458869610360125e-05,
        0.14392989873886108,
        0.8560160398483276,
        3.282234501966741e-07,
        3.911621024599299e-05
    ]
}