{
    "captions": [
        "some food",
        "a squirrel",
        "the grass",
        "that"
    ],
    "metaclip": [
        0.0002631140814628452,
        0.999108612537384,
        0.00010152990580536425,
        0.0005266501102596521
    ],
    "clip": [
        0.0001271963119506836,
        0.99951171875,
        0.0005273818969726562,
        6.300210952758789e-05
    ],
    "eva": [
        7.226153269507263e-15,
        1.0,
        5.830741027805161e-14,
        1.2696752538232658e-09
    ]
}