{
    "captions": [
        "a white background",
        "colorful wings"
    ],
    "metaclip": [
        0.000726911413948983,
        0.9992731213569641
    ],
    "clip": [
        0.0222930908203125,
        0.9775390625
    ],
    "eva": [
        7.689211951617675e-14,
        1.0
    ]
}