{
    "captions": [
        "a crab",
        "the snow",
        "that"
    ],
    "metaclip": [
        0.9962846040725708,
        0.002739275572821498,
        0.0009761675610207021
    ],
    "clip": [
        0.6201171875,
        0.370361328125,
        0.00926971435546875
    ],
    "eva": [
        1.0,
        5.216757581472109e-12,
        1.0139074996251551e-10
    ]
}