{
    "captions": [
        "a small rabbit",
        "the beach",
        "the water"
    ],
    "metaclip": [
        0.9995182752609253,
        0.00045342001249082386,
        2.838240470737219e-05
    ],
    "clip": [
        0.9921875,
        0.00689697265625,
        0.00044798851013183594
    ],
    "eva": [
        1.0,
        8.957212749294285e-11,
        4.368428429863021e-15
    ]
}