{
    "captions": [
        "a monster truck",
        "a rock",
        "painting",
        "a road"
    ],
    "metaclip": [
        0.9989515542984009,
        0.00015865002933423966,
        0.0008851286838762462,
        4.634694050764665e-06
    ],
    "clip": [
        0.9326171875,
        0.0011358261108398438,
        0.06549072265625,
        0.0005984306335449219
    ],
    "eva": [
        1.0,
        4.660343088541165e-15,
        2.974121643406491e-11,
        2.1449409902309785e-13
    ]
}