{
    "captions": [
        "a tiled floor",
        "painting",
        "a tiger"
    ],
    "metaclip": [
        0.0035756705328822136,
        0.0035214705858379602,
        0.992902934551239
    ],
    "clip": [
        0.04669189453125,
        0.0005698204040527344,
        0.95263671875
    ],
    "eva": [
        6.1176574916999016e-09,
        4.071508907799171e-09,
        1.0
    ]
}