{
    "captions": [
        "a black rabbit",
        "the ocean",
        "the beach"
    ],
    "metaclip": [
        0.9995939135551453,
        0.0002363035746384412,
        0.00016980909276753664
    ],
    "clip": [
        1.0,
        5.304813385009766e-06,
        0.00015115737915039062
    ],
    "eva": [
        1.0,
        1.4693295191658962e-10,
        2.6278678788571597e-08
    ]
}