{
    "captions": [
        "white background",
        "orange and black wings"
    ],
    "metaclip": [
        0.0003992773999925703,
        0.9996007084846497
    ],
    "clip": [
        0.04742431640625,
        0.95263671875
    ],
    "eva": [
        1.9976258494591725e-11,
        1.0
    ]
}