{
    "captions": [
        "a bird",
        "a branch",
        "painting",
        "a heart shape"
    ],
    "metaclip": [
        0.6708405017852783,
        0.0033194348216056824,
        0.2980507016181946,
        0.027789417654275894
    ],
    "clip": [
        0.72998046875,
        0.003570556640625,
        0.25634765625,
        0.01025390625
    ],
    "eva": [
        0.9990666508674622,
        4.061631031504476e-09,
        0.0009242026717402041,
        9.190898708766326e-06
    ]
}