{
    "captions": [
        "arafed duck",
        "a blurry effect",
        "a pink background"
    ],
    "metaclip": [
        0.8776862025260925,
        0.11128599941730499,
        0.011027847416698933
    ],
    "clip": [
        0.892578125,
        0.10498046875,
        0.0018930435180664062
    ],
    "eva": [
        0.9999927282333374,
        5.796159712190274e-06,
        1.3875802551410743e-06
    ]
}