{
    "captions": [
        "a chair",
        "front",
        "a cat",
        "a wall"
    ],
    "metaclip": [
        0.00601498456671834,
        0.009285571984946728,
        0.9162569046020508,
        0.06844247132539749
    ],
    "clip": [
        0.00756072998046875,
        0.0005064010620117188,
        0.95947265625,
        0.032318115234375
    ],
    "eva": [
        2.0161520808414934e-07,
        6.33027923413465e-07,
        0.9999576807022095,
        4.141932731727138e-05
    ]
}