{
    "captions": [
        "the ocean",
        "sponges",
        "corals",
        "arafed shark swimming"
    ],
    "metaclip": [
        0.005215180106461048,
        6.922346074134111e-05,
        0.003227818990126252,
        0.9914877414703369
    ],
    "clip": [
        0.0035800933837890625,
        0.0002675056457519531,
        0.0033111572265625,
        0.99267578125
    ],
    "eva": [
        1.1858625192928685e-09,
        2.3598740251154753e-15,
        1.4190662533941634e-10,
        1.0
    ]
}