{
    "captions": [
        "a bear",
        "that",
        "the woods"
    ],
    "metaclip": [
        0.9945317506790161,
        0.00028863371699117124,
        0.005179494619369507
    ],
    "clip": [
        0.9775390625,
        0.0016269683837890625,
        0.0206146240234375
    ],
    "eva": [
        1.0,
        6.790843581905293e-11,
        4.459866431716364e-08
    ]
}