{
    "captions": [
        "painting",
        "a field",
        "a sky background",
        "a red panda"
    ],
    "metaclip": [
        0.001914649736136198,
        0.0006231912411749363,
        0.00010779301373986527,
        0.9973543882369995
    ],
    "clip": [
        0.00439453125,
        0.0009064674377441406,
        0.0005583763122558594,
        0.994140625
    ],
    "eva": [
        5.302713476651455e-11,
        2.4976813152444155e-12,
        1.1131213114291533e-19,
        1.0
    ]
}