{
    "captions": [
        "a hummingbird",
        "painting",
        "flight",
        "a blue background"
    ],
    "metaclip": [
        0.9561437964439392,
        0.022338947281241417,
        0.021406667307019234,
        0.000110619657789357
    ],
    "clip": [
        0.9716796875,
        0.018646240234375,
        0.00894927978515625,
        0.0007462501525878906
    ],
    "eva": [
        0.9999927282333374,
        5.788348516944097e-06,
        1.4515944712911732e-06,
        1.0036700745681693e-13
    ]
}