{
    "captions": [
        "painting",
        "the water",
        "two orca whales"
    ],
    "metaclip": [
        0.0034177463967353106,
        0.001707308692857623,
        0.994874894618988
    ],
    "clip": [
        0.0007085800170898438,
        0.0008287429809570312,
        0.998046875
    ],
    "eva": [
        5.041787876081116e-09,
        1.5213015291948295e-09,
        1.0
    ]
}