{
    "captions": [
        "a white background",
        "a butterfly",
        "a close"
    ],
    "metaclip": [
        0.0019191536121070385,
        0.9933691620826721,
        0.004711745772510767
    ],
    "clip": [
        0.007213592529296875,
        0.990234375,
        0.002532958984375
    ],
    "eva": [
        2.390660369319675e-13,
        1.0,
        6.795866820674679e-12
    ]
}