{
    "captions": [
        "arafed image",
        "a statue",
        "a horse",
        "a man"
    ],
    "metaclip": [
        0.015214470215141773,
        0.07287798821926117,
        0.9070509672164917,
        0.004856571089476347
    ],
    "clip": [
        0.1915283203125,
        0.0086822509765625,
        0.7939453125,
        0.005649566650390625
    ],
    "eva": [
        1.0867427590710577e-05,
        0.06501850485801697,
        0.9349339604377747,
        3.6568006180459633e-05
    ]
}