{
    "captions": [
        "a bird",
        "painting",
        "a ledge",
        "a blue background"
    ],
    "metaclip": [
        0.996933102607727,
        0.001529652625322342,
        0.0013892598217353225,
        0.00014789601846132427
    ],
    "clip": [
        0.9697265625,
        0.01129150390625,
        0.00049591064453125,
        0.0183258056640625
    ],
    "eva": [
        1.0,
        2.4048667057741113e-08,
        6.450574296934519e-09,
        1.3112511835881857e-13
    ]
}