{
    "captions": [
        "a painting",
        "a sweater",
        "a rabbit",
        "a tie"
    ],
    "metaclip": [
        0.005776543170213699,
        0.0006858999840915203,
        0.9902515411376953,
        0.0032860618084669113
    ],
    "clip": [
        0.038299560546875,
        0.0006093978881835938,
        0.95751953125,
        0.0036754608154296875
    ],
    "eva": [
        1.4448106044895326e-09,
        4.882806659001204e-11,
        1.0,
        3.0067831557900604e-10
    ]
}