{
    "captions": [
        "painting",
        "a forest",
        "the grass",
        "a rabbit"
    ],
    "metaclip": [
        0.0027486998587846756,
        0.005170274525880814,
        0.0015138270100578666,
        0.9905672669410706
    ],
    "clip": [
        0.0167388916015625,
        0.0159759521484375,
        0.0096893310546875,
        0.95751953125
    ],
    "eva": [
        4.0381915589193795e-09,
        6.445830535994901e-08,
        5.004138596553798e-12,
        0.9999998807907104
    ]
}