{
    "captions": [
        "arafed bird",
        "body",
        "a snowy ground",
        "a colorful head"
    ],
    "metaclip": [
        0.9991673231124878,
        9.003149898489937e-05,
        0.0002543998707551509,
        0.000488202553242445
    ],
    "clip": [
        0.9990234375,
        0.00013124942779541016,
        3.93986701965332e-05,
        0.0009851455688476562
    ],
    "eva": [
        0.9999997615814209,
        1.8225853182229912e-07,
        3.940258189172319e-11,
        4.973657485862759e-09
    ]
}