{
    "captions": [
        "the ocean",
        "sun",
        "a shark swimming",
        "a close"
    ],
    "metaclip": [
        0.0034307704772800207,
        0.0002076271630357951,
        0.9961643218994141,
        0.00019736791728064418
    ],
    "clip": [
        0.0025882720947265625,
        0.00010275840759277344,
        0.99658203125,
        0.0006861686706542969
    ],
    "eva": [
        1.976091956734649e-09,
        1.0830888269586225e-11,
        1.0,
        2.3848575891882717e-10
    ]
}