{
    "captions": [
        "a tree branch",
        "that",
        "a squirrel"
    ],
    "metaclip": [
        0.0019215911161154509,
        0.00016785071056801826,
        0.9979105591773987
    ],
    "clip": [
        0.0010004043579101562,
        5.3882598876953125e-05,
        0.9990234375
    ],
    "eva": [
        2.369239471278206e-09,
        1.6239329880818332e-09,
        1.0
    ]
}