{
    "captions": [
        "the water",
        "a dolphin",
        "that"
    ],
    "metaclip": [
        0.0024223513901233673,
        0.9964524507522583,
        0.0011251623509451747
    ],
    "clip": [
        0.0018367767333984375,
        0.9970703125,
        0.00128173828125
    ],
    "eva": [
        8.068551035633753e-12,
        0.9999998807907104,
        7.737076401781451e-08
    ]
}