{
    "captions": [
        "a brown bear",
        "a tree",
        "the woods"
    ],
    "metaclip": [
        0.9931356906890869,
        0.00039149276562966406,
        0.006472799926996231
    ],
    "clip": [
        0.93359375,
        0.007411956787109375,
        0.058746337890625
    ],
    "eva": [
        1.0,
        3.023791937326048e-12,
        2.530999299032999e-10
    ]
}