{
    "captions": [
        "painting",
        "a long beak",
        "a duck",
        "a long neck"
    ],
    "metaclip": [
        0.0005626446800306439,
        0.011769820004701614,
        0.9867544770240784,
        0.0009130535181611776
    ],
    "clip": [
        0.00035309791564941406,
        0.038330078125,
        0.9580078125,
        0.003246307373046875
    ],
    "eva": [
        6.780417698658281e-13,
        1.9499384507071227e-06,
        0.9999979734420776,
        2.5153223504048583e-08
    ]
}