{
    "captions": [
        "a blue background",
        "painting",
        "the sky",
        "a hummingbird"
    ],
    "metaclip": [
        3.964965799241327e-05,
        0.01986103132367134,
        0.0011198738357052207,
        0.9789793491363525
    ],
    "clip": [
        0.006572723388671875,
        0.11651611328125,
        0.0020847320556640625,
        0.87451171875
    ],
    "eva": [
        1.8084322830468763e-14,
        6.733483246534888e-07,
        1.1210455984735426e-13,
        0.9999992847442627
    ]
}