{
    "captions": [
        "a pattern",
        "a wall",
        "arafed image",
        "a clock"
    ],
    "metaclip": [
        0.754206120967865,
        0.19878065586090088,
        0.03591427206993103,
        0.011098995804786682
    ],
    "clip": [
        0.1812744140625,
        0.065673828125,
        0.73974609375,
        0.01293182373046875
    ],
    "eva": [
        0.9793791770935059,
        0.019207650795578957,
        0.0011597612174227834,
        0.00025333723169751465
    ]
}