{
    "captions": [
        "a blue background",
        "a butterfly",
        "a close"
    ],
    "metaclip": [
        0.0003699429798871279,
        0.995171844959259,
        0.004458206240087748
    ],
    "clip": [
        0.03668212890625,
        0.96044921875,
        0.003009796142578125
    ],
    "eva": [
        4.090522679692926e-14,
        1.0,
        1.83249970753252e-10
    ]
}