{
    "captions": [
        "a butterfly",
        "painting",
        "a yellow background"
    ],
    "metaclip": [
        0.958405077457428,
        0.03934304788708687,
        0.002251923084259033
    ],
    "clip": [
        0.91943359375,
        0.067626953125,
        0.012908935546875
    ],
    "eva": [
        0.9999998807907104,
        1.760855496968361e-07,
        1.9105910430139428e-12
    ]
}