{
    "captions": [
        "a field",
        "flowers",
        "a picture"
    ],
    "metaclip": [
        0.0330917052924633,
        0.1197691485285759,
        0.8471392393112183
    ],
    "clip": [
        0.01372528076171875,
        0.082763671875,
        0.90380859375
    ],
    "eva": [
        2.9107973809061605e-09,
        3.943787305615842e-06,
        0.9999960660934448
    ]
}