{
    "captions": [
        "a rabbit",
        "the ocean",
        "the beach"
    ],
    "metaclip": [
        0.99662846326828,
        0.001496416749432683,
        0.0018751486204564571
    ],
    "clip": [
        0.98388671875,
        0.0005440711975097656,
        0.015411376953125
    ],
    "eva": [
        1.0,
        4.164984745980149e-10,
        4.349377746848404e-09
    ]
}