{
    "captions": [
        "a green van",
        "a road",
        "snow",
        "the ground",
        "painting"
    ],
    "metaclip": [
        0.9989839196205139,
        0.00040564200025983155,
        0.0003803777217399329,
        0.00011409862054279074,
        0.00011593565432121977
    ],
    "clip": [
        1.0,
        0.00010722875595092773,
        0.00013768672943115234,
        1.722574234008789e-05,
        4.07099723815918e-05
    ],
    "eva": [
        1.0,
        2.9074448404387e-10,
        2.3196170678696504e-11,
        1.5441687237642733e-16,
        1.7178299120635884e-14
    ]
}