{
    "captions": [
        "a refrigerator",
        "a kitchen",
        "a large island"
    ],
    "metaclip": [
        0.0340304858982563,
        0.9310740828514099,
        0.03489542007446289
    ],
    "clip": [
        0.0008039474487304688,
        0.9990234375,
        0.0002377033233642578
    ],
    "eva": [
        2.2395268388208933e-05,
        0.9999775886535645,
        1.2328609244605104e-08
    ]
}