{
    "captions": [
        "a scuba mask",
        "a man diving",
        "the water"
    ],
    "metaclip": [
        0.27460673451423645,
        0.7215437889099121,
        0.0038494772743433714
    ],
    "clip": [
        0.3173828125,
        0.671875,
        0.01085662841796875
    ],
    "eva": [
        0.03201571851968765,
        0.9679843187332153,
        5.023269578074974e-10
    ]
}