{
    "captions": [
        "a man diving",
        "a scuba mask",
        "the water"
    ],
    "metaclip": [
        0.7215430736541748,
        0.27460750937461853,
        0.0038494367618113756
    ],
    "clip": [
        0.66845703125,
        0.32080078125,
        0.0106353759765625
    ],
    "eva": [
        0.9679843783378601,
        0.0320155955851078,
        5.023298443873614e-10
    ]
}