{
    "captions": [
        "a monster truck",
        "large tires",
        "painting",
        "a cloudy day"
    ],
    "metaclip": [
        0.9976426959037781,
        0.0015683068195357919,
        0.0007654025102965534,
        2.35028492170386e-05
    ],
    "clip": [
        0.8818359375,
        0.11212158203125,
        0.00603485107421875,
        0.00014197826385498047
    ],
    "eva": [
        0.999998927116394,
        1.0175932629863382e-06,
        7.045974220742934e-11,
        1.281875416056543e-15
    ]
}