{
    "captions": [
        "a close",
        "it",
        "a palm tree",
        "a drawing",
        "a bird"
    ],
    "metaclip": [
        0.05497094988822937,
        0.009961279109120369,
        0.3354039490222931,
        0.382049560546875,
        0.2176142930984497
    ],
    "clip": [
        0.0430908203125,
        0.00391387939453125,
        0.06781005859375,
        0.57666015625,
        0.30859375
    ],
    "eva": [
        3.619755943873315e-07,
        8.30791719863555e-08,
        0.0008964876178652048,
        0.9990990161895752,
        4.034944140585139e-06
    ]
}