{
    "captions": [
        "painting",
        "a gray background",
        "a golden duck"
    ],
    "metaclip": [
        4.7406165322172455e-06,
        2.859391088350094e-07,
        0.9999949932098389
    ],
    "clip": [
        9.059906005859375e-06,
        1.0728836059570312e-06,
        1.0
    ],
    "eva": [
        5.1062898151747765e-17,
        2.2726587400986616e-21,
        1.0
    ]
}