{
    "captions": [
        "the woods",
        "that",
        "a bear"
    ],
    "metaclip": [
        0.009844786487519741,
        0.0007774165133014321,
        0.9893777966499329
    ],
    "clip": [
        0.050933837890625,
        0.0025177001953125,
        0.9462890625
    ],
    "eva": [
        3.841483575683924e-09,
        4.114423645534826e-12,
        1.0
    ]
}