{
    "captions": [
        "liquid",
        "a counter",
        "bottles",
        "a black holder"
    ],
    "metaclip": [
        0.018743306398391724,
        0.04967213794589043,
        0.17035380005836487,
        0.7612307071685791
    ],
    "clip": [
        0.0021343231201171875,
        0.08795166015625,
        0.00798797607421875,
        0.90234375
    ],
    "eva": [
        2.5528426594867426e-11,
        6.572999495801923e-07,
        3.1448681880874574e-08,
        0.9999992847442627
    ]
}