{
    "captions": [
        "a racing car",
        "a grass field",
        "a close"
    ],
    "metaclip": [
        0.9931036829948425,
        0.005544659681618214,
        0.0013516637263819575
    ],
    "clip": [
        0.97998046875,
        0.01195526123046875,
        0.00861358642578125
    ],
    "eva": [
        1.0,
        5.211285181161429e-09,
        5.112352319258662e-09
    ]
}