{
    "captions": [
        "lots",
        "arafed view",
        "a long empty warehouse",
        "windows"
    ],
    "metaclip": [
        0.0002986612089443952,
        7.266983448062092e-05,
        0.9993677735328674,
        0.00026086685829795897
    ],
    "clip": [
        0.00011479854583740234,
        0.00099945068359375,
        0.998046875,
        0.0007200241088867188
    ],
    "eva": [
        5.995964835747714e-10,
        7.28654983572774e-12,
        1.0,
        6.60551301157053e-12
    ]
}