{
    "captions": [
        "the woods",
        "a bear",
        "that"
    ],
    "metaclip": [
        0.0074632298201322556,
        0.9918501377105713,
        0.0006866259500384331
    ],
    "clip": [
        0.012420654296875,
        0.986328125,
        0.0007114410400390625
    ],
    "eva": [
        1.5220910087876405e-09,
        1.0,
        2.1173271469443478e-11
    ]
}