{
    "captions": [
        "a yellow and red wing",
        "a blue background",
        "a butterfly",
        "a close"
    ],
    "metaclip": [
        0.22587832808494568,
        0.0003046398051083088,
        0.7694660425186157,
        0.004350966773927212
    ],
    "clip": [
        0.0009365081787109375,
        0.0179595947265625,
        0.97998046875,
        0.0008869171142578125
    ],
    "eva": [
        9.194314998239861e-07,
        1.2235682302422224e-12,
        0.9999990463256836,
        3.272929149922277e-11
    ]
}