{
    "captions": [
        "a wetsuit",
        "the water",
        "a person"
    ],
    "metaclip": [
        0.7928533554077148,
        0.054078180342912674,
        0.15306852757930756
    ],
    "clip": [
        0.81591796875,
        0.1632080078125,
        0.0210723876953125
    ],
    "eva": [
        0.9999494552612305,
        2.1460800780914724e-06,
        4.8411322495667264e-05
    ]
}