{
    "captions": [
        "a person",
        "a picture",
        "a tie"
    ],
    "metaclip": [
        0.5369439721107483,
        0.3795691132545471,
        0.0834868848323822
    ],
    "clip": [
        0.194580078125,
        0.78173828125,
        0.0234222412109375
    ],
    "eva": [
        1.378166416543536e-07,
        0.9999986886978149,
        1.126549136643007e-06
    ]
}