{
    "captions": [
        "a black wetsuit diving",
        "the ocean",
        "arafed woman"
    ],
    "metaclip": [
        0.5010016560554504,
        0.31027841567993164,
        0.1887199580669403
    ],
    "clip": [
        0.8896484375,
        0.062469482421875,
        0.047882080078125
    ],
    "eva": [
        0.9999651908874512,
        4.276246272638673e-06,
        3.056889909203164e-05
    ]
}