{
    "captions": [
        "a wall",
        "front",
        "a dress",
        "a hat"
    ],
    "metaclip": [
        0.3586575984954834,
        0.16857653856277466,
        0.12507346272468567,
        0.34769245982170105
    ],
    "clip": [
        0.412353515625,
        0.05450439453125,
        0.185791015625,
        0.34716796875
    ],
    "eva": [
        0.9924858808517456,
        0.0016930580604821444,
        1.8298729628440924e-05,
        0.005802732426673174
    ]
}