{
    "captions": [
        "a gold duck",
        "a table",
        "that"
    ],
    "metaclip": [
        0.9999779462814331,
        1.3999932662045467e-06,
        2.0583740479196422e-05
    ],
    "clip": [
        1.0,
        2.980232238769531e-07,
        1.3113021850585938e-06
    ],
    "eva": [
        1.0,
        9.364460429514848e-18,
        3.9997539514387975e-14
    ]
}