{
    "captions": [
        "a blue sapphire",
        "diamond ring",
        "a close"
    ],
    "metaclip": [
        0.9932275414466858,
        0.006640893407166004,
        0.00013157598732504994
    ],
    "clip": [
        0.978515625,
        0.0212860107421875,
        1.811981201171875e-05
    ],
    "eva": [
        0.9999597072601318,
        4.025011003250256e-05,
        8.480489088746879e-10
    ]
}