{
    "captions": [
        "a rabbit",
        "the grass",
        "a flower",
        "a close"
    ],
    "metaclip": [
        0.9957883954048157,
        0.0026135300286114216,
        0.000357924698619172,
        0.0012401420390233397
    ],
    "clip": [
        0.990234375,
        0.007678985595703125,
        0.0011148452758789062,
        0.00096893310546875
    ],
    "eva": [
        1.0,
        1.189022404840534e-12,
        9.00457226143958e-12,
        1.5859983465427163e-11
    ]
}