{
    "captions": [
        "a knife",
        "a wooden cutting board",
        "it"
    ],
    "metaclip": [
        0.020202653482556343,
        0.9669970870018005,
        0.01280023530125618
    ],
    "clip": [
        0.00164794921875,
        0.998046875,
        3.516674041748047e-06
    ],
    "eva": [
        2.233540685736557e-09,
        1.0,
        1.6052078069539455e-11
    ]
}