{
    "captions": [
        "a bear",
        "trees",
        "a fallen tree",
        "a forest",
        "painting"
    ],
    "metaclip": [
        0.9681604504585266,
        0.004542434122413397,
        0.00019441112817730755,
        0.025298386812210083,
        0.0018043414456769824
    ],
    "clip": [
        0.96533203125,
        0.00453948974609375,
        0.00032639503479003906,
        0.00748443603515625,
        0.022705078125
    ],
    "eva": [
        0.9995774626731873,
        4.315133139698446e-08,
        1.454719344984312e-09,
        0.0004221232084091753,
        3.1010407042231236e-07
    ]
}