{
    "captions": [
        "a giraffe",
        "a diamond pattern",
        "it",
        "a close"
    ],
    "metaclip": [
        0.0004327378992456943,
        0.9301614761352539,
        0.016165008768439293,
        0.0532408207654953
    ],
    "clip": [
        0.0732421875,
        0.72802734375,
        0.07611083984375,
        0.12261962890625
    ],
    "eva": [
        1.0771130654063654e-08,
        0.9979603290557861,
        0.0019597981590777636,
        7.982181705301628e-05
    ]
}