{
    "captions": [
        "a rabbit",
        "a painting",
        "a rainbow background",
        "the grass"
    ],
    "metaclip": [
        0.9810234308242798,
        0.0025756917893886566,
        0.014883102849125862,
        0.0015177101595327258
    ],
    "clip": [
        0.87744140625,
        0.01418304443359375,
        0.10479736328125,
        0.003475189208984375
    ],
    "eva": [
        0.9999998807907104,
        1.656301833463658e-07,
        1.5246360840492912e-09,
        8.281736299346754e-13
    ]
}