{
    "captions": [
        "the dark",
        "arafed deer",
        "a blurry background"
    ],
    "metaclip": [
        0.0010122741805389524,
        0.9945290684700012,
        0.00445861741900444
    ],
    "clip": [
        0.00696563720703125,
        0.986328125,
        0.006801605224609375
    ],
    "eva": [
        1.3145098074276995e-12,
        1.0,
        8.347823765575413e-09
    ]
}