{
    "captions": [
        "a blurry picture",
        "a field",
        "a cow"
    ],
    "metaclip": [
        0.9443021416664124,
        0.010746045969426632,
        0.044951893389225006
    ],
    "clip": [
        0.92919921875,
        0.0051116943359375,
        0.06524658203125
    ],
    "eva": [
        0.9999340772628784,
        5.023606490794918e-07,
        6.54065006528981e-05
    ]
}