{
    "captions": [
        "a big ear",
        "a big nose",
        "a rabbit",
        "a painting"
    ],
    "metaclip": [
        0.017883894965052605,
        0.004949213936924934,
        0.975042998790741,
        0.002123922109603882
    ],
    "clip": [
        0.00420379638671875,
        0.0014190673828125,
        0.98193359375,
        0.0129547119140625
    ],
    "eva": [
        1.4046800345113297e-07,
        9.414492796455676e-11,
        0.9999998807907104,
        1.3247777874703104e-10
    ]
}