{
    "captions": [
        "a tiger",
        "a close",
        "a blurry background"
    ],
    "metaclip": [
        0.9983110427856445,
        0.0008164625032804906,
        0.0008724316139705479
    ],
    "clip": [
        0.998046875,
        0.0006556510925292969,
        0.0016222000122070312
    ],
    "eva": [
        1.0,
        7.38934781419065e-12,
        2.4145318990725917e-12
    ]
}