{
    "captions": [
        "a wetsuit diving",
        "the ocean",
        "arafed woman"
    ],
    "metaclip": [
        0.941715657711029,
        0.044213633984327316,
        0.014070714823901653
    ],
    "clip": [
        0.96435546875,
        0.01105499267578125,
        0.02490234375
    ],
    "eva": [
        0.9999997615814209,
        9.648083221236448e-08,
        1.1036187430590871e-07
    ]
}