{
    "captions": [
        "a blue and white tile background",
        "yellow duck"
    ],
    "metaclip": [
        0.0005543413572013378,
        0.9994456171989441
    ],
    "clip": [
        0.0007791519165039062,
        0.9990234375
    ],
    "eva": [
        1.9261105704089163e-14,
        1.0
    ]
}