{
    "captions": [
        "a close",
        "a blurry background",
        "a circular pattern",
        "a picture"
    ],
    "metaclip": [
        0.017818942666053772,
        0.14722810685634613,
        0.7812938690185547,
        0.05365906283259392
    ],
    "clip": [
        0.0034046173095703125,
        0.0716552734375,
        0.88671875,
        0.038360595703125
    ],
    "eva": [
        7.926142643555067e-06,
        6.110510730650276e-05,
        0.9958146214485168,
        0.0041163270361721516
    ]
}