{
    "captions": [
        "a person",
        "a shadow",
        "arafed image",
        "a square pattern"
    ],
    "metaclip": [
        0.0006673735333606601,
        0.0006991773843765259,
        0.0014486227883026004,
        0.9971848130226135
    ],
    "clip": [
        0.0015840530395507812,
        0.0026111602783203125,
        0.181640625,
        0.81396484375
    ],
    "eva": [
        1.0401966221706971e-07,
        7.872764484773143e-08,
        7.532483323302586e-06,
        0.9999922513961792
    ]
}