{
    "captions": [
        "a rabbit",
        "the beach",
        "a dog"
    ],
    "metaclip": [
        0.9986673593521118,
        7.027613173704594e-05,
        0.0012624654918909073
    ],
    "clip": [
        0.9990234375,
        0.0003223419189453125,
        0.00046539306640625
    ],
    "eva": [
        1.0,
        1.4466428055470715e-11,
        6.546103936688752e-11
    ]
}