{
    "captions": [
        "a wooden stand",
        "liquid",
        "five bottles"
    ],
    "metaclip": [
        0.9279494285583496,
        0.03481993079185486,
        0.03723064437508583
    ],
    "clip": [
        0.9970703125,
        0.001499176025390625,
        0.00148773193359375
    ],
    "eva": [
        0.9916940331459045,
        1.332390127117833e-07,
        0.008305811323225498
    ]
}