{
    "captions": [
        "a white background",
        "a tiger's face",
        "a close"
    ],
    "metaclip": [
        8.2340047811158e-05,
        0.9994876384735107,
        0.000430041691288352
    ],
    "clip": [
        0.0005526542663574219,
        0.9990234375,
        0.00028228759765625
    ],
    "eva": [
        7.49555625900733e-12,
        1.0,
        1.780462111078407e-09
    ]
}