{
    "captions": [
        "a tree stump",
        "painting",
        "the woods",
        "a squirrel"
    ],
    "metaclip": [
        0.0008629094227217138,
        0.0008892201003618538,
        0.0017191077349707484,
        0.9965288043022156
    ],
    "clip": [
        0.013336181640625,
        0.01007080078125,
        0.041748046875,
        0.93505859375
    ],
    "eva": [
        1.4008899595907565e-09,
        3.960821948201243e-11,
        4.569849776370205e-10,
        1.0
    ]
}