{
    "captions": [
        "a scuba mask",
        "a man",
        "a wet suit"
    ],
    "metaclip": [
        0.6767696142196655,
        0.07608134299516678,
        0.2471490055322647
    ],
    "clip": [
        0.86669921875,
        0.006412506103515625,
        0.1268310546875
    ],
    "eva": [
        0.9992153644561768,
        9.67125970419147e-07,
        0.0007836116710677743
    ]
}