{
    "captions": [
        "the background",
        "pink flowers",
        "squirrel",
        "a flowery field"
    ],
    "metaclip": [
        0.0001347678917227313,
        0.0006662736414000392,
        0.9936443567276001,
        0.005554518196731806
    ],
    "clip": [
        0.0007176399230957031,
        0.0570068359375,
        0.919921875,
        0.022674560546875
    ],
    "eva": [
        6.918207326456205e-13,
        5.377368097470026e-07,
        0.9999994039535522,
        9.825688707110203e-09
    ]
}