{
    "captions": [
        "trees",
        "araffe",
        "the snow",
        "a wooded area"
    ],
    "metaclip": [
        0.0012773438356816769,
        0.9757000803947449,
        0.022567519918084145,
        0.00045499857515096664
    ],
    "clip": [
        0.00283050537109375,
        0.85546875,
        0.1087646484375,
        0.03265380859375
    ],
    "eva": [
        8.075515324890148e-06,
        0.9301057457923889,
        0.06946734338998795,
        0.0004187741142231971
    ]
}