{
    "captions": [
        "a duck",
        "painting",
        "a white background",
        "a yellow beak"
    ],
    "metaclip": [
        0.9841499924659729,
        0.00018332026957068592,
        0.00038326557842083275,
        0.015283378772437572
    ],
    "clip": [
        0.876953125,
        0.00010323524475097656,
        0.00460052490234375,
        0.11865234375
    ],
    "eva": [
        1.0,
        1.554128733257526e-13,
        1.4134244989694178e-12,
        4.1499621517004925e-08
    ]
}