{
    "captions": [
        "a large smile",
        "arafed image",
        "his face",
        "a dog"
    ],
    "metaclip": [
        0.04650435969233513,
        0.045597925782203674,
        0.11896955221891403,
        0.7889280915260315
    ],
    "clip": [
        0.0125732421875,
        0.54296875,
        0.0213775634765625,
        0.4228515625
    ],
    "eva": [
        0.000505483360029757,
        0.0012844851007685065,
        0.00047796813305467367,
        0.9977319240570068
    ]
}