{
    "captions": [
        "a bed",
        "a close",
        "a stuffed rabbit"
    ],
    "metaclip": [
        0.00031040020985528827,
        0.000867552007548511,
        0.998822033405304
    ],
    "clip": [
        0.0030269622802734375,
        1.537799835205078e-05,
        0.9970703125
    ],
    "eva": [
        5.248460086676454e-14,
        4.8555575013454425e-15,
        1.0
    ]
}