{
    "captions": [
        "a rabbit",
        "a field",
        "painting",
        "grass"
    ],
    "metaclip": [
        0.995418906211853,
        0.0007356242276728153,
        0.0025798878632485867,
        0.001265683793462813
    ],
    "clip": [
        0.97998046875,
        0.0006852149963378906,
        0.018524169921875,
        0.0013628005981445312
    ],
    "eva": [
        1.0,
        1.0075792197111744e-12,
        1.3533929532627553e-10,
        6.271976427801862e-12
    ]
}