{
    "captions": [
        "a branch",
        "a bird",
        "that",
        "a tree"
    ],
    "metaclip": [
        0.02888443134725094,
        0.9611973762512207,
        0.008275795727968216,
        0.0016424948116764426
    ],
    "clip": [
        0.00853729248046875,
        0.98681640625,
        0.00057220458984375,
        0.00409698486328125
    ],
    "eva": [
        1.7824683595790702e-07,
        0.9999997615814209,
        7.79398163786027e-08,
        6.054329260152258e-11
    ]
}