{
    "captions": [
        "a building",
        "a chimney",
        "arafed view",
        "a factory"
    ],
    "metaclip": [
        0.002967605832964182,
        0.12317529320716858,
        0.0001330758532276377,
        0.8737239837646484
    ],
    "clip": [
        0.047119140625,
        0.101318359375,
        0.00325775146484375,
        0.84814453125
    ],
    "eva": [
        8.076628546405118e-06,
        0.05309730023145676,
        3.1747793283187775e-09,
        0.9468945860862732
    ]
}