{
    "captions": [
        "painting",
        "a forest",
        "a rock",
        "a rabbit"
    ],
    "metaclip": [
        0.002641060622408986,
        0.005016930866986513,
        0.006857096217572689,
        0.9854848980903625
    ],
    "clip": [
        0.021759033203125,
        0.007175445556640625,
        0.0012865066528320312,
        0.9697265625
    ],
    "eva": [
        7.252105138633169e-09,
        7.55325118007022e-08,
        1.0840741637707652e-08,
        0.9999998807907104
    ]
}