{
    "captions": [
        "dolphin",
        "a blurry background",
        "the water"
    ],
    "metaclip": [
        0.9931487441062927,
        0.006133303511887789,
        0.0007178998785093427
    ],
    "clip": [
        0.97607421875,
        0.01788330078125,
        0.00580596923828125
    ],
    "eva": [
        1.0,
        3.0254430904985696e-11,
        3.6062209533664624e-13
    ]
}