{
    "captions": [
        "a camera",
        "the ocean",
        "a shark swimming"
    ],
    "metaclip": [
        2.586890332167968e-05,
        0.0006142979254946113,
        0.9993599057197571
    ],
    "clip": [
        4.094839096069336e-05,
        0.0018100738525390625,
        0.998046875
    ],
    "eva": [
        2.168299047256017e-11,
        5.837361705118838e-10,
        1.0
    ]
}