{
    "captions": [
        "a pattern",
        "squares",
        "a blanket",
        "araffe"
    ],
    "metaclip": [
        0.5307505130767822,
        0.39691218733787537,
        0.026660628616809845,
        0.045676711946725845
    ],
    "clip": [
        0.241943359375,
        0.1650390625,
        0.29638671875,
        0.29638671875
    ],
    "eva": [
        0.801841139793396,
        0.1573525220155716,
        0.002074830001220107,
        0.038731466978788376
    ]
}