{
    "captions": [
        "a close",
        "a tree branch",
        "a koala"
    ],
    "metaclip": [
        0.0005281748599372804,
        0.00014447842841036618,
        0.9993273019790649
    ],
    "clip": [
        0.00012934207916259766,
        0.00011962652206420898,
        1.0
    ],
    "eva": [
        2.7889679454773386e-10,
        7.515067561303379e-12,
        1.0
    ]
}