{
    "captions": [
        "a couch",
        "a cat",
        "a blanket",
        "that"
    ],
    "metaclip": [
        0.1539720743894577,
        0.17398107051849365,
        0.2988680601119995,
        0.37317878007888794
    ],
    "clip": [
        0.192138671875,
        0.52197265625,
        0.0936279296875,
        0.192138671875
    ],
    "eva": [
        0.00015995984722394496,
        2.012490585912019e-05,
        0.004104604013264179,
        0.9957152009010315
    ]
}