{
    "captions": [
        "two construction machines",
        "the ground",
        "that"
    ],
    "metaclip": [
        0.9765138030052185,
        0.016033075749874115,
        0.007453101221472025
    ],
    "clip": [
        0.9892578125,
        0.010162353515625,
        0.0005736351013183594
    ],
    "eva": [
        0.9999891519546509,
        6.551838538371157e-08,
        1.0721169928729068e-05
    ]
}