{
    "captions": [
        "the camera",
        "a field",
        "them",
        "two brown animals"
    ],
    "metaclip": [
        0.003180417465046048,
        0.005461996886879206,
        0.016745347529649734,
        0.9746121764183044
    ],
    "clip": [
        0.00617218017578125,
        0.0025920867919921875,
        0.0751953125,
        0.916015625
    ],
    "eva": [
        2.677216087709766e-11,
        6.977198766661141e-12,
        2.4469393622439384e-08,
        1.0
    ]
}