{
    "captions": [
        "a hummingbird",
        "painting",
        "the sky",
        "a green background"
    ],
    "metaclip": [
        0.9866414070129395,
        0.013004911132156849,
        0.0002954462543129921,
        5.8214554883306846e-05
    ],
    "clip": [
        0.92578125,
        0.072509765625,
        0.0002237558364868164,
        0.0016527175903320312
    ],
    "eva": [
        0.9999995231628418,
        4.889290607934527e-07,
        1.0924435489524046e-14,
        9.888435420967942e-15
    ]
}