{
    "captions": [
        "a blue and orange wing",
        "a butterfly",
        "painting"
    ],
    "metaclip": [
        0.3120782971382141,
        0.6720831990242004,
        0.015838533639907837
    ],
    "clip": [
        0.083251953125,
        0.85400390625,
        0.0628662109375
    ],
    "eva": [
        0.0003514059935696423,
        0.9996484518051147,
        1.1356382145777388e-07
    ]
}