{
    "captions": [
        "arafed dog",
        "a blue background",
        "a big smile"
    ],
    "metaclip": [
        0.725434422492981,
        0.000429072737460956,
        0.2741365134716034
    ],
    "clip": [
        0.84521484375,
        0.005435943603515625,
        0.149169921875
    ],
    "eva": [
        0.9963815212249756,
        3.056147557245481e-09,
        0.0036184797063469887
    ]
}