{
    "captions": [
        "painting",
        "a bulldozer",
        "a large quarry"
    ],
    "metaclip": [
        0.016972968354821205,
        0.17648229002952576,
        0.8065447807312012
    ],
    "clip": [
        0.037811279296875,
        0.07403564453125,
        0.88818359375
    ],
    "eva": [
        4.1932250383069913e-07,
        1.4526586710417178e-05,
        0.9999849796295166
    ]
}