{
    "captions": [
        "a pattern",
        "a dog's face",
        "a close",
        "it"
    ],
    "metaclip": [
        0.8494735360145569,
        0.04725252464413643,
        0.08495993912220001,
        0.018313976004719734
    ],
    "clip": [
        0.193359375,
        0.55078125,
        0.09796142578125,
        0.1578369140625
    ],
    "eva": [
        0.008375673554837704,
        0.0015974340494722128,
        0.0024863500148057938,
        0.9875405430793762
    ]
}