{
    "captions": [
        "a laptop",
        "a table",
        "a printer",
        "a close"
    ],
    "metaclip": [
        0.00014899607049301267,
        0.00015459104906767607,
        0.9996582269668579,
        3.819295307039283e-05
    ],
    "clip": [
        6.812810897827148e-05,
        6.377696990966797e-06,
        1.0,
        3.2782554626464844e-06
    ],
    "eva": [
        3.5740737626410723e-12,
        8.4644843217907e-12,
        1.0,
        3.986475212436336e-12
    ]
}