{
    "captions": [
        "a tiger",
        "a rock",
        "that",
        "the water"
    ],
    "metaclip": [
        0.7232851386070251,
        0.08238599449396133,
        0.0732218325138092,
        0.1211070716381073
    ],
    "clip": [
        0.7978515625,
        0.01438140869140625,
        0.0126953125,
        0.1751708984375
    ],
    "eva": [
        0.9999971389770508,
        3.271361137535678e-08,
        2.3305169634113554e-06,
        4.787155489793804e-07
    ]
}