{
    "captions": [
        "a small wooden table",
        "a keyboard",
        "a book"
    ],
    "metaclip": [
        0.9201406836509705,
        0.001312356791459024,
        0.07854703813791275
    ],
    "clip": [
        0.990234375,
        0.0081787109375,
        0.0014314651489257812
    ],
    "eva": [
        0.9973611235618591,
        0.0024351596366614103,
        0.00020372605649754405
    ]
}