{
    "captions": [
        "a green background",
        "a painting",
        "a long ear",
        "a rabbit"
    ],
    "metaclip": [
        0.00026455376064404845,
        0.0030644743237644434,
        0.05199076980352402,
        0.9446802139282227
    ],
    "clip": [
        0.00917816162109375,
        0.06573486328125,
        0.0179595947265625,
        0.9072265625
    ],
    "eva": [
        1.9054061205627058e-15,
        5.401839531238295e-10,
        6.548161479713599e-08,
        0.9999998807907104
    ]
}