{
    "captions": [
        "a small bird",
        "a piece",
        "snow"
    ],
    "metaclip": [
        0.983898937702179,
        0.002301705302670598,
        0.013799410313367844
    ],
    "clip": [
        0.97607421875,
        0.00213623046875,
        0.02191162109375
    ],
    "eva": [
        0.999808132648468,
        6.978955298109213e-06,
        0.00018481934966985136
    ]
}