{
    "captions": [
        "a branch",
        "a tree branch",
        "araffe",
        "its head"
    ],
    "metaclip": [
        0.23621007800102234,
        0.39328888058662415,
        0.08624278753995895,
        0.28425824642181396
    ],
    "clip": [
        0.331298828125,
        0.154052734375,
        0.399658203125,
        0.114501953125
    ],
    "eva": [
        0.31519997119903564,
        0.6840581893920898,
        0.0003221625811420381,
        0.0004197106172796339
    ]
}