{
    "captions": [
        "a metal object",
        "a white surface",
        "a close"
    ],
    "metaclip": [
        0.4143931269645691,
        0.03155374526977539,
        0.5540531277656555
    ],
    "clip": [
        0.990234375,
        0.0084381103515625,
        0.0015850067138671875
    ],
    "eva": [
        0.4616013467311859,
        0.0012151517439633608,
        0.5371834635734558
    ]
}