{
    "captions": [
        "painting",
        "a grassy field",
        "huge tires",
        "a monster truck"
    ],
    "metaclip": [
        0.0010539090726524591,
        1.0665338550097658e-06,
        0.0024119431618601084,
        0.9965330362319946
    ],
    "clip": [
        0.0357666015625,
        0.0004100799560546875,
        0.08319091796875,
        0.88037109375
    ],
    "eva": [
        5.759989707421198e-12,
        4.062558903378862e-15,
        3.941806312468543e-07,
        0.9999996423721313
    ]
}