{
    "captions": [
        "trees",
        "painting",
        "a forest",
        "grass",
        "a bear"
    ],
    "metaclip": [
        0.0006658200290985405,
        0.0009097331785596907,
        0.006019398104399443,
        0.0004423262143973261,
        0.991962730884552
    ],
    "clip": [
        0.00894927978515625,
        0.02471923828125,
        0.01262664794921875,
        0.0116729736328125,
        0.94189453125
    ],
    "eva": [
        4.801839806854724e-13,
        4.885817306288232e-10,
        8.100023762835917e-08,
        3.915269801077481e-13,
        0.9999998807907104
    ]
}