{
    "captions": [
        "a green background",
        "the air",
        "brightly colored bird"
    ],
    "metaclip": [
        9.88405299722217e-05,
        0.0013027958339080215,
        0.9985983967781067
    ],
    "clip": [
        0.00689697265625,
        0.0005321502685546875,
        0.9921875
    ],
    "eva": [
        5.263366511295414e-14,
        2.7884557510238217e-11,
        1.0
    ]
}