{
    "captions": [
        "a garden",
        "flowers",
        "squirrel",
        "a mossy rock"
    ],
    "metaclip": [
        0.005705616436898708,
        0.00044459945638664067,
        0.9937117099761963,
        0.00013807321374770254
    ],
    "clip": [
        0.0029315948486328125,
        0.0007529258728027344,
        0.99609375,
        1.4662742614746094e-05
    ],
    "eva": [
        1.5817720111499511e-07,
        2.148708322380344e-09,
        0.9999998807907104,
        4.745300916667245e-16
    ]
}