{
    "captions": [
        "sunset",
        "arafed view",
        "the water",
        "a large ship"
    ],
    "metaclip": [
        0.5626987218856812,
        0.06602155417203903,
        0.25692692399024963,
        0.1143527626991272
    ],
    "clip": [
        0.149658203125,
        0.1011962890625,
        0.288330078125,
        0.460693359375
    ],
    "eva": [
        0.9995238780975342,
        0.0004096066113561392,
        6.639595812885091e-05,
        1.490711838414427e-07
    ]
}