{
    "captions": [
        "a desk",
        "a printer",
        "a mouse"
    ],
    "metaclip": [
        0.0014433390460908413,
        0.998439371585846,
        0.00011723631905624643
    ],
    "clip": [
        0.00757598876953125,
        0.9921875,
        0.00018095970153808594
    ],
    "eva": [
        1.406342278187367e-07,
        0.9999998807907104,
        2.3254076615686348e-14
    ]
}