{
    "captions": [
        "painting",
        "the grass",
        "a park",
        "a rabbit"
    ],
    "metaclip": [
        0.0031438719015568495,
        0.0012154390569776297,
        0.0004637512320186943,
        0.9951769113540649
    ],
    "clip": [
        0.017913818359375,
        0.003993988037109375,
        0.000431060791015625,
        0.9775390625
    ],
    "eva": [
        1.4594179198468282e-09,
        2.164222983767547e-13,
        2.3289213439692258e-12,
        1.0
    ]
}