{
    "captions": [
        "a toothbrush",
        "a man's face",
        "his mouth",
        "arafed image"
    ],
    "metaclip": [
        0.031648095697164536,
        0.018173279240727425,
        0.2972469627857208,
        0.6529316902160645
    ],
    "clip": [
        0.0177154541015625,
        0.06329345703125,
        0.01025390625,
        0.90869140625
    ],
    "eva": [
        0.0017338460311293602,
        0.0008345076348632574,
        0.22458961606025696,
        0.7728419899940491
    ]
}