{
    "captions": [
        "a whale",
        "painting",
        "the water"
    ],
    "metaclip": [
        0.9940723776817322,
        0.0016647966112941504,
        0.004262818023562431
    ],
    "clip": [
        0.98193359375,
        0.01216888427734375,
        0.006511688232421875
    ],
    "eva": [
        1.0,
        2.9695573999788394e-08,
        1.3444375612792214e-09
    ]
}