{
    "captions": [
        "a fish",
        "its mouth",
        "the water",
        "dolphin"
    ],
    "metaclip": [
        0.0007307943305931985,
        0.00015396872186101973,
        0.00016004870121832937,
        0.9989551305770874
    ],
    "clip": [
        0.0011501312255859375,
        0.00045037269592285156,
        0.0006976127624511719,
        0.99755859375
    ],
    "eva": [
        1.7281527597834412e-10,
        6.736367648592367e-14,
        9.817255007245427e-15,
        1.0
    ]
}