{
    "captions": [
        "a cloudy sky",
        "a wet road"
    ],
    "metaclip": [
        0.02699904888868332,
        0.9730009436607361
    ],
    "clip": [
        0.708984375,
        0.291015625
    ],
    "eva": [
        1.0254981361867976e-06,
        0.999998927116394
    ]
}