{
    "captions": [
        "a spider",
        "that",
        "the ground"
    ],
    "metaclip": [
        0.9428463578224182,
        0.04244903475046158,
        0.014704533852636814
    ],
    "clip": [
        0.998046875,
        0.0007309913635253906,
        0.0013141632080078125
    ],
    "eva": [
        0.9999326467514038,
        6.739670789102092e-05,
        7.227315634850129e-09
    ]
}