{
    "captions": [
        "a white rabbit",
        "a blanket",
        "the beach"
    ],
    "metaclip": [
        0.9995179176330566,
        0.00012410760973580182,
        0.000357900804374367
    ],
    "clip": [
        1.0,
        9.059906005859375e-06,
        0.0001609325408935547
    ],
    "eva": [
        1.0,
        1.1442004028278108e-12,
        2.0235110462230033e-11
    ]
}