{
    "captions": [
        "a blue background",
        "a shark",
        "a close",
        "a white background"
    ],
    "metaclip": [
        0.0013011088594794273,
        0.9981520771980286,
        0.00044168729800730944,
        0.00010504448437131941
    ],
    "clip": [
        0.00017786026000976562,
        0.998046875,
        0.0001723766326904297,
        0.0018100738525390625
    ],
    "eva": [
        1.64169604966553e-14,
        1.0,
        8.12190315002681e-11,
        2.884473530254811e-13
    ]
}