{
    "captions": [
        "a skateboard",
        "a person",
        "the air",
        "arafed image"
    ],
    "metaclip": [
        0.019999247044324875,
        0.4987962543964386,
        0.43740588426589966,
        0.04379858449101448
    ],
    "clip": [
        0.03460693359375,
        0.173095703125,
        0.6533203125,
        0.1390380859375
    ],
    "eva": [
        0.29657280445098877,
        0.525177538394928,
        0.053134966641664505,
        0.12511470913887024
    ]
}