{
    "captions": [
        "a duck",
        "that",
        "the ground"
    ],
    "metaclip": [
        0.9978836178779602,
        0.0014386283000931144,
        0.0006777257076464593
    ],
    "clip": [
        0.9951171875,
        0.004467010498046875,
        0.00035262107849121094
    ],
    "eva": [
        1.0,
        2.313997327085815e-10,
        2.748985284198313e-12
    ]
}