{
    "captions": [
        "painting",
        "two dolphins",
        "the water"
    ],
    "metaclip": [
        0.20876438915729523,
        0.625670850276947,
        0.16556476056575775
    ],
    "clip": [
        0.042205810546875,
        0.861328125,
        0.09661865234375
    ],
    "eva": [
        0.0040218643844127655,
        0.9908708930015564,
        0.005107180681079626
    ]
}