{
    "captions": [
        "boat",
        "that",
        "a sign",
        "zebra"
    ],
    "metaclip": [
        0.4661996066570282,
        0.0008649944211356342,
        0.0005288037937134504,
        0.5324065685272217
    ],
    "clip": [
        0.6689453125,
        0.00018453598022460938,
        0.00010269880294799805,
        0.3310546875
    ],
    "eva": [
        0.9999128580093384,
        5.5579412600037514e-11,
        5.123624370910115e-15,
        8.713261922821403e-05
    ]
}