{
    "captions": [
        "a tile floor",
        "a dog",
        "that"
    ],
    "metaclip": [
        0.9927041530609131,
        0.0036234271246939898,
        0.003672437509521842
    ],
    "clip": [
        0.650390625,
        0.347900390625,
        0.002101898193359375
    ],
    "eva": [
        0.8297262787818909,
        0.0006066265050321817,
        0.16966712474822998
    ]
}