{
    "captions": [
        "a wooden table",
        "a cat",
        "that"
    ],
    "metaclip": [
        0.9850902557373047,
        0.0005239165620878339,
        0.014385932125151157
    ],
    "clip": [
        0.9921875,
        0.0056304931640625,
        0.002498626708984375
    ],
    "eva": [
        0.999954342842102,
        2.6310942757845623e-07,
        4.538997382041998e-05
    ]
}