{
    "captions": [
        "a squirrel",
        "a tree branch",
        "that"
    ],
    "metaclip": [
        0.9953210949897766,
        0.004418745171278715,
        0.0002602450258564204
    ],
    "clip": [
        0.99365234375,
        0.006290435791015625,
        8.296966552734375e-05
    ],
    "eva": [
        0.9999992847442627,
        6.968858770051156e-07,
        1.4537458736807451e-10
    ]
}