{
    "captions": [
        "a butterfly",
        "painting",
        "yellow wings",
        "a blue background"
    ],
    "metaclip": [
        0.8956286311149597,
        0.012733222916722298,
        0.09016992896795273,
        0.0014682002365589142
    ],
    "clip": [
        0.87451171875,
        0.09808349609375,
        0.019927978515625,
        0.0072174072265625
    ],
    "eva": [
        1.0,
        5.378199219308044e-08,
        7.746375985107079e-09,
        3.162016004934487e-13
    ]
}