{
    "captions": [
        "the ocean",
        "a person",
        "a shark swimming",
        "the back"
    ],
    "metaclip": [
        0.005694490857422352,
        0.00030089859501458704,
        0.9939517378807068,
        5.2806299208896235e-05
    ],
    "clip": [
        0.00818634033203125,
        5.02467155456543e-05,
        0.99169921875,
        1.2814998626708984e-05
    ],
    "eva": [
        5.391919355446362e-09,
        5.3487266699070446e-12,
        1.0,
        1.5507873068652204e-15
    ]
}