{
    "captions": [
        "it",
        "a shark swimming",
        "the ocean",
        "a light"
    ],
    "metaclip": [
        0.00023892040189821273,
        0.9945164322853088,
        0.004625278525054455,
        0.0006193472654558718
    ],
    "clip": [
        3.4570693969726562e-06,
        0.9951171875,
        0.005222320556640625,
        0.00011628866195678711
    ],
    "eva": [
        4.183148405445536e-08,
        0.9999998807907104,
        6.11718178333831e-08,
        7.148061031969632e-10
    ]
}