{
    "captions": [
        "tie",
        "a white stuffed rabbit",
        "a red bow"
    ],
    "metaclip": [
        0.0003141249471809715,
        0.9991839528083801,
        0.0005019156960770488
    ],
    "clip": [
        0.0009360313415527344,
        0.9951171875,
        0.004398345947265625
    ],
    "eva": [
        3.504660144450049e-14,
        1.0,
        2.793827322267184e-11
    ]
}