{
    "captions": [
        "a blue background",
        "a hummingbird",
        "painting",
        "the sky"
    ],
    "metaclip": [
        3.070589082199149e-05,
        0.984601616859436,
        0.014618664048612118,
        0.0007489228737540543
    ],
    "clip": [
        0.0017309188842773438,
        0.93994140625,
        0.0582275390625,
        0.00019419193267822266
    ],
    "eva": [
        2.1607319882974152e-13,
        0.9999973773956299,
        2.587838253020891e-06,
        6.768367198086919e-14
    ]
}