{
    "captions": [
        "it",
        "a building",
        "a clock",
        "a pattern",
        "the wall"
    ],
    "metaclip": [
        0.00770170334726572,
        0.00842228252440691,
        0.0034576845355331898,
        0.9310826659202576,
        0.049335598945617676
    ],
    "clip": [
        0.002948760986328125,
        0.02587890625,
        0.06304931640625,
        0.88427734375,
        0.0239410400390625
    ],
    "eva": [
        0.002105242805555463,
        8.04856426839251e-06,
        5.601044176728465e-05,
        0.9977421760559082,
        8.855198393575847e-05
    ]
}