{
    "captions": [
        "a blue surface",
        "a close",
        "a toy shark"
    ],
    "metaclip": [
        0.004713097587227821,
        0.005004565231502056,
        0.990282416343689
    ],
    "clip": [
        1.4185905456542969e-05,
        9.715557098388672e-06,
        1.0
    ],
    "eva": [
        4.217119546363196e-14,
        6.759544313172938e-11,
        1.0
    ]
}