{
    "captions": [
        "a bear",
        "the woods",
        "that"
    ],
    "metaclip": [
        0.9963967204093933,
        0.0031989598646759987,
        0.00040436306153424084
    ],
    "clip": [
        0.9560546875,
        0.04266357421875,
        0.0008320808410644531
    ],
    "eva": [
        1.0,
        8.609111201707265e-10,
        1.5611782699931354e-10
    ]
}