{
    "captions": [
        "a forest",
        "a white rabbit",
        "painting",
        "leaves"
    ],
    "metaclip": [
        8.143844024743885e-05,
        0.9996583461761475,
        0.00020293460693210363,
        5.729516124119982e-05
    ],
    "clip": [
        0.00214385986328125,
        0.9951171875,
        0.0027523040771484375,
        0.00039649009704589844
    ],
    "eva": [
        4.76917225329665e-13,
        1.0,
        1.4021743835468392e-11,
        3.018233856203964e-14
    ]
}