{
    "captions": [
        "a pink collar",
        "arafed image",
        "a dog"
    ],
    "metaclip": [
        0.0005541509599424899,
        0.04743671417236328,
        0.9520090818405151
    ],
    "clip": [
        0.0020542144775390625,
        0.5107421875,
        0.4873046875
    ],
    "eva": [
        1.1353169071526281e-07,
        0.04171908646821976,
        0.9582808017730713
    ]
}