{
    "captions": [
        "a living room",
        "a stand",
        "a television"
    ],
    "metaclip": [
        0.01939346082508564,
        0.0037357406690716743,
        0.9768707752227783
    ],
    "clip": [
        0.01690673828125,
        0.0007090568542480469,
        0.98291015625
    ],
    "eva": [
        0.019115813076496124,
        1.0841356015589554e-05,
        0.9808732867240906
    ]
}