{
    "captions": [
        "a turkey",
        "a red head",
        "a close"
    ],
    "metaclip": [
        0.9999004602432251,
        4.783986514667049e-05,
        5.1680286560440436e-05
    ],
    "clip": [
        0.9990234375,
        0.0005974769592285156,
        0.0005974769592285156
    ],
    "eva": [
        1.0,
        5.742010599635305e-13,
        7.000469539990284e-13
    ]
}