{
    "captions": [
        "painting",
        "the woods",
        "a tree",
        "a rabbit"
    ],
    "metaclip": [
        0.0049537429586052895,
        0.000821686873678118,
        0.0006832818035036325,
        0.9935412406921387
    ],
    "clip": [
        0.0243377685546875,
        0.07379150390625,
        0.00286102294921875,
        0.89892578125
    ],
    "eva": [
        4.383498897198024e-09,
        3.5690636557283995e-10,
        9.038911286118889e-10,
        1.0
    ]
}