{
    "captions": [
        "painting",
        "a blurry background",
        "a flower",
        "a butterfly"
    ],
    "metaclip": [
        0.0009660673676989973,
        0.08106733858585358,
        0.004963301587849855,
        0.9130032658576965
    ],
    "clip": [
        0.01166534423828125,
        0.04266357421875,
        0.004497528076171875,
        0.94140625
    ],
    "eva": [
        4.419334065364211e-10,
        2.092021986754844e-06,
        1.5314648438291556e-09,
        0.9999978542327881
    ]
}