{
    "captions": [
        "a squirrel",
        "a tree branch",
        "that"
    ],
    "metaclip": [
        0.9965454936027527,
        0.0030141877941787243,
        0.00044032925507053733
    ],
    "clip": [
        0.99853515625,
        0.0011882781982421875,
        4.094839096069336e-05
    ],
    "eva": [
        1.0,
        1.3900181450310356e-08,
        4.138810474896282e-11
    ]
}