{
    "captions": [
        "a table",
        "a lens",
        "a camera",
        "a close"
    ],
    "metaclip": [
        0.0022961560171097517,
        0.17496827244758606,
        0.8187380433082581,
        0.00399757269769907
    ],
    "clip": [
        6.747245788574219e-05,
        0.022918701171875,
        0.974609375,
        0.00223541259765625
    ],
    "eva": [
        5.741428383068681e-13,
        9.927659448294435e-06,
        0.9999901056289673,
        4.3017676226719814e-11
    ]
}