{
    "captions": [
        "a close",
        "a wall",
        "a cage",
        "a tiger"
    ],
    "metaclip": [
        0.001499531208537519,
        0.00045786536065861583,
        0.004592886660248041,
        0.9934497475624084
    ],
    "clip": [
        0.0002777576446533203,
        0.00024700164794921875,
        0.0005192756652832031,
        0.9990234375
    ],
    "eva": [
        1.5155200705496696e-10,
        1.8724912245748904e-11,
        3.4197273485192525e-11,
        1.0
    ]
}