{
    "captions": [
        "a blue background",
        "a hummingbird",
        "painting",
        "the sky"
    ],
    "metaclip": [
        4.616815203917213e-05,
        0.9832586050033569,
        0.015572958625853062,
        0.0011222297325730324
    ],
    "clip": [
        0.0014162063598632812,
        0.89892578125,
        0.09930419921875,
        0.0002206563949584961
    ],
    "eva": [
        3.978394321607886e-15,
        0.9999998807907104,
        8.593715250526657e-08,
        1.2076701672112528e-13
    ]
}