{
    "captions": [
        "the snow",
        "a bird",
        "that"
    ],
    "metaclip": [
        0.018004998564720154,
        0.9798123836517334,
        0.002182584023103118
    ],
    "clip": [
        0.1776123046875,
        0.8212890625,
        0.00133514404296875
    ],
    "eva": [
        8.259222568085534e-07,
        0.9999982118606567,
        9.70660494203912e-07
    ]
}