{
    "captions": [
        "a snowy road",
        "arafed van",
        "the sun"
    ],
    "metaclip": [
        0.043957434594631195,
        0.952992856502533,
        0.003049671184271574
    ],
    "clip": [
        0.00046539306640625,
        0.9990234375,
        0.0008425712585449219
    ],
    "eva": [
        0.999995231628418,
        4.804931450053118e-06,
        4.412617493620985e-10
    ]
}