{
    "captions": [
        "a train",
        "the day",
        "that",
        "the tracks"
    ],
    "metaclip": [
        0.07425957918167114,
        0.11915545910596848,
        0.6694481372833252,
        0.13713689148426056
    ],
    "clip": [
        0.12371826171875,
        0.60400390625,
        0.17041015625,
        0.10174560546875
    ],
    "eva": [
        0.00014154677046462893,
        1.7262740357182338e-06,
        0.9998534917831421,
        3.214330035916646e-06
    ]
}