{
    "captions": [
        "the ocean",
        "a fish",
        "a shark swimming",
        "a close"
    ],
    "metaclip": [
        0.0025894897989928722,
        0.00440246844664216,
        0.9928735494613647,
        0.0001345237105851993
    ],
    "clip": [
        0.005046844482421875,
        0.002170562744140625,
        0.9921875,
        0.0006122589111328125
    ],
    "eva": [
        2.7053022044754016e-09,
        1.0799759309065848e-07,
        0.9999998807907104,
        2.15875407827415e-11
    ]
}