{
    "captions": [
        "a monster truck",
        "painting",
        "huge tires",
        "a beach"
    ],
    "metaclip": [
        0.9946752786636353,
        0.0014714126009494066,
        0.0038314766716212034,
        2.1829491743119434e-05
    ],
    "clip": [
        0.86767578125,
        0.044586181640625,
        0.0872802734375,
        7.712841033935547e-05
    ],
    "eva": [
        0.9999974966049194,
        2.7792218526556667e-10,
        2.488804511813214e-06,
        9.760294785929324e-13
    ]
}