{
    "captions": [
        "a squirrel",
        "something",
        "the grass",
        "that"
    ],
    "metaclip": [
        0.9965450167655945,
        0.0006389518384821713,
        0.0001576562353875488,
        0.002658422803506255
    ],
    "clip": [
        0.9990234375,
        0.00036525726318359375,
        0.0003857612609863281,
        9.381771087646484e-05
    ],
    "eva": [
        1.0,
        1.2877672261879525e-09,
        1.500885136659913e-12,
        1.0595758936915445e-08
    ]
}