{
    "captions": [
        "a hummingbird",
        "painting",
        "flight",
        "a green background"
    ],
    "metaclip": [
        0.9828967452049255,
        0.013007847592234612,
        0.0039802356623113155,
        0.00011518016981426626
    ],
    "clip": [
        0.984375,
        0.01361083984375,
        0.0015268325805664062,
        0.00018966197967529297
    ],
    "eva": [
        0.9999992847442627,
        5.992985734337708e-07,
        1.0858286714210408e-07,
        4.2488153837241804e-13
    ]
}