{
    "captions": [
        "a remote control",
        "a stand",
        "a television"
    ],
    "metaclip": [
        0.009235822595655918,
        0.0009617827017791569,
        0.9898024201393127
    ],
    "clip": [
        0.0196533203125,
        0.0028324127197265625,
        0.97705078125
    ],
    "eva": [
        1.5355891491708462e-06,
        3.806483128698801e-09,
        0.9999984502792358
    ]
}