{
    "captions": [
        "painting",
        "a man",
        "the snow",
        "a horse"
    ],
    "metaclip": [
        0.003438851097598672,
        0.009456601925194263,
        0.000985239865258336,
        0.9861193895339966
    ],
    "clip": [
        0.11712646484375,
        0.00139617919921875,
        0.0026912689208984375,
        0.87890625
    ],
    "eva": [
        4.820601251509515e-09,
        1.2385071386233903e-06,
        1.0795049749934282e-11,
        0.9999988079071045
    ]
}