{
    "captions": [
        "painting",
        "a squirrel",
        "a log",
        "the woods"
    ],
    "metaclip": [
        0.005598118528723717,
        0.9876118302345276,
        0.0035996870137751102,
        0.0031903383787721395
    ],
    "clip": [
        0.01393890380859375,
        0.8896484375,
        0.0026607513427734375,
        0.09375
    ],
    "eva": [
        4.9547811187267143e-08,
        1.0,
        3.0324254218783153e-09,
        1.7297374199642945e-08
    ]
}