{
    "captions": [
        "a basket",
        "flowers",
        "a bicycle",
        "a painting"
    ],
    "metaclip": [
        0.00642156507819891,
        0.00011342645302647725,
        0.992875337600708,
        0.0005895994836464524
    ],
    "clip": [
        0.00628662109375,
        9.298324584960938e-06,
        0.9931640625,
        0.00012350082397460938
    ],
    "eva": [
        3.01216718234798e-10,
        1.8176579276803537e-16,
        1.0,
        5.310600117752924e-14
    ]
}