{
    "captions": [
        "a bicycle",
        "a basket",
        "flowers",
        "a painting"
    ],
    "metaclip": [
        0.9928754568099976,
        0.006421566009521484,
        0.00011342646757839248,
        0.0005895995418541133
    ],
    "clip": [
        0.9931640625,
        0.00628662109375,
        9.298324584960938e-06,
        0.00012350082397460938
    ],
    "eva": [
        1.0,
        3.01216718234798e-10,
        1.8176579276803537e-16,
        5.310600117752924e-14
    ]
}