{
    "captions": [
        "a rabbit",
        "the water",
        "the beach"
    ],
    "metaclip": [
        0.9984495639801025,
        4.814052226720378e-05,
        0.0015023226151242852
    ],
    "clip": [
        0.984375,
        0.00018095970153808594,
        0.0154266357421875
    ],
    "eva": [
        0.9999998807907104,
        1.38040045973703e-12,
        7.584012706729482e-08
    ]
}