{
    "captions": [
        "painting",
        "the sky",
        "a yellow background",
        "a hummingbird"
    ],
    "metaclip": [
        0.011436684057116508,
        0.0009361642296425998,
        0.00011887359869433567,
        0.9875083565711975
    ],
    "clip": [
        0.10595703125,
        0.0018815994262695312,
        0.004375457763671875,
        0.88720703125
    ],
    "eva": [
        4.554349743557395e-06,
        4.600913833946452e-13,
        2.1534412707885364e-13,
        0.9999954700469971
    ]
}