{
    "captions": [
        "the beach",
        "the water",
        "a rabbit"
    ],
    "metaclip": [
        0.0024656120222061872,
        0.0001891686551971361,
        0.9973452687263489
    ],
    "clip": [
        0.0251312255859375,
        0.0017375946044921875,
        0.97314453125
    ],
    "eva": [
        7.542122659742745e-08,
        3.9526070133924507e-13,
        0.9999998807907104
    ]
}