{
    "captions": [
        "corals",
        "the ocean",
        "a shark swimming"
    ],
    "metaclip": [
        0.0008162601152434945,
        0.002062074840068817,
        0.9971216320991516
    ],
    "clip": [
        0.0027065277099609375,
        0.003368377685546875,
        0.994140625
    ],
    "eva": [
        2.322035203006223e-10,
        2.0986135051970223e-09,
        1.0
    ]
}