{
    "captions": [
        "a bicycle",
        "a white background",
        "arafed picture"
    ],
    "metaclip": [
        0.9975069165229797,
        0.0008203111938200891,
        0.0016728442860767245
    ],
    "clip": [
        0.998046875,
        0.0008549690246582031,
        0.001132965087890625
    ],
    "eva": [
        1.0,
        5.095131131241382e-13,
        4.3587952257978513e-13
    ]
}