{
    "captions": [
        "a table",
        "a fish",
        "that"
    ],
    "metaclip": [
        0.0009302535909228027,
        0.9971332550048828,
        0.0019365198677405715
    ],
    "clip": [
        0.0011301040649414062,
        0.99609375,
        0.0032196044921875
    ],
    "eva": [
        2.179150414803599e-13,
        0.9999996423721313,
        3.395652186100051e-07
    ]
}