{
    "captions": [
        "a grassy field",
        "a tiger",
        "a close",
        "a blurry background"
    ],
    "metaclip": [
        6.009141998220002e-06,
        0.9987664222717285,
        0.0009122051997110248,
        0.00031544093508273363
    ],
    "clip": [
        0.0001087188720703125,
        0.998046875,
        0.0009388923645019531,
        0.0007543563842773438
    ],
    "eva": [
        2.3325124786389973e-16,
        1.0,
        1.0157419176592963e-11,
        9.140055249115542e-13
    ]
}