{
    "captions": [
        "a rabbit",
        "painting",
        "its mouth",
        "a flower"
    ],
    "metaclip": [
        0.9930185675621033,
        0.002364776562899351,
        0.004447499755769968,
        0.00016905058873817325
    ],
    "clip": [
        0.9921875,
        0.00424957275390625,
        0.002658843994140625,
        0.0004620552062988281
    ],
    "eva": [
        1.0,
        2.346137450981445e-10,
        8.507299031901283e-11,
        1.117319886785595e-12
    ]
}