{
    "captions": [
        "arafed image",
        "a colorful background",
        "a teddy bear"
    ],
    "metaclip": [
        0.0903741717338562,
        0.901557445526123,
        0.008068378083407879
    ],
    "clip": [
        0.9853515625,
        0.01320648193359375,
        0.0010423660278320312
    ],
    "eva": [
        0.00010349026706535369,
        0.9998952150344849,
        1.2791132348866086e-06
    ]
}