{
    "captions": [
        "painting",
        "a whale",
        "the water"
    ],
    "metaclip": [
        0.005419703666120768,
        0.9887400269508362,
        0.0058402568101882935
    ],
    "clip": [
        0.040435791015625,
        0.94970703125,
        0.01006317138671875
    ],
    "eva": [
        8.988974542489814e-08,
        0.9999998807907104,
        2.8700091192490618e-08
    ]
}