{
    "captions": [
        "a street",
        "a tree",
        "a van",
        "a close"
    ],
    "metaclip": [
        0.0006226450786925852,
        6.9404854912136216e-06,
        0.9992989301681519,
        7.147443830035627e-05
    ],
    "clip": [
        0.00017130374908447266,
        0.0002491474151611328,
        0.99951171875,
        3.3736228942871094e-05
    ],
    "eva": [
        2.531240772540855e-10,
        2.618731186759815e-12,
        0.9999998807907104,
        8.444263954743292e-08
    ]
}