{
    "captions": [
        "a wooden cutting board",
        "a handle",
        "it"
    ],
    "metaclip": [
        0.9964672327041626,
        0.0033019676338881254,
        0.0002308615221409127
    ],
    "clip": [
        1.0,
        5.3048133850097656e-05,
        4.172325134277344e-07
    ],
    "eva": [
        1.0,
        1.4981340612507665e-08,
        1.741697563950595e-09
    ]
}