{
    "captions": [
        "a purple stone ring",
        "a diamond",
        "a close"
    ],
    "metaclip": [
        0.9969469904899597,
        0.0029525363352149725,
        0.00010036875028163195
    ],
    "clip": [
        1.0,
        2.753734588623047e-05,
        1.6689300537109375e-06
    ],
    "eva": [
        1.0,
        4.827091504289172e-10,
        5.660641226590268e-12
    ]
}