{
    "captions": [
        "the background",
        "two sharks",
        "a shark",
        "the ocean"
    ],
    "metaclip": [
        8.442429134447593e-06,
        0.937311053276062,
        0.062223389744758606,
        0.0004571202152874321
    ],
    "clip": [
        0.00039267539978027344,
        0.755859375,
        0.2415771484375,
        0.0024051666259765625
    ],
    "eva": [
        1.0327900677958943e-14,
        0.9988627433776855,
        0.0011372376466169953,
        3.0313241066587393e-12
    ]
}