{
    "captions": [
        "a woman",
        "a picture",
        "a bench"
    ],
    "metaclip": [
        0.07587070018053055,
        0.9161049127578735,
        0.008024399168789387
    ],
    "clip": [
        0.01340484619140625,
        0.96923828125,
        0.0172119140625
    ],
    "eva": [
        2.490677886157755e-09,
        1.0,
        5.673085265445188e-11
    ]
}