{
    "captions": [
        "a wall",
        "a picture",
        "a man",
        "circles",
        "front"
    ],
    "metaclip": [
        0.003495433833450079,
        0.0479545071721077,
        0.004902787506580353,
        0.9393036365509033,
        0.0043435958214104176
    ],
    "clip": [
        0.01154327392578125,
        0.9169921875,
        0.0061798095703125,
        0.06488037109375,
        0.0004475116729736328
    ],
    "eva": [
        5.144453552929917e-06,
        0.4753645360469818,
        2.1056584387224575e-07,
        0.5242161750793457,
        0.0004139716911595315
    ]
}