{
    "captions": [
        "the woods",
        "a bear",
        "that"
    ],
    "metaclip": [
        0.004603954032063484,
        0.9947919249534607,
        0.0006041055894456804
    ],
    "clip": [
        0.033050537109375,
        0.9658203125,
        0.0008673667907714844
    ],
    "eva": [
        3.057860453736794e-08,
        1.0,
        1.1222167639601821e-09
    ]
}