{
    "captions": [
        "painting",
        "a forest",
        "a log",
        "a rabbit"
    ],
    "metaclip": [
        0.0031662608962506056,
        0.003695201827213168,
        0.003840826451778412,
        0.98929762840271
    ],
    "clip": [
        0.0179290771484375,
        0.0021762847900390625,
        0.0006952285766601562,
        0.97900390625
    ],
    "eva": [
        5.525926827232297e-09,
        1.610448485678262e-08,
        1.54094532273108e-11,
        1.0
    ]
}