{
    "captions": [
        "a small rabbit",
        "a rock",
        "the water"
    ],
    "metaclip": [
        0.9984891414642334,
        0.0014572785003110766,
        5.359532588045113e-05
    ],
    "clip": [
        0.99951171875,
        0.0002396106719970703,
        0.0003485679626464844
    ],
    "eva": [
        1.0,
        3.0210426160692805e-08,
        6.978846211862233e-13
    ]
}