{
    "captions": [
        "a mouse",
        "a desk",
        "a printer",
        "a close"
    ],
    "metaclip": [
        0.00011833017197204754,
        0.00044750876259058714,
        0.9988872408866882,
        0.0005468818708322942
    ],
    "clip": [
        0.00015354156494140625,
        0.00017404556274414062,
        1.0,
        0.00012934207916259766
    ],
    "eva": [
        1.742563612936593e-14,
        3.6743115603039833e-13,
        1.0,
        6.021493199892536e-12
    ]
}