{
    "captions": [
        "a rabbit",
        "painting",
        "a grassy field",
        "chicks"
    ],
    "metaclip": [
        0.9877204298973083,
        0.00813769269734621,
        0.000801163143478334,
        0.003340747207403183
    ],
    "clip": [
        0.96044921875,
        0.0308837890625,
        0.005802154541015625,
        0.003154754638671875
    ],
    "eva": [
        1.0,
        2.890427230894943e-09,
        1.0707660536013464e-08,
        3.793462126453623e-14
    ]
}