{
    "captions": [
        "many bottles",
        "a room",
        "wine",
        "a table"
    ],
    "metaclip": [
        0.06637638807296753,
        0.21780715882778168,
        0.10275283455848694,
        0.613063633441925
    ],
    "clip": [
        0.0721435546875,
        0.11346435546875,
        0.181396484375,
        0.6328125
    ],
    "eva": [
        0.686791718006134,
        0.005582927260547876,
        0.05658526346087456,
        0.25104013085365295
    ]
}