{
    "captions": [
        "the wall",
        "a bicycle",
        "that",
        "a picture"
    ],
    "metaclip": [
        0.0003699096851050854,
        0.9983444213867188,
        0.00018591925618238747,
        0.0010997513309121132
    ],
    "clip": [
        7.766485214233398e-05,
        0.990234375,
        7.766485214233398e-05,
        0.00986480712890625
    ],
    "eva": [
        8.29647257198727e-15,
        0.9999972581863403,
        8.490060043886416e-11,
        2.79937944469566e-06
    ]
}