{
    "captions": [
        "painting",
        "the water",
        "a killer whale"
    ],
    "metaclip": [
        0.0006416469113901258,
        0.0004502090159803629,
        0.9989081621170044
    ],
    "clip": [
        0.0014324188232421875,
        0.00011217594146728516,
        0.99853515625
    ],
    "eva": [
        1.788324913501449e-12,
        1.0318828040298267e-12,
        1.0
    ]
}