{
    "captions": [
        "the woods",
        "a bear",
        "that"
    ],
    "metaclip": [
        0.0032627880573272705,
        0.996482253074646,
        0.0002549527562223375
    ],
    "clip": [
        0.01322174072265625,
        0.986328125,
        0.0006632804870605469
    ],
    "eva": [
        2.418619304833669e-09,
        1.0,
        1.0459486748937152e-10
    ]
}