{
    "captions": [
        "a giraffe",
        "the grass",
        "that"
    ],
    "metaclip": [
        0.998462438583374,
        0.0004591568431351334,
        0.0010784040205180645
    ],
    "clip": [
        0.9990234375,
        0.0006875991821289062,
        0.0001939535140991211
    ],
    "eva": [
        1.0,
        6.441328590303663e-13,
        1.742589579578624e-11
    ]
}