{
    "captions": [
        "a shark swimming",
        "the ocean",
        "a fish"
    ],
    "metaclip": [
        0.9907419085502625,
        0.003956485074013472,
        0.005301496013998985
    ],
    "clip": [
        0.98828125,
        0.005519866943359375,
        0.005786895751953125
    ],
    "eva": [
        0.9999994039535522,
        1.5104252781839023e-07,
        4.737036931601324e-07
    ]
}