{
    "captions": [
        "arafed mouse",
        "its head",
        "the floor",
        "its paws"
    ],
    "metaclip": [
        0.9903469681739807,
        0.0040520792827010155,
        2.184271943406202e-05,
        0.005579186137765646
    ],
    "clip": [
        1.0,
        0.0002269744873046875,
        1.1742115020751953e-05,
        0.00011777877807617188
    ],
    "eva": [
        0.999997615814209,
        2.412167759757722e-06,
        3.6026856411325303e-13,
        2.0173795967082242e-10
    ]
}