{
    "captions": [
        "a grid",
        "neck",
        "squares",
        "a giraffe",
        "araffes head"
    ],
    "metaclip": [
        0.01257944293320179,
        0.0010132180759683251,
        0.06727028638124466,
        0.886146068572998,
        0.032990921288728714
    ],
    "clip": [
        0.005855560302734375,
        0.0013904571533203125,
        0.0116424560546875,
        0.96923828125,
        0.0116424560546875
    ],
    "eva": [
        2.4728045900701545e-05,
        3.5778222051696673e-10,
        0.00023648481874261051,
        0.9997387528419495,
        2.907384333283858e-10
    ]
}