{
    "captions": [
        "a piece",
        "cake",
        "that",
        "a squirrel"
    ],
    "metaclip": [
        0.00017903379921335727,
        0.00019768912170547992,
        0.000634058378636837,
        0.9989891648292542
    ],
    "clip": [
        0.00012230873107910156,
        0.00022149085998535156,
        0.0001571178436279297,
        0.9990234375
    ],
    "eva": [
        5.2652424087362704e-11,
        6.468867189959523e-14,
        2.8457117218216865e-10,
        1.0
    ]
}