{
    "captions": [
        "a butterfly",
        "a painting",
        "a pink sky",
        "a blue background"
    ],
    "metaclip": [
        0.9931787252426147,
        0.006225278601050377,
        0.0002517038374207914,
        0.0003442694141995162
    ],
    "clip": [
        0.81591796875,
        0.176513671875,
        0.00021147727966308594,
        0.007061004638671875
    ],
    "eva": [
        0.9999990463256836,
        9.290245657211926e-07,
        4.4730998419173496e-12,
        5.411209674788253e-13
    ]
}