{
    "captions": [
        "a black and white background",
        "painting",
        "a white surface",
        "a fish"
    ],
    "metaclip": [
        0.0007144894916564226,
        0.023786887526512146,
        0.00305075547657907,
        0.97244793176651
    ],
    "clip": [
        0.08746337890625,
        0.049835205078125,
        0.0201263427734375,
        0.8427734375
    ],
    "eva": [
        7.239377541878866e-09,
        1.0317725340769357e-08,
        1.600427290693318e-10,
        1.0
    ]
}