{
    "captions": [
        "a tree",
        "that",
        "a squirrel"
    ],
    "metaclip": [
        0.0029972363263368607,
        0.0004057432524859905,
        0.9965971112251282
    ],
    "clip": [
        0.0013256072998046875,
        0.00012814998626708984,
        0.9990234375
    ],
    "eva": [
        1.587429210303526e-08,
        6.066967483953078e-10,
        1.0
    ]
}