{
    "captions": [
        "a bear",
        "rocks",
        "trees",
        "a forest",
        "painting"
    ],
    "metaclip": [
        0.9927496910095215,
        9.002420847536996e-05,
        0.00019541919755283743,
        0.0067010982893407345,
        0.0002638158039189875
    ],
    "clip": [
        0.958984375,
        0.0070953369140625,
        0.012451171875,
        0.0181121826171875,
        0.0030994415283203125
    ],
    "eva": [
        0.9999996423721313,
        3.606990194807841e-13,
        1.4862391916128925e-12,
        3.8826561876703636e-07,
        2.401078891267616e-09
    ]
}