{
    "captions": [
        "a field",
        "a rabbit",
        "trees",
        "the background",
        "painting"
    ],
    "metaclip": [
        0.0027057365514338017,
        0.991339385509491,
        0.0016231563640758395,
        0.0002739149203989655,
        0.004057718440890312
    ],
    "clip": [
        0.0020160675048828125,
        0.98095703125,
        0.0008401870727539062,
        0.004199981689453125,
        0.012542724609375
    ],
    "eva": [
        1.4068651625620543e-11,
        1.0,
        7.827303800771179e-13,
        3.3585239624100982e-12,
        2.467202220302056e-09
    ]
}