{
    "captions": [
        "many circles",
        "a dog's face",
        "color",
        "a close"
    ],
    "metaclip": [
        0.9683972001075745,
        0.017043666914105415,
        0.0017657277639955282,
        0.012793416157364845
    ],
    "clip": [
        0.92333984375,
        0.0187225341796875,
        0.0124664306640625,
        0.045257568359375
    ],
    "eva": [
        0.9873199462890625,
        0.010625510476529598,
        0.0013390278909355402,
        0.0007155374623835087
    ]
}