{
    "captions": [
        "a field",
        "a rabbit",
        "trees",
        "the background",
        "painting",
        "grass"
    ],
    "metaclip": [
        0.0011551646748557687,
        0.9914530515670776,
        0.00011750708654290065,
        7.504032691940665e-05,
        0.003174309153109789,
        0.004024844616651535
    ],
    "clip": [
        0.00969696044921875,
        0.958984375,
        0.0023956298828125,
        0.004581451416015625,
        0.006069183349609375,
        0.018402099609375
    ],
    "eva": [
        1.927031017395775e-12,
        1.0,
        3.8088844867816893e-17,
        2.9840509945845695e-13,
        3.941906800974948e-10,
        2.8761588596881715e-11
    ]
}