{
    "captions": [
        "painting",
        "a dolphin",
        "the water"
    ],
    "metaclip": [
        0.0028004369232803583,
        0.9903021454811096,
        0.006897347513586283
    ],
    "clip": [
        0.108642578125,
        0.88134765625,
        0.009796142578125
    ],
    "eva": [
        3.4471992194085033e-07,
        0.9999996423721313,
        1.8026554693406638e-09
    ]
}