{
    "captions": [
        "painting",
        "a bouquet",
        "a dress",
        "flowers",
        "a woman"
    ],
    "metaclip": [
        0.4127473533153534,
        0.18284764885902405,
        0.13282635807991028,
        0.044791486114263535,
        0.22678717970848083
    ],
    "clip": [
        0.5693359375,
        0.090087890625,
        0.27734375,
        0.036102294921875,
        0.02703857421875
    ],
    "eva": [
        0.9468880295753479,
        0.000126169208670035,
        0.0234953835606575,
        1.2560607501654886e-05,
        0.029477853327989578
    ]
}