{
    "captions": [
        "squares",
        "that",
        "a wall",
        "front",
        "a man"
    ],
    "metaclip": [
        0.8310837745666504,
        0.021396156400442123,
        0.11019603163003922,
        0.005949946586042643,
        0.031374070793390274
    ],
    "clip": [
        0.4931640625,
        0.23486328125,
        0.2330322265625,
        0.004070281982421875,
        0.035186767578125
    ],
    "eva": [
        0.9973242282867432,
        1.5081830497365445e-05,
        0.002659476362168789,
        4.10501010961184e-09,
        1.2119162420276552e-06
    ]
}