{
    "captions": [
        "painting",
        "it",
        "the grass",
        "a bush",
        "a rabbit"
    ],
    "metaclip": [
        0.004959160462021828,
        0.0010078087216243148,
        0.00433094659820199,
        0.0034353851806372404,
        0.9862666130065918
    ],
    "clip": [
        0.0181121826171875,
        0.000759124755859375,
        0.005878448486328125,
        0.0019683837890625,
        0.97314453125
    ],
    "eva": [
        8.54932480365278e-09,
        3.2530074189907054e-09,
        2.2108457425895622e-11,
        7.532480195138191e-11,
        1.0
    ]
}