{
    "captions": [
        "a colorful background",
        "a blue sky",
        "brightly colored bird"
    ],
    "metaclip": [
        0.03983568400144577,
        0.0003137039893772453,
        0.959850549697876
    ],
    "clip": [
        0.010162353515625,
        0.0008411407470703125,
        0.9892578125
    ],
    "eva": [
        2.927313857981062e-07,
        3.266617878971978e-12,
        0.9999997615814209
    ]
}