{
    "captions": [
        "the grass",
        "that",
        "a squirrel"
    ],
    "metaclip": [
        0.000797365908510983,
        0.0022112648002803326,
        0.9969913959503174
    ],
    "clip": [
        0.0003917217254638672,
        0.00010222196578979492,
        0.9990234375
    ],
    "eva": [
        4.4856785928922005e-13,
        1.2929083359480842e-09,
        1.0
    ]
}