{
    "captions": [
        "a red hat",
        "a tiled wall",
        "a red scarf"
    ],
    "metaclip": [
        0.1694156676530838,
        0.6529268026351929,
        0.17765754461288452
    ],
    "clip": [
        0.0105133056640625,
        0.97607421875,
        0.01371002197265625
    ],
    "eva": [
        0.250071257352829,
        0.6959705948829651,
        0.053958162665367126
    ]
}