{
    "captions": [
        "a black and white photo",
        "a black background",
        "a wolf's head"
    ],
    "metaclip": [
        0.001523137791082263,
        0.00417540967464447,
        0.994301438331604
    ],
    "clip": [
        0.00022780895233154297,
        0.00394439697265625,
        0.99560546875
    ],
    "eva": [
        5.3350948547858934e-08,
        5.573424743943178e-08,
        1.0
    ]
}