{
    "captions": [
        "painting",
        "a tiger",
        "a green surface"
    ],
    "metaclip": [
        0.005593327339738607,
        0.9943844079971313,
        2.2267120584729128e-05
    ],
    "clip": [
        0.017425537109375,
        0.9814453125,
        0.0009984970092773438
    ],
    "eva": [
        5.5580973851165894e-11,
        1.0,
        2.7938897368216386e-16
    ]
}