{
    "captions": [
        "a computer motherboard",
        "many electronic components",
        "a close"
    ],
    "metaclip": [
        0.8717025518417358,
        0.12606976926326752,
        0.00222778064198792
    ],
    "clip": [
        0.1224365234375,
        0.876953125,
        0.0004887580871582031
    ],
    "eva": [
        0.03544984385371208,
        0.9645501971244812,
        1.151702136437116e-10
    ]
}