{
    "captions": [
        "a track",
        "the side",
        "a man",
        "arafed race car"
    ],
    "metaclip": [
        0.2722872793674469,
        0.015582692809402943,
        0.03376847878098488,
        0.6783615946769714
    ],
    "clip": [
        0.333740234375,
        0.0019989013671875,
        0.0005555152893066406,
        0.66357421875
    ],
    "eva": [
        0.14893172681331635,
        0.019113976508378983,
        3.0257844628067687e-05,
        0.8319239616394043
    ]
}