{
    "captions": [
        "a wall",
        "a woman",
        "a picture",
        "a dress",
        "front"
    ],
    "metaclip": [
        0.4014284312725067,
        0.15812303125858307,
        0.30197322368621826,
        0.10213259607553482,
        0.036342743784189224
    ],
    "clip": [
        0.331787109375,
        0.0280914306640625,
        0.6005859375,
        0.031341552734375,
        0.0081787109375
    ],
    "eva": [
        0.0002536695101298392,
        4.3130657445544784e-07,
        0.9997442364692688,
        2.6025912536198348e-09,
        1.5567269429084263e-06
    ]
}