{
    "captions": [
        "that",
        "a table",
        "a cat",
        "the room"
    ],
    "metaclip": [
        0.11991249769926071,
        0.8528802990913391,
        0.024914460256695747,
        0.0022927632089704275
    ],
    "clip": [
        0.030426025390625,
        0.83544921875,
        0.08941650390625,
        0.044952392578125
    ],
    "eva": [
        0.7637324333190918,
        0.23625503480434418,
        1.0913527148659341e-05,
        1.5914176856313134e-06
    ]
}