{
    "captions": [
        "a blue background",
        "a cage",
        "arafed image",
        "a tiger"
    ],
    "metaclip": [
        7.940200885059312e-05,
        0.007272141985595226,
        0.0006785673904232681,
        0.991969883441925
    ],
    "clip": [
        0.0007863044738769531,
        0.0035247802734375,
        0.0187530517578125,
        0.97705078125
    ],
    "eva": [
        1.6922590038255178e-14,
        1.6661289015118541e-09,
        2.2980226055402397e-10,
        1.0
    ]
}