{
    "captions": [
        "a ladybug",
        "its back",
        "painting",
        "a red stripe"
    ],
    "metaclip": [
        0.9965875148773193,
        0.0017003922257572412,
        0.00010143047984456643,
        0.001610605395399034
    ],
    "clip": [
        0.96337890625,
        0.00043487548828125,
        0.000995635986328125,
        0.03564453125
    ],
    "eva": [
        1.0,
        1.4628923072912414e-10,
        1.0065425923300175e-11,
        1.8575058158276647e-10
    ]
}