{
    "captions": [
        "a black and white counter",
        "pens",
        "a wooden block",
        "knives"
    ],
    "metaclip": [
        0.001347771962173283,
        0.004274812061339617,
        0.0031637458596378565,
        0.9912136197090149
    ],
    "clip": [
        0.81884765625,
        0.129638671875,
        0.0228729248046875,
        0.028472900390625
    ],
    "eva": [
        0.0004581992980092764,
        1.8718853134203073e-09,
        9.851384419334863e-08,
        0.9995417594909668
    ]
}