{
    "captions": [
        "a rabbit",
        "the background",
        "the beach",
        "the ocean"
    ],
    "metaclip": [
        0.9605536460876465,
        0.00020348223915789276,
        0.007999186404049397,
        0.03124365210533142
    ],
    "clip": [
        0.98828125,
        0.00121307373046875,
        0.0096893310546875,
        0.0005383491516113281
    ],
    "eva": [
        0.9999997615814209,
        5.344298788234614e-12,
        2.5710809836709814e-07,
        1.9962220765279426e-09
    ]
}