{
    "captions": [
        "face",
        "it",
        "a black dog",
        "a big smile"
    ],
    "metaclip": [
        0.014665059745311737,
        0.0032819302286952734,
        0.9707065224647522,
        0.011346488259732723
    ],
    "clip": [
        0.0009527206420898438,
        0.0007190704345703125,
        0.9970703125,
        0.00128173828125
    ],
    "eva": [
        2.1912693171088904e-07,
        1.3427619904859966e-08,
        0.9999997615814209,
        2.157779094291712e-10
    ]
}