{
    "captions": [
        "a duck",
        "painting",
        "a yellow beak",
        "a black body"
    ],
    "metaclip": [
        0.942314088344574,
        0.0004482077492866665,
        0.05720982700586319,
        2.7907872208743356e-05
    ],
    "clip": [
        0.5419921875,
        0.0018644332885742188,
        0.456298828125,
        0.00026869773864746094
    ],
    "eva": [
        0.9999943971633911,
        3.6654083631140755e-13,
        5.634989065583795e-06,
        9.750265739015706e-18
    ]
}