{
    "captions": [
        "a close",
        "a desk",
        "a printer",
        "a cell phone"
    ],
    "metaclip": [
        1.7015578123391606e-05,
        0.0011661535827443004,
        0.9981889128684998,
        0.0006278796354308724
    ],
    "clip": [
        1.4603137969970703e-05,
        0.0010652542114257812,
        0.9990234375,
        1.9371509552001953e-05
    ],
    "eva": [
        3.415521337979399e-12,
        4.79532191732801e-10,
        1.0,
        4.746840928444471e-16
    ]
}