{
    "captions": [
        "painting",
        "the woods",
        "a pink ear",
        "a rabbit"
    ],
    "metaclip": [
        0.004425421357154846,
        0.0023854421451687813,
        0.0072312671691179276,
        0.9859578013420105
    ],
    "clip": [
        0.006786346435546875,
        0.0011081695556640625,
        0.0006117820739746094,
        0.99169921875
    ],
    "eva": [
        5.6069016096671476e-09,
        5.703415517643862e-09,
        1.1583214387655971e-09,
        1.0
    ]
}