{
    "captions": [
        "a rabbit",
        "painting",
        "a pond",
        "the grass"
    ],
    "metaclip": [
        0.9931025505065918,
        0.0037004740443080664,
        0.00012653828889597207,
        0.0030704934615641832
    ],
    "clip": [
        0.98291015625,
        0.0158843994140625,
        0.00014972686767578125,
        0.0012054443359375
    ],
    "eva": [
        1.0,
        1.577669772601098e-09,
        4.723803292971951e-11,
        8.520870641015588e-12
    ]
}