{
    "captions": [
        "a leaf",
        "a butterfly",
        "a close",
        "a blurry background"
    ],
    "metaclip": [
        0.0027128797955811024,
        0.9633537530899048,
        0.0007309099892154336,
        0.03320242092013359
    ],
    "clip": [
        0.00469207763671875,
        0.98193359375,
        0.0017805099487304688,
        0.0116119384765625
    ],
    "eva": [
        1.529135817968097e-09,
        1.0,
        6.782661932103196e-11,
        9.413727575235953e-10
    ]
}