{
    "captions": [
        "a close",
        "a shadow",
        "a bicycle",
        "a white background"
    ],
    "metaclip": [
        0.0003559803299140185,
        0.0011745104566216469,
        0.9978457689285278,
        0.0006236540502868593
    ],
    "clip": [
        3.820657730102539e-05,
        0.0002491474151611328,
        0.9990234375,
        0.0005526542663574219
    ],
    "eva": [
        1.5895407819849217e-12,
        3.046026828324214e-15,
        1.0,
        4.665568604199366e-13
    ]
}