{
    "captions": [
        "a blue sky",
        "a close",
        "a beach",
        "a crab",
        "the background"
    ],
    "metaclip": [
        7.742866728221998e-05,
        0.0003559232864063233,
        0.0005086088785901666,
        0.9988473653793335,
        0.0002107042819261551
    ],
    "clip": [
        0.0003559589385986328,
        0.0013866424560546875,
        0.0006251335144042969,
        0.9970703125,
        0.00044655799865722656
    ],
    "eva": [
        2.1312018969214364e-17,
        3.574148572590974e-12,
        5.4084731485049e-12,
        1.0,
        5.675855124169082e-15
    ]
}