{
    "captions": [
        "a pattern",
        "a dog's face",
        "it",
        "a close"
    ],
    "metaclip": [
        0.8379244804382324,
        0.03417634963989258,
        0.017533818259835243,
        0.11036533117294312
    ],
    "clip": [
        0.245361328125,
        0.320068359375,
        0.234130859375,
        0.2003173828125
    ],
    "eva": [
        0.023800572380423546,
        0.000959852070081979,
        0.9685854911804199,
        0.0066541084088385105
    ]
}