{
    "captions": [
        "a bridle",
        "the grass",
        "that",
        "a horse"
    ],
    "metaclip": [
        0.7236258387565613,
        5.4180727602215484e-05,
        0.0004161510441917926,
        0.2759038507938385
    ],
    "clip": [
        0.9697265625,
        1.2040138244628906e-05,
        6.4373016357421875e-06,
        0.0306854248046875
    ],
    "eva": [
        0.18867525458335876,
        8.556039042409772e-15,
        1.1132739174968265e-09,
        0.8113247752189636
    ]
}