{
    "captions": [
        "colorful wings",
        "black wings",
        "yellow and blue wings"
    ],
    "metaclip": [
        0.8574256300926208,
        0.043101876974105835,
        0.0994725450873375
    ],
    "clip": [
        0.546875,
        0.02764892578125,
        0.42578125
    ],
    "eva": [
        0.9988619089126587,
        5.131965394866711e-07,
        0.0011375989997759461
    ]
}