{
    "captions": [
        "a blue sky",
        "a boat",
        "the background",
        "the beach",
        "painting"
    ],
    "metaclip": [
        0.007482158485800028,
        0.9281225204467773,
        0.0041005173698067665,
        0.03963633254170418,
        0.02065850980579853
    ],
    "clip": [
        0.07330322265625,
        0.1961669921875,
        0.057098388671875,
        0.64306640625,
        0.03009033203125
    ],
    "eva": [
        3.1635067898605485e-08,
        0.9924653768539429,
        1.8765764053796374e-08,
        0.007534302771091461,
        3.3286406164734217e-07
    ]
}