{
    "captions": [
        "a flower bed",
        "that",
        "a squirrel"
    ],
    "metaclip": [
        0.009065993130207062,
        0.001124788774177432,
        0.9898091554641724
    ],
    "clip": [
        0.0726318359375,
        5.042552947998047e-05,
        0.927734375
    ],
    "eva": [
        6.314901384030236e-07,
        9.522949540041736e-09,
        0.9999994039535522
    ]
}