{
    "captions": [
        "the foreground",
        "painting",
        "a tree",
        "a bench"
    ],
    "metaclip": [
        0.0018381117843091488,
        0.020655067637562752,
        0.9762544631958008,
        0.0012523840414360166
    ],
    "clip": [
        0.006450653076171875,
        0.1160888671875,
        0.87158203125,
        0.0056915283203125
    ],
    "eva": [
        1.3286734993483984e-12,
        4.149455179458528e-08,
        1.0,
        4.705168980129182e-12
    ]
}