{
    "captions": [
        "arafed image",
        "a green field",
        "a cat",
        "a blurry background"
    ],
    "metaclip": [
        0.02582869865000248,
        0.007635079324245453,
        0.018821069970726967,
        0.947715163230896
    ],
    "clip": [
        0.59130859375,
        0.005115509033203125,
        0.044891357421875,
        0.358642578125
    ],
    "eva": [
        7.034555437712697e-06,
        5.97494249632291e-07,
        4.2687591417234216e-07,
        0.9999918937683105
    ]
}