{
    "captions": [
        "its mouth",
        "a dog"
    ],
    "metaclip": [
        0.08516796678304672,
        0.9148319959640503
    ],
    "clip": [
        0.0279998779296875,
        0.9716796875
    ],
    "eva": [
        5.270355904940516e-05,
        0.9999473094940186
    ]
}