{
    "captions": [
        "the street",
        "van",
        "the background",
        "a green van"
    ],
    "metaclip": [
        5.788355338154361e-06,
        0.026980500668287277,
        6.0956276684009936e-06,
        0.9730077385902405
    ],
    "clip": [
        3.159046173095703e-06,
        0.0053863525390625,
        2.562999725341797e-06,
        0.99462890625
    ],
    "eva": [
        1.784020158232297e-15,
        0.0020915281493216753,
        8.099204633681492e-17,
        0.9979084730148315
    ]
}