{
    "captions": [
        "a mouse",
        "a table",
        "a laptop computer"
    ],
    "metaclip": [
        0.22443586587905884,
        0.42564135789871216,
        0.34992271661758423
    ],
    "clip": [
        0.040679931640625,
        0.1292724609375,
        0.82958984375
    ],
    "eva": [
        0.26680198311805725,
        0.7283961772918701,
        0.004801872186362743
    ]
}