{
    "captions": [
        "the background",
        "a fish",
        "the ocean",
        "a shark swimming"
    ],
    "metaclip": [
        2.2441865439759567e-05,
        0.011548419483006,
        0.004066096618771553,
        0.9843630194664001
    ],
    "clip": [
        0.00029730796813964844,
        0.006870269775390625,
        0.004039764404296875,
        0.98828125
    ],
    "eva": [
        8.520768726011374e-13,
        3.110354640512014e-08,
        3.509791346445468e-10,
        1.0
    ]
}