{
    "captions": [
        "a mouse",
        "a desk",
        "a printer",
        "a close"
    ],
    "metaclip": [
        6.178424519021064e-05,
        0.0004606997244991362,
        0.9993002414703369,
        0.0001772351679392159
    ],
    "clip": [
        0.00012022256851196289,
        0.0023212432861328125,
        0.9970703125,
        0.00012791156768798828
    ],
    "eva": [
        6.826340707977163e-13,
        8.068833101670947e-11,
        1.0,
        1.6023308710682443e-13
    ]
}