{
    "captions": [
        "the grass",
        "that",
        "a rock",
        "a squirrel"
    ],
    "metaclip": [
        0.0005209969240240753,
        0.0030849226750433445,
        0.0008450584718957543,
        0.9955489635467529
    ],
    "clip": [
        0.0020503997802734375,
        0.00014853477478027344,
        3.2901763916015625e-05,
        0.99755859375
    ],
    "eva": [
        1.6661803230524908e-12,
        8.598240697210713e-08,
        2.149038239029899e-11,
        0.9999998807907104
    ]
}