{
    "captions": [
        "painting",
        "a bird",
        "it",
        "a tree"
    ],
    "metaclip": [
        0.015103367157280445,
        0.002720864024013281,
        0.001873580040410161,
        0.980302095413208
    ],
    "clip": [
        0.0162506103515625,
        0.0085601806640625,
        0.0008816719055175781,
        0.97412109375
    ],
    "eva": [
        2.9711977322932626e-10,
        1.783132669297416e-10,
        4.3711068098417627e-10,
        1.0
    ]
}