{
    "captions": [
        "a cartoon picture",
        "a koala bear",
        "a skateboard"
    ],
    "metaclip": [
        0.0020282466430217028,
        0.9970033764839172,
        0.0009684232645668089
    ],
    "clip": [
        0.007110595703125,
        0.9912109375,
        0.0020847320556640625
    ],
    "eva": [
        0.0027430057525634766,
        0.9972570538520813,
        9.389280325455829e-11
    ]
}