{
    "captions": [
        "painting",
        "a green and blue background",
        "a hummingbird"
    ],
    "metaclip": [
        0.020378438755869865,
        0.0002920321421697736,
        0.9793295860290527
    ],
    "clip": [
        0.00467681884765625,
        0.0013818740844726562,
        0.994140625
    ],
    "eva": [
        1.4375676755662425e-06,
        3.6857816798629983e-10,
        0.9999985694885254
    ]
}