{
    "captions": [
        "a blue sky",
        "painting",
        "a beach",
        "a crab",
        "the background"
    ],
    "metaclip": [
        1.4302519957709592e-05,
        0.00017151155043393373,
        0.0002856602950487286,
        0.9994435906410217,
        8.483752026222646e-05
    ],
    "clip": [
        0.00016200542449951172,
        3.7610530853271484e-05,
        0.0006771087646484375,
        0.9990234375,
        0.0003917217254638672
    ],
    "eva": [
        2.91124924118331e-19,
        7.99493138386358e-15,
        1.2125511268071699e-14,
        1.0,
        1.3182154058947982e-16
    ]
}