{
    "captions": [
        "a wall",
        "a camera",
        "a door",
        "a close"
    ],
    "metaclip": [
        0.013081081211566925,
        0.9243528842926025,
        0.027079129591584206,
        0.03548678755760193
    ],
    "clip": [
        0.024322509765625,
        0.8779296875,
        0.07916259765625,
        0.0185089111328125
    ],
    "eva": [
        2.521001306377002e-06,
        0.9998821020126343,
        0.00011109709885204211,
        4.305738912080415e-06
    ]
}