{
    "captions": [
        "a person",
        "underwater photograph",
        "a pool",
        "a camera"
    ],
    "metaclip": [
        0.005148166790604591,
        0.9932621121406555,
        0.0010436775628477335,
        0.000546146125998348
    ],
    "clip": [
        0.0027790069580078125,
        0.98974609375,
        0.005615234375,
        0.0019407272338867188
    ],
    "eva": [
        7.875424046233093e-08,
        0.9999979734420776,
        1.5939449440338649e-06,
        3.5204166692892613e-07
    ]
}