{
    "captions": [
        "a field",
        "grass",
        "a red panda",
        "a close"
    ],
    "metaclip": [
        0.0004972629249095917,
        0.003692210651934147,
        0.9956134557723999,
        0.00019705832528416067
    ],
    "clip": [
        0.0015306472778320312,
        0.01045989990234375,
        0.98681640625,
        0.0010766983032226562
    ],
    "eva": [
        1.4781665474972172e-11,
        4.344588333538013e-08,
        1.0,
        2.498294071617835e-10
    ]
}