{
    "captions": [
        "a field",
        "a painting",
        "the middle",
        "a rabbit"
    ],
    "metaclip": [
        0.001039555761963129,
        0.005507662892341614,
        0.00046678842045366764,
        0.9929860234260559
    ],
    "clip": [
        0.0004298686981201172,
        0.0166473388671875,
        0.0005693435668945312,
        0.982421875
    ],
    "eva": [
        7.56482550212656e-12,
        3.734726305992808e-07,
        1.8824700912661863e-12,
        0.9999996423721313
    ]
}