{
    "captions": [
        "a flower",
        "a stem",
        "a drawing"
    ],
    "metaclip": [
        0.8474108576774597,
        0.0851132720708847,
        0.06747592985630035
    ],
    "clip": [
        0.5810546875,
        0.121826171875,
        0.296875
    ],
    "eva": [
        0.38122496008872986,
        0.5779004096984863,
        0.040874648839235306
    ]
}