{
    "captions": [
        "a wall",
        "a cat",
        "front",
        "that"
    ],
    "metaclip": [
        0.0019980750512331724,
        0.9917349815368652,
        0.00190433778334409,
        0.004362623672932386
    ],
    "clip": [
        0.01274871826171875,
        0.98193359375,
        0.0019855499267578125,
        0.00362396240234375
    ],
    "eva": [
        1.9907461989987496e-07,
        0.9999831914901733,
        1.6169364243978634e-05,
        4.268661086825887e-07
    ]
}