{
    "captions": [
        "painting",
        "a forest",
        "the grass",
        "a rabbit",
        "the background"
    ],
    "metaclip": [
        0.002084223087877035,
        0.00037991866702213883,
        0.0021810748148709536,
        0.9952808022499084,
        7.396523142233491e-05
    ],
    "clip": [
        0.015838623046875,
        0.0073699951171875,
        0.00809478759765625,
        0.96533203125,
        0.00312042236328125
    ],
    "eva": [
        2.001715598831666e-10,
        5.073508019953765e-12,
        1.3194757786383349e-12,
        1.0,
        2.233679583798446e-14
    ]
}