{
    "captions": [
        "its head",
        "painting",
        "a rooster",
        "a red comb"
    ],
    "metaclip": [
        0.00696362042799592,
        7.154577906476334e-05,
        0.9838475584983826,
        0.009117229841649532
    ],
    "clip": [
        0.0064849853515625,
        0.00292205810546875,
        0.96240234375,
        0.028167724609375
    ],
    "eva": [
        8.722510713710108e-09,
        1.3386573967377746e-11,
        0.9999991655349731,
        7.852802355046151e-07
    ]
}