{
    "captions": [
        "arafed dog",
        "a frisbee",
        "its mouth",
        "the grass"
    ],
    "metaclip": [
        0.8023520708084106,
        0.005426805932074785,
        0.18554385006427765,
        0.006677225232124329
    ],
    "clip": [
        0.97119140625,
        0.01806640625,
        0.00577545166015625,
        0.004787445068359375
    ],
    "eva": [
        0.9999995231628418,
        2.4804367448894027e-09,
        4.903561716673721e-07,
        2.0061868832854657e-10
    ]
}