{
    "captions": [
        "a table",
        "a crab",
        "that"
    ],
    "metaclip": [
        1.9482691641314887e-05,
        0.9995512366294861,
        0.0004293109814170748
    ],
    "clip": [
        0.0010528564453125,
        0.9951171875,
        0.003589630126953125
    ],
    "eva": [
        5.150193253366641e-15,
        1.0,
        4.367662481685741e-11
    ]
}