{
    "captions": [
        "painting",
        "the woods",
        "a rock",
        "a rabbit"
    ],
    "metaclip": [
        0.002340808743610978,
        0.0009088153601624072,
        0.0009740408277139068,
        0.995776355266571
    ],
    "clip": [
        0.01198577880859375,
        0.00499725341796875,
        0.0007781982421875,
        0.982421875
    ],
    "eva": [
        6.606814401122207e-11,
        8.604530662200544e-14,
        2.0588754225808747e-12,
        1.0
    ]
}