{
    "captions": [
        "its face",
        "a big smile",
        "a wolf",
        "a close"
    ],
    "metaclip": [
        0.0033003438729792833,
        0.0005353949964046478,
        0.995988667011261,
        0.0001756138080963865
    ],
    "clip": [
        0.01861572265625,
        0.00865936279296875,
        0.9697265625,
        0.002899169921875
    ],
    "eva": [
        8.754147406975221e-10,
        6.145157299686232e-11,
        1.0,
        4.612341324844449e-12
    ]
}