{
    "captions": [
        "painting",
        "a cat",
        "a ball"
    ],
    "metaclip": [
        0.1503886580467224,
        0.7368666529655457,
        0.11274467408657074
    ],
    "clip": [
        0.413330078125,
        0.490966796875,
        0.09588623046875
    ],
    "eva": [
        0.3275425136089325,
        0.03313262015581131,
        0.6393247842788696
    ]
}