{
    "captions": [
        "a lush green field",
        "a painting",
        "a black rabbit",
        "top"
    ],
    "metaclip": [
        2.433928791845119e-08,
        0.00030510613578371704,
        0.9996813535690308,
        1.3514975762518588e-05
    ],
    "clip": [
        2.1278858184814453e-05,
        0.0006875991821289062,
        0.9990234375,
        0.00020647048950195312
    ],
    "eva": [
        1.5303279737955665e-18,
        1.0679328515256215e-12,
        1.0,
        1.356177214799359e-12
    ]
}