{
    "captions": [
        "a camera",
        "scuba",
        "the ocean",
        "a scuba board"
    ],
    "metaclip": [
        5.988244811305776e-05,
        0.9878562092781067,
        0.0029003885574638844,
        0.009183512069284916
    ],
    "clip": [
        0.0003521442413330078,
        0.94140625,
        0.006244659423828125,
        0.052276611328125
    ],
    "eva": [
        2.6257647315133803e-13,
        0.9999839067459106,
        9.684777424467939e-10,
        1.603907730896026e-05
    ]
}