{
    "captions": [
        "a wall",
        "a living room",
        "a television"
    ],
    "metaclip": [
        0.001016226946376264,
        0.00395298283547163,
        0.9950307607650757
    ],
    "clip": [
        0.0005650520324707031,
        0.00940704345703125,
        0.990234375
    ],
    "eva": [
        1.410165509696526e-06,
        0.00029393599834293127,
        0.9997046589851379
    ]
}