{
    "captions": [
        "a pig",
        "painting",
        "a purple nose",
        "blue eyes"
    ],
    "metaclip": [
        0.7120224833488464,
        0.1244998350739479,
        0.12690332531929016,
        0.03657437860965729
    ],
    "clip": [
        0.61328125,
        0.118896484375,
        0.267822265625,
        0.0002560615539550781
    ],
    "eva": [
        0.06967682391405106,
        5.757933831773698e-05,
        0.9302656054496765,
        3.300913542503281e-09
    ]
}