{
    "captions": [
        "a white dog",
        "the grass",
        "that"
    ],
    "metaclip": [
        0.9742457866668701,
        0.005638624541461468,
        0.020115502178668976
    ],
    "clip": [
        0.998046875,
        0.00044345855712890625,
        0.0015974044799804688
    ],
    "eva": [
        0.9999998807907104,
        6.30515214691818e-12,
        1.75749690356497e-07
    ]
}