{
    "captions": [
        "a butterfly",
        "a close",
        "a pink background"
    ],
    "metaclip": [
        0.9576540589332581,
        0.006202384363859892,
        0.03614351525902748
    ],
    "clip": [
        0.9892578125,
        0.0013971328735351562,
        0.009552001953125
    ],
    "eva": [
        1.0,
        1.1179434461494608e-10,
        2.87720819391879e-10
    ]
}