{
    "captions": [
        "a pattern",
        "a dog's face",
        "a close",
        "it"
    ],
    "metaclip": [
        0.08339323848485947,
        0.902660071849823,
        0.00717944698408246,
        0.00676717096939683
    ],
    "clip": [
        0.0088043212890625,
        0.986328125,
        0.00409698486328125,
        0.0009279251098632812
    ],
    "eva": [
        1.0504904821573291e-05,
        0.9999891519546509,
        9.367334996568388e-08,
        2.7678183300849923e-07
    ]
}