{
    "captions": [
        "a snowy branch",
        "a yellow bird"
    ],
    "metaclip": [
        0.0018067405326291919,
        0.9981933236122131
    ],
    "clip": [
        2.8192996978759766e-05,
        1.0
    ],
    "eva": [
        1.0891440638260974e-07,
        0.9999998807907104
    ]
}