{
    "captions": [
        "green leaves",
        "a vase",
        "a close",
        "a plant"
    ],
    "metaclip": [
        0.24752674996852875,
        0.009886538609862328,
        0.007740579545497894,
        0.7348461151123047
    ],
    "clip": [
        0.11114501953125,
        0.0236663818359375,
        0.0048065185546875,
        0.8603515625
    ],
    "eva": [
        0.00013541588850785047,
        6.255608878125152e-12,
        2.8079603087149962e-09,
        0.9998645782470703
    ]
}