{
    "captions": [
        "a tennis racket",
        "a cat",
        "a chair",
        "that"
    ],
    "metaclip": [
        0.0015309047885239124,
        0.42565470933914185,
        0.046401385217905045,
        0.5264130234718323
    ],
    "clip": [
        0.105224609375,
        0.833984375,
        0.0265960693359375,
        0.034149169921875
    ],
    "eva": [
        9.920589036482852e-06,
        0.046559788286685944,
        0.01377478614449501,
        0.9396554827690125
    ]
}