{
    "captions": [
        "feet",
        "snow covered ground",
        "araffe bird"
    ],
    "metaclip": [
        0.0011933374917134643,
        0.008060326799750328,
        0.9907463788986206
    ],
    "clip": [
        0.0018587112426757812,
        0.004673004150390625,
        0.9931640625
    ],
    "eva": [
        1.215659656272905e-10,
        1.2843826880271081e-05,
        0.9999871253967285
    ]
}