{
    "captions": [
        "it",
        "a shark swimming",
        "the ocean",
        "a light"
    ],
    "metaclip": [
        0.0002092386712320149,
        0.9961788654327393,
        0.003370345802977681,
        0.00024160333850886673
    ],
    "clip": [
        5.364418029785156e-07,
        0.9990234375,
        0.0012645721435546875,
        3.4749507904052734e-05
    ],
    "eva": [
        1.5307962675237263e-09,
        1.0,
        2.591425407594272e-10,
        6.97471594368615e-14
    ]
}