{
    "captions": [
        "a dolphin",
        "purple and blue tiled wall",
        "it"
    ],
    "metaclip": [
        0.9032372236251831,
        0.09620554745197296,
        0.0005572480731643736
    ],
    "clip": [
        0.2174072265625,
        0.78271484375,
        9.512901306152344e-05
    ],
    "eva": [
        0.9999971389770508,
        2.812706043187063e-06,
        1.535875604474768e-08
    ]
}