{
    "captions": [
        "painting",
        "a bright orange background",
        "a butterfly"
    ],
    "metaclip": [
        0.045132607221603394,
        0.0007134464103728533,
        0.9541540145874023
    ],
    "clip": [
        0.10711669921875,
        0.0101165771484375,
        0.8828125
    ],
    "eva": [
        1.2639898159250151e-06,
        1.4028098039469469e-14,
        0.9999986886978149
    ]
}