{
    "captions": [
        "a bright orange background",
        "painting",
        "a butterfly"
    ],
    "metaclip": [
        0.0007134613115340471,
        0.045132607221603394,
        0.9541538953781128
    ],
    "clip": [
        0.01027679443359375,
        0.1070556640625,
        0.8828125
    ],
    "eva": [
        1.4027885434199708e-14,
        1.2639706028494402e-06,
        0.9999986886978149
    ]
}