{
    "captions": [
        "painting",
        "a forest",
        "a bear",
        "a rock"
    ],
    "metaclip": [
        0.001040739705786109,
        0.00850232969969511,
        0.9858822822570801,
        0.00457465834915638
    ],
    "clip": [
        0.01549530029296875,
        0.00954437255859375,
        0.9736328125,
        0.0010881423950195312
    ],
    "eva": [
        9.357874830584478e-08,
        8.41137625684496e-06,
        0.9999914169311523,
        1.2209014244035643e-08
    ]
}