{
    "captions": [
        "painting",
        "a cloudy sky",
        "a wet road",
        "a white van"
    ],
    "metaclip": [
        0.00013866137305740267,
        0.00018226691463496536,
        0.014160201884806156,
        0.9855189323425293
    ],
    "clip": [
        9.304285049438477e-05,
        0.002964019775390625,
        0.005893707275390625,
        0.9912109375
    ],
    "eva": [
        5.605460106500315e-12,
        1.277249746939324e-11,
        6.29743590252474e-05,
        0.9999370574951172
    ]
}