{
    "captions": [
        "a close",
        "a tiger's face",
        "a purple background"
    ],
    "metaclip": [
        0.0003200998471584171,
        0.9996541738510132,
        2.5772051230887882e-05
    ],
    "clip": [
        0.000362396240234375,
        0.9990234375,
        0.00045108795166015625
    ],
    "eva": [
        8.700182796417266e-10,
        1.0,
        5.128772406770565e-12
    ]
}