{
    "captions": [
        "a small rabbit",
        "that",
        "the sand"
    ],
    "metaclip": [
        0.9364089369773865,
        0.00215689348988235,
        0.061434127390384674
    ],
    "clip": [
        0.91650390625,
        0.0009393692016601562,
        0.0826416015625
    ],
    "eva": [
        0.9986616373062134,
        1.805177998903673e-05,
        0.0013202771078795195
    ]
}