{
    "captions": [
        "painting",
        "trees",
        "an elephant",
        "a wooded area"
    ],
    "metaclip": [
        0.006660215090960264,
        0.0015180062036961317,
        0.9916625022888184,
        0.00015917605196591467
    ],
    "clip": [
        0.0267486572265625,
        0.00011277198791503906,
        0.97265625,
        0.0005297660827636719
    ],
    "eva": [
        1.3844253032857523e-07,
        3.401244997452979e-12,
        0.9999998807907104,
        3.6240212220040036e-11
    ]
}