{
    "captions": [
        "arafed van",
        "a mountain",
        "a snowy road",
        "the background"
    ],
    "metaclip": [
        0.987320065498352,
        0.004674764350056648,
        0.006668682675808668,
        0.0013364970218390226
    ],
    "clip": [
        0.9970703125,
        0.0005383491516113281,
        0.0019550323486328125,
        0.0006494522094726562
    ],
    "eva": [
        6.785924051655456e-05,
        7.3948376311250286e-09,
        0.9999321699142456,
        4.17423393628269e-08
    ]
}