{
    "captions": [
        "arafed image",
        "front",
        "a teddy bear",
        "a circular pattern"
    ],
    "metaclip": [
        0.00474150525406003,
        0.017321059480309486,
        0.004459884949028492,
        0.9734775424003601
    ],
    "clip": [
        0.057464599609375,
        3.1054019927978516e-05,
        0.0001480579376220703,
        0.94189453125
    ],
    "eva": [
        4.235414508002577e-06,
        6.143928476376459e-05,
        3.20949977705709e-09,
        0.9999343156814575
    ]
}