{
    "captions": [
        "a lens",
        "a camera",
        "a white background",
        "a close"
    ],
    "metaclip": [
        0.14461912214756012,
        0.853516161441803,
        0.0015280519146472216,
        0.0003366732271388173
    ],
    "clip": [
        0.2261962890625,
        0.71875,
        0.046661376953125,
        0.0084991455078125
    ],
    "eva": [
        0.0009699515649117529,
        0.9990301132202148,
        1.6073949948847144e-09,
        1.8204088236828397e-10
    ]
}