{
    "captions": [
        "scuba gear",
        "arafed man",
        "a wet suit",
        "the water"
    ],
    "metaclip": [
        0.7405970692634583,
        0.027910389006137848,
        0.21555890142917633,
        0.01593373715877533
    ],
    "clip": [
        0.97265625,
        0.0019369125366210938,
        0.021148681640625,
        0.004718780517578125
    ],
    "eva": [
        0.976820707321167,
        5.859880548086949e-05,
        0.0231205802410841,
        1.12157664489132e-07
    ]
}