{
    "captions": [
        "the ocean",
        "a coral reef",
        "a shark swimming",
        "a close"
    ],
    "metaclip": [
        0.004934291355311871,
        0.004939583595842123,
        0.9899080991744995,
        0.0002179689472541213
    ],
    "clip": [
        0.003353118896484375,
        0.037200927734375,
        0.95947265625,
        0.0002110004425048828
    ],
    "eva": [
        1.737958044145671e-08,
        3.612392163176992e-07,
        0.9999996423721313,
        5.1497108660703006e-11
    ]
}