{
    "captions": [
        "the dirt",
        "that",
        "a plant",
        "a picture"
    ],
    "metaclip": [
        0.01982724294066429,
        0.09891825914382935,
        0.8119357228279114,
        0.06931881606578827
    ],
    "clip": [
        0.030853271484375,
        0.003543853759765625,
        0.93017578125,
        0.035491943359375
    ],
    "eva": [
        1.325745069280515e-11,
        3.773870105305832e-09,
        0.9998413324356079,
        0.0001586109574418515
    ]
}