{
    "captions": [
        "a starfish",
        "a shark",
        "a coral reef"
    ],
    "metaclip": [
        0.000448716979008168,
        0.9967302083969116,
        0.002821088768541813
    ],
    "clip": [
        0.0005564689636230469,
        0.98291015625,
        0.0166473388671875
    ],
    "eva": [
        9.182900662096927e-09,
        0.9999958276748657,
        4.126970907236682e-06
    ]
}