{
    "captions": [
        "a tiger's face",
        "a tiled wall",
        "a close"
    ],
    "metaclip": [
        0.9977222084999084,
        0.0010174940107390285,
        0.0012602127389982343
    ],
    "clip": [
        0.986328125,
        0.01363372802734375,
        0.0001742839813232422
    ],
    "eva": [
        1.0,
        9.96220794746705e-09,
        2.788300612621697e-08
    ]
}