{
    "captions": [
        "a wooden holder",
        "a table",
        "four glasses"
    ],
    "metaclip": [
        0.9874070286750793,
        0.010458347387611866,
        0.0021345841232687235
    ],
    "clip": [
        0.87060546875,
        0.062103271484375,
        0.067138671875
    ],
    "eva": [
        0.9999818801879883,
        1.7868122085928917e-05,
        2.2100763885646302e-07
    ]
}