{
    "captions": [
        "a knife",
        "a laptop computer",
        "a table"
    ],
    "metaclip": [
        0.9992280006408691,
        2.9572012863354757e-05,
        0.000742485630325973
    ],
    "clip": [
        0.99853515625,
        2.5451183319091797e-05,
        0.0014553070068359375
    ],
    "eva": [
        1.0,
        2.1965419324458495e-15,
        1.3292623946004056e-11
    ]
}