{
    "captions": [
        "a smile",
        "a dog",
        "arafed photo",
        "a colorful background"
    ],
    "metaclip": [
        0.0035259928554296494,
        0.9882490634918213,
        0.0024073035456240177,
        0.005817672237753868
    ],
    "clip": [
        0.003570556640625,
        0.990234375,
        0.0034618377685546875,
        0.0028247833251953125
    ],
    "eva": [
        1.7655597162047343e-07,
        0.9999994039535522,
        3.562970718462566e-08,
        3.325365582895756e-07
    ]
}