{
    "captions": [
        "cars",
        "a city street",
        "painting",
        "buildings",
        "the background"
    ],
    "metaclip": [
        0.002974565839394927,
        0.8165377974510193,
        0.01329091563820839,
        0.16439856588840485,
        0.0027981114108115435
    ],
    "clip": [
        0.11700439453125,
        0.3603515625,
        0.3896484375,
        0.12261962890625,
        0.01006317138671875
    ],
    "eva": [
        1.7235610272337e-08,
        0.9998886585235596,
        0.00010519632633076981,
        6.026126357028261e-06,
        5.091035926163556e-10
    ]
}