{
    "captions": [
        "a cutting board",
        "a close",
        "a counter",
        "a knife"
    ],
    "metaclip": [
        0.9973856806755066,
        0.0001294635294470936,
        0.00015961295866873115,
        0.0023252677638083696
    ],
    "clip": [
        0.998046875,
        3.641843795776367e-05,
        0.0011682510375976562,
        0.0006976127624511719
    ],
    "eva": [
        1.0,
        7.238358350203367e-12,
        9.779741252935459e-12,
        1.8960864822670231e-10
    ]
}