{
    "captions": [
        "the air",
        "brightly colored bird",
        "wings"
    ],
    "metaclip": [
        0.007970120757818222,
        0.9728694558143616,
        0.019160432741045952
    ],
    "clip": [
        0.0006499290466308594,
        0.9892578125,
        0.010162353515625
    ],
    "eva": [
        3.3368166563185753e-10,
        0.9999996423721313,
        3.936501968837547e-07
    ]
}