{
    "captions": [
        "a pink head",
        "a black beak"
    ],
    "metaclip": [
        0.13465318083763123,
        0.8653467893600464
    ],
    "clip": [
        0.0055084228515625,
        0.994140625
    ],
    "eva": [
        0.8338540196418762,
        0.1661459505558014
    ]
}