{
    "captions": [
        "painting",
        "a black background",
        "the grass",
        "a rabbit"
    ],
    "metaclip": [
        0.004546453710645437,
        3.6183490010444075e-05,
        0.007506795227527618,
        0.9879106283187866
    ],
    "clip": [
        0.0044708251953125,
        0.0265350341796875,
        0.0036487579345703125,
        0.96533203125
    ],
    "eva": [
        2.1309849718154084e-11,
        2.0288836189981223e-14,
        2.2474525712690152e-11,
        1.0
    ]
}