{
    "captions": [
        "painting",
        "a forest",
        "a foggy background",
        "a bear",
        "trees"
    ],
    "metaclip": [
        0.0009044647449627519,
        0.007113026920706034,
        7.536612974945456e-05,
        0.9910831451416016,
        0.000824025715701282
    ],
    "clip": [
        0.018218994140625,
        0.0277862548828125,
        0.004680633544921875,
        0.9345703125,
        0.01464080810546875
    ],
    "eva": [
        2.1441907971375684e-10,
        4.377318703063793e-07,
        1.4406522978847332e-16,
        0.9999995231628418,
        3.8688465625602575e-11
    ]
}