{
    "captions": [
        "a squirrel",
        "a tree branch",
        "that"
    ],
    "metaclip": [
        0.995316743850708,
        0.0039638071320950985,
        0.0007194876088760793
    ],
    "clip": [
        0.9990234375,
        0.0008969306945800781,
        5.9604644775390625e-05
    ],
    "eva": [
        1.0,
        2.9321958194827857e-09,
        2.4346605287384193e-10
    ]
}