{
    "captions": [
        "the water",
        "a fish",
        "that"
    ],
    "metaclip": [
        0.08935805410146713,
        0.8445358276367188,
        0.0661061480641365
    ],
    "clip": [
        0.12255859375,
        0.8642578125,
        0.01312255859375
    ],
    "eva": [
        4.205239747534506e-06,
        0.997895359992981,
        0.002100371289998293
    ]
}