{
    "captions": [
        "a bird",
        "the snow",
        "a branch",
        "that"
    ],
    "metaclip": [
        0.9720290899276733,
        0.01768507994711399,
        0.006236220709979534,
        0.004049558658152819
    ],
    "clip": [
        0.939453125,
        0.053009033203125,
        0.006038665771484375,
        0.0011892318725585938
    ],
    "eva": [
        0.9999995231628418,
        3.7910922401351854e-08,
        9.98955917985711e-10,
        4.7458459562221833e-07
    ]
}