{
    "captions": [
        "painting",
        "a forest",
        "a rabbit",
        "the grass",
        "front"
    ],
    "metaclip": [
        0.0017435600748285651,
        0.0024034823291003704,
        0.9953202605247498,
        0.0004539438523352146,
        7.864714280003682e-05
    ],
    "clip": [
        0.00894927978515625,
        0.0019044876098632812,
        0.98681640625,
        0.002407073974609375,
        0.00013375282287597656
    ],
    "eva": [
        3.715756174971219e-11,
        3.5702434342255174e-09,
        1.0,
        9.693192293746752e-14,
        1.0496255774261609e-11
    ]
}