{
    "captions": [
        "painting",
        "a killer whale",
        "the water"
    ],
    "metaclip": [
        0.0003111424157395959,
        0.9993996620178223,
        0.00028914670110680163
    ],
    "clip": [
        0.00307464599609375,
        0.99658203125,
        0.0002772808074951172
    ],
    "eva": [
        5.447216289145018e-11,
        1.0,
        1.1061704937448402e-12
    ]
}