{
    "captions": [
        "a tiled surface",
        "a fish",
        "a close",
        "the background",
        "a person"
    ],
    "metaclip": [
        0.43205007910728455,
        0.5514465570449829,
        0.002667193068191409,
        0.009995190426707268,
        0.0038409705739468336
    ],
    "clip": [
        0.671875,
        0.322509765625,
        0.0017728805541992188,
        0.003261566162109375,
        0.0006833076477050781
    ],
    "eva": [
        0.0014049791498109698,
        0.9985944628715515,
        5.075056037640024e-07,
        2.311839386592851e-09,
        3.659202718608867e-09
    ]
}