{
    "captions": [
        "a forest",
        "painting",
        "the grass"
    ],
    "metaclip": [
        0.2360266149044037,
        0.25435957312583923,
        0.5096138119697571
    ],
    "clip": [
        0.0953369140625,
        0.78564453125,
        0.11865234375
    ],
    "eva": [
        0.091227687895298,
        0.8595395088195801,
        0.04923280328512192
    ]
}