{
    "captions": [
        "a red panda bear",
        "a red jacket",
        "a close"
    ],
    "metaclip": [
        0.9920754432678223,
        0.00579347787424922,
        0.002131118206307292
    ],
    "clip": [
        0.97607421875,
        0.0184478759765625,
        0.0055389404296875
    ],
    "eva": [
        1.0,
        1.347066125312324e-09,
        9.744314383164365e-11
    ]
}