{
    "captions": [
        "a tree trunk",
        "that",
        "a squirrel"
    ],
    "metaclip": [
        0.008604600094258785,
        0.0006216055480763316,
        0.9907737374305725
    ],
    "clip": [
        0.0016736984252929688,
        4.225969314575195e-05,
        0.998046875
    ],
    "eva": [
        8.298011522356319e-08,
        2.966042689234172e-11,
        0.9999998807907104
    ]
}