{
    "captions": [
        "a woman's face",
        "arafed image",
        "a multicolored background"
    ],
    "metaclip": [
        0.0015122737968340516,
        0.23199515044689178,
        0.7664925456047058
    ],
    "clip": [
        0.00939178466796875,
        0.89990234375,
        0.09051513671875
    ],
    "eva": [
        0.00021213873696979135,
        0.05919757857918739,
        0.9405902624130249
    ]
}