{
    "captions": [
        "it",
        "a close",
        "many circles",
        "a dog's face"
    ],
    "metaclip": [
        0.004554377868771553,
        0.014780521392822266,
        0.9691889882087708,
        0.011476181447505951
    ],
    "clip": [
        0.0028171539306640625,
        0.0570068359375,
        0.81201171875,
        0.1285400390625
    ],
    "eva": [
        0.13186237215995789,
        0.007139385212212801,
        0.8075346946716309,
        0.05346359312534332
    ]
}