{
    "captions": [
        "painting",
        "a grassy field",
        "a white cat"
    ],
    "metaclip": [
        0.006531188730150461,
        0.0004256924439687282,
        0.9930431842803955
    ],
    "clip": [
        0.057769775390625,
        0.0526123046875,
        0.8896484375
    ],
    "eva": [
        7.01891025300938e-08,
        5.528764646101081e-08,
        0.9999998807907104
    ]
}