{
    "captions": [
        "the ground",
        "a bicycle",
        "that",
        "a picture"
    ],
    "metaclip": [
        8.569643250666559e-05,
        0.998771607875824,
        0.00015991037071216851,
        0.0009827306494116783
    ],
    "clip": [
        9.703636169433594e-05,
        0.994140625,
        7.557868957519531e-05,
        0.00572967529296875
    ],
    "eva": [
        8.983269331994158e-16,
        0.9999985694885254,
        1.1087379278573728e-11,
        1.4877737157803494e-06
    ]
}