{
    "captions": [
        "arafed white dog",
        "a black background"
    ],
    "metaclip": [
        0.998772919178009,
        0.0012270462466403842
    ],
    "clip": [
        0.99853515625,
        0.0012845993041992188
    ],
    "eva": [
        1.0,
        6.927521707320028e-13
    ]
}