{
    "captions": [
        "a black surface",
        "painting",
        "a tiger"
    ],
    "metaclip": [
        7.619371899636462e-05,
        0.0008258568705059588,
        0.9990979433059692
    ],
    "clip": [
        1.5795230865478516e-05,
        0.0010004043579101562,
        0.9990234375
    ],
    "eva": [
        1.597152752197398e-17,
        2.069099015386544e-12,
        1.0
    ]
}