{
    "captions": [
        "the background",
        "the ocean",
        "a coral reef",
        "arafed shark swimming"
    ],
    "metaclip": [
        1.1623188584053423e-05,
        0.0006594767328351736,
        0.0010835420107468963,
        0.998245358467102
    ],
    "clip": [
        6.0558319091796875e-05,
        0.00026917457580566406,
        0.0003147125244140625,
        0.9990234375
    ],
    "eva": [
        2.8108604853416264e-12,
        6.002487396017386e-10,
        9.352703500553616e-09,
        1.0
    ]
}