{
    "captions": [
        "a blurry background",
        "a leaf",
        "a butterfly",
        "a close"
    ],
    "metaclip": [
        0.024358319118618965,
        0.011584294028580189,
        0.9586871266365051,
        0.005370279774069786
    ],
    "clip": [
        0.0606689453125,
        0.002315521240234375,
        0.9345703125,
        0.00262451171875
    ],
    "eva": [
        8.410826808358252e-07,
        8.488775016246564e-09,
        0.9999991655349731,
        1.79133041733337e-09
    ]
}