{
    "captions": [
        "a black rabbit",
        "the middle",
        "a field"
    ],
    "metaclip": [
        0.9999322891235352,
        3.8827452044643e-06,
        6.371917697833851e-05
    ],
    "clip": [
        1.0,
        1.5556812286376953e-05,
        2.9087066650390625e-05
    ],
    "eva": [
        1.0,
        3.1913064783659236e-16,
        3.367281453670046e-11
    ]
}