{
    "captions": [
        "painting",
        "a hummingbird",
        "a colorful background",
        "flight"
    ],
    "metaclip": [
        0.013235538266599178,
        0.9835038185119629,
        0.0004803732444997877,
        0.002780331764370203
    ],
    "clip": [
        0.03863525390625,
        0.95068359375,
        0.002628326416015625,
        0.00809478759765625
    ],
    "eva": [
        8.645132766105235e-05,
        0.9999135732650757,
        1.8927188705220033e-09,
        3.7320745605029515e-08
    ]
}