{
    "captions": [
        "a blurry photo",
        "a kitchen",
        "a bowl",
        "fruit"
    ],
    "metaclip": [
        0.38334619998931885,
        0.5547543168067932,
        0.03472224622964859,
        0.0271772351115942
    ],
    "clip": [
        0.9794921875,
        0.02032470703125,
        0.00016260147094726562,
        4.017353057861328e-05
    ],
    "eva": [
        0.00015311346214730293,
        0.9996138215065002,
        9.177944093607948e-08,
        0.00023297968436963856
    ]
}