{
    "captions": [
        "grass",
        "painting",
        "a red panda",
        "a field"
    ],
    "metaclip": [
        0.005020924378186464,
        0.002068513771519065,
        0.992546021938324,
        0.00036446802550926805
    ],
    "clip": [
        0.006420135498046875,
        0.039947509765625,
        0.95263671875,
        0.001224517822265625
    ],
    "eva": [
        4.1351077584295126e-07,
        7.291190229352651e-08,
        0.9999995231628418,
        5.074640707647404e-11
    ]
}