{
    "captions": [
        "painting",
        "a bird",
        "it",
        "a tree"
    ],
    "metaclip": [
        0.012116645462810993,
        0.0016484711086377501,
        0.0011895116185769439,
        0.9850453734397888
    ],
    "clip": [
        0.0789794921875,
        0.01483917236328125,
        0.0023670196533203125,
        0.90380859375
    ],
    "eva": [
        1.0449184850713777e-09,
        1.7525034201604228e-10,
        4.070148940105156e-10,
        1.0
    ]
}