{
    "captions": [
        "a tree branch",
        "that",
        "a squirrel"
    ],
    "metaclip": [
        0.002692256821319461,
        0.0002539101697038859,
        0.997053861618042
    ],
    "clip": [
        0.004680633544921875,
        4.0471553802490234e-05,
        0.9951171875
    ],
    "eva": [
        2.8862858769684863e-08,
        1.1043290587542387e-10,
        1.0
    ]
}