{
    "captions": [
        "a toy",
        "a cat",
        "that",
        "the floor"
    ],
    "metaclip": [
        0.00766694825142622,
        0.991791844367981,
        0.00037428614450618625,
        0.00016696671082172543
    ],
    "clip": [
        0.0229339599609375,
        0.97509765625,
        0.0010976791381835938,
        0.000766754150390625
    ],
    "eva": [
        8.843412069836631e-05,
        0.9999115467071533,
        6.263520901939046e-08,
        1.441291253012622e-10
    ]
}