{
    "captions": [
        "painting",
        "a wall",
        "a bicycle",
        "a blue background"
    ],
    "metaclip": [
        0.0003968496457673609,
        0.0004247922624927014,
        0.9989610910415649,
        0.00021729976288042963
    ],
    "clip": [
        0.0005974769592285156,
        0.00010710954666137695,
        0.9990234375,
        0.00075531005859375
    ],
    "eva": [
        8.883134367519176e-15,
        3.913296959699372e-14,
        1.0,
        4.407294536647784e-15
    ]
}