{
    "captions": [
        "a camera",
        "the ocean",
        "a person",
        "a shark swimming"
    ],
    "metaclip": [
        5.0977592763956636e-05,
        0.0022063101641833782,
        6.081409446778707e-05,
        0.9976818561553955
    ],
    "clip": [
        2.4020671844482422e-05,
        0.003765106201171875,
        9.649991989135742e-05,
        0.99609375
    ],
    "eva": [
        5.956025117548336e-10,
        2.1339083389193547e-08,
        1.2043055355043242e-12,
        1.0
    ]
}