{
    "captions": [
        "a cutting board",
        "it",
        "a banana",
        "a knife"
    ],
    "metaclip": [
        0.974269449710846,
        0.0008079106919467449,
        0.012625634670257568,
        0.012296942062675953
    ],
    "clip": [
        0.99560546875,
        6.258487701416016e-06,
        0.0007295608520507812,
        0.0034275054931640625
    ],
    "eva": [
        1.0,
        2.7134210434098804e-09,
        3.8805582553737283e-13,
        1.1285571088759383e-10
    ]
}