{
    "captions": [
        "a window",
        "a desk",
        "a printer",
        "the background",
        "a close"
    ],
    "metaclip": [
        9.9537632195279e-05,
        0.0019049865659326315,
        0.9977771639823914,
        0.00010328031203243881,
        0.00011503613495733589
    ],
    "clip": [
        6.496906280517578e-06,
        0.0008559226989746094,
        0.9990234375,
        3.319978713989258e-05,
        0.00018656253814697266
    ],
    "eva": [
        7.01687768626209e-15,
        8.970305032107717e-08,
        0.9999998807907104,
        2.012594328389475e-15,
        5.069123289527799e-13
    ]
}