{
    "captions": [
        "apples",
        "a basket"
    ],
    "metaclip": [
        0.013393479399383068,
        0.9866064786911011
    ],
    "clip": [
        0.00048041343688964844,
        1.0
    ],
    "eva": [
        2.0434844927308404e-08,
        1.0
    ]
}