{
    "captions": [
        "a tree trunk",
        "a forest",
        "a bear",
        "painting"
    ],
    "metaclip": [
        0.0009466843912377954,
        0.007831514813005924,
        0.9902012944221497,
        0.0010205336147919297
    ],
    "clip": [
        0.003467559814453125,
        0.006683349609375,
        0.9765625,
        0.0132904052734375
    ],
    "eva": [
        1.3234643381210276e-09,
        7.147305041144136e-07,
        0.9999992847442627,
        2.0995598315476371e-10
    ]
}