{
    "captions": [
        "a forest",
        "painting",
        "a bear",
        "a tree trunk"
    ],
    "metaclip": [
        0.00783136859536171,
        0.0010205298895016313,
        0.9902015328407288,
        0.0009466628544032574
    ],
    "clip": [
        0.006687164306640625,
        0.013092041015625,
        0.97705078125,
        0.0034694671630859375
    ],
    "eva": [
        7.147535825424711e-07,
        2.099603824134988e-10,
        0.9999992847442627,
        1.3234592310951143e-09
    ]
}