{
    "captions": [
        "water",
        "the ocean",
        "rocks"
    ],
    "metaclip": [
        0.16571231186389923,
        0.8064879179000854,
        0.027799785137176514
    ],
    "clip": [
        0.251708984375,
        0.68408203125,
        0.06463623046875
    ],
    "eva": [
        0.24334022402763367,
        0.7566595673561096,
        1.6906633959479223e-07
    ]
}