{
    "captions": [
        "rocks",
        "the ocean",
        "water"
    ],
    "metaclip": [
        0.027799785137176514,
        0.8064879179000854,
        0.16571231186389923
    ],
    "clip": [
        0.06463623046875,
        0.68408203125,
        0.251708984375
    ],
    "eva": [
        1.6906633959479223e-07,
        0.7566595673561096,
        0.24334022402763367
    ]
}