{
    "captions": [
        "a forest",
        "painting",
        "a bear",
        "a log"
    ],
    "metaclip": [
        0.01595521718263626,
        0.0005287444801069796,
        0.9789395332336426,
        0.004576584789901972
    ],
    "clip": [
        0.01116943359375,
        0.01285552978515625,
        0.97412109375,
        0.00136566162109375
    ],
    "eva": [
        1.924891876114998e-06,
        5.635890087951623e-10,
        0.9999980926513672,
        5.791565271806576e-08
    ]
}