{
    "captions": [
        "a white flower",
        "a close",
        "a green stem"
    ],
    "metaclip": [
        0.5909271240234375,
        0.030466031283140182,
        0.3786068558692932
    ],
    "clip": [
        0.97607421875,
        0.0030345916748046875,
        0.0205841064453125
    ],
    "eva": [
        0.9982479810714722,
        2.237917442471371e-06,
        0.0017497261287644506
    ]
}