{
    "captions": [
        "a tiger's face",
        "a tiled wall",
        "a close"
    ],
    "metaclip": [
        0.999559223651886,
        0.00020453678735066205,
        0.0002361471561016515
    ],
    "clip": [
        0.99072265625,
        0.008575439453125,
        0.000514984130859375
    ],
    "eva": [
        1.0,
        1.999022947174467e-09,
        3.6209439890910744e-09
    ]
}