{
    "captions": [
        "a rabbit",
        "a rock",
        "painting",
        "a field"
    ],
    "metaclip": [
        0.995891809463501,
        0.0002816570340655744,
        0.0032844000961631536,
        0.0005421381792984903
    ],
    "clip": [
        0.99267578125,
        0.000553131103515625,
        0.006183624267578125,
        0.0006623268127441406
    ],
    "eva": [
        1.0,
        7.215721076203607e-13,
        5.679573478190036e-10,
        1.7606791404608385e-13
    ]
}