{
    "captions": [
        "a green grass covered ground",
        "a rabbit",
        "a painting"
    ],
    "metaclip": [
        3.09145747223738e-07,
        0.9966785907745361,
        0.0033211130648851395
    ],
    "clip": [
        0.0009212493896484375,
        0.9716796875,
        0.027130126953125
    ],
    "eva": [
        8.312715275783818e-15,
        1.0,
        1.3560240708088145e-09
    ]
}