{
    "captions": [
        "the ground",
        "that",
        "a fish"
    ],
    "metaclip": [
        0.002402419922873378,
        0.027300890535116196,
        0.9702966809272766
    ],
    "clip": [
        0.014129638671875,
        0.033111572265625,
        0.95263671875
    ],
    "eva": [
        1.784675011939907e-11,
        1.0239491530228406e-05,
        0.9999897480010986
    ]
}