{
    "captions": [
        "a wall",
        "squares",
        "a person",
        "arafed image",
        "front"
    ],
    "metaclip": [
        0.001831787871196866,
        0.9709547162055969,
        0.006320357788354158,
        0.012281124480068684,
        0.0086120730265975
    ],
    "clip": [
        0.00690460205078125,
        0.830078125,
        0.0011358261108398438,
        0.160888671875,
        0.001190185546875
    ],
    "eva": [
        1.0906946954492014e-06,
        0.9999228715896606,
        6.0951625968641565e-09,
        2.1340585476536944e-07,
        7.573192851850763e-05
    ]
}