{
    "captions": [
        "a bear",
        "a lake",
        "the background",
        "a forest",
        "painting"
    ],
    "metaclip": [
        0.9695549607276917,
        0.00016679805412422866,
        0.00014196523989085108,
        0.028722358867526054,
        0.0014139217091724277
    ],
    "clip": [
        0.93603515625,
        0.002079010009765625,
        0.00809478759765625,
        0.033050537109375,
        0.020355224609375
    ],
    "eva": [
        0.9993875026702881,
        1.3225770305325124e-12,
        1.2349612435111346e-12,
        0.0006124302162788808,
        8.180286670267378e-09
    ]
}