{
    "captions": [
        "the air",
        "the beach",
        "a dog",
        "a kite"
    ],
    "metaclip": [
        0.14119917154312134,
        0.5863549113273621,
        0.2186601758003235,
        0.0537857823073864
    ],
    "clip": [
        0.050079345703125,
        0.8603515625,
        0.0728759765625,
        0.0161285400390625
    ],
    "eva": [
        1.654196239542216e-06,
        0.9968012571334839,
        0.0031952818389981985,
        1.7593567918083863e-06
    ]
}