{
    "captions": [
        "a cutting board",
        "a close",
        "a knife",
        "vegetables"
    ],
    "metaclip": [
        0.9956427812576294,
        0.0003678652283269912,
        0.0036461439449340105,
        0.00034323486033827066
    ],
    "clip": [
        0.9912109375,
        0.0002548694610595703,
        0.00608062744140625,
        0.0028285980224609375
    ],
    "eva": [
        1.0,
        2.0683010859556816e-09,
        2.7548563430457307e-10,
        1.8004653323799857e-11
    ]
}