{
    "captions": [
        "a floor",
        "a stuffed rabbit",
        "a close"
    ],
    "metaclip": [
        0.00047497585183009505,
        0.9983933568000793,
        0.0011316887103021145
    ],
    "clip": [
        3.0934810638427734e-05,
        1.0,
        3.975629806518555e-05
    ],
    "eva": [
        3.130536099565164e-16,
        1.0,
        3.279838626710739e-14
    ]
}