{
    "captions": [
        "a hummingbird",
        "a colorful background",
        "painting",
        "flight"
    ],
    "metaclip": [
        0.9833576083183289,
        0.0029621608555316925,
        0.0067511857487261295,
        0.006928946357220411
    ],
    "clip": [
        0.61865234375,
        0.027191162109375,
        0.27880859375,
        0.0750732421875
    ],
    "eva": [
        0.9999996423721313,
        3.5800815645359307e-09,
        2.392760620750778e-07,
        8.188127509356491e-08
    ]
}