{
    "captions": [
        "a book shelf",
        "a picture"
    ],
    "metaclip": [
        0.0751667246222496,
        0.9248332977294922
    ],
    "clip": [
        0.06011962890625,
        0.9404296875
    ],
    "eva": [
        6.313083302650346e-12,
        1.0
    ]
}