{
    "captions": [
        "a brown trunk",
        "a painting",
        "a white background",
        "a tree"
    ],
    "metaclip": [
        0.013845865614712238,
        0.0032377257011830807,
        0.0009242490632459521,
        0.9819921255111694
    ],
    "clip": [
        0.023040771484375,
        0.11883544921875,
        0.00702667236328125,
        0.85107421875
    ],
    "eva": [
        1.6634277926641516e-05,
        7.033019167046461e-10,
        7.99040521248795e-12,
        0.9999833106994629
    ]
}