{
    "captions": [
        "arafed photo",
        "a pink background",
        "a dog"
    ],
    "metaclip": [
        0.001412294921465218,
        0.02418215200304985,
        0.9744055867195129
    ],
    "clip": [
        0.0038814544677734375,
        0.04583740234375,
        0.94970703125
    ],
    "eva": [
        3.34766205867254e-08,
        3.893753091688268e-05,
        0.9999610185623169
    ]
}