{
    "captions": [
        "a bush",
        "painting",
        "it",
        "the grass",
        "a rabbit"
    ],
    "metaclip": [
        0.0002499237598385662,
        0.0031510593835264444,
        0.0001292535598622635,
        0.0005080718547105789,
        0.9959617257118225
    ],
    "clip": [
        0.0018606185913085938,
        0.057891845703125,
        0.0003750324249267578,
        0.005641937255859375,
        0.93408203125
    ],
    "eva": [
        1.741010547534616e-12,
        2.4725443914519474e-09,
        5.335187500121741e-11,
        1.2873378578415196e-12,
        1.0
    ]
}