{
    "captions": [
        "a rabbit",
        "a wooded area",
        "painting",
        "the grass"
    ],
    "metaclip": [
        0.9937573671340942,
        3.781954728765413e-05,
        0.005629301071166992,
        0.000575497280806303
    ],
    "clip": [
        0.98193359375,
        0.0004944801330566406,
        0.0144500732421875,
        0.0029354095458984375
    ],
    "eva": [
        1.0,
        4.1472589793790926e-14,
        4.327455338515307e-10,
        4.312428235689336e-13
    ]
}