{
    "captions": [
        "the woods",
        "a bear",
        "that"
    ],
    "metaclip": [
        0.008912980556488037,
        0.9903411865234375,
        0.0007457631872966886
    ],
    "clip": [
        0.0138397216796875,
        0.9853515625,
        0.0009946823120117188
    ],
    "eva": [
        7.87950682479277e-09,
        1.0,
        2.497201577467134e-11
    ]
}