{
    "captions": [
        "painting",
        "a blue background",
        "a white background",
        "a butterfly"
    ],
    "metaclip": [
        0.021855462342500687,
        9.646157559473068e-05,
        0.0008490249747410417,
        0.9771990776062012
    ],
    "clip": [
        0.1002197265625,
        0.0020809173583984375,
        0.004337310791015625,
        0.8935546875
    ],
    "eva": [
        5.658170607603097e-07,
        1.292250510869224e-15,
        1.6511901438157062e-12,
        0.9999994039535522
    ]
}