{
    "captions": [
        "a squirrel",
        "food",
        "a piece",
        "a rock"
    ],
    "metaclip": [
        0.9972930550575256,
        0.0005317569593898952,
        0.0018389485776424408,
        0.00033618314773775637
    ],
    "clip": [
        0.9990234375,
        0.0008559226989746094,
        0.00013434886932373047,
        9.453296661376953e-05
    ],
    "eva": [
        1.0,
        1.510312925070978e-12,
        1.8222978681592394e-10,
        6.649687717781225e-14
    ]
}