{
    "captions": [
        "a close",
        "a duck",
        "a blurry background"
    ],
    "metaclip": [
        0.0002481573319528252,
        0.9497156739234924,
        0.050036169588565826
    ],
    "clip": [
        0.003017425537109375,
        0.99365234375,
        0.0033664703369140625
    ],
    "eva": [
        1.8388783551426258e-11,
        1.0,
        1.2713522457019621e-09
    ]
}