{
    "captions": [
        "a table",
        "a green vase",
        "it",
        "a plant"
    ],
    "metaclip": [
        0.02066074125468731,
        0.08173585683107376,
        0.148756206035614,
        0.748847246170044
    ],
    "clip": [
        0.01300811767578125,
        0.77978515625,
        0.0005850791931152344,
        0.2066650390625
    ],
    "eva": [
        5.91380555636789e-10,
        0.023544233292341232,
        2.1770068769910722e-07,
        0.9764555096626282
    ]
}