{
    "captions": [
        "a shark swimming",
        "a person",
        "the water",
        "the back"
    ],
    "metaclip": [
        0.9996254444122314,
        0.00010957397171296179,
        0.0002062840503640473,
        5.8710036682896316e-05
    ],
    "clip": [
        0.9990234375,
        2.586841583251953e-05,
        0.0005745887756347656,
        8.463859558105469e-06
    ],
    "eva": [
        1.0,
        5.626655825291538e-13,
        6.348502279429624e-11,
        7.676253025151042e-15
    ]
}