{
    "captions": [
        "its mouth",
        "a cell phone",
        "yellow duck"
    ],
    "metaclip": [
        0.0008826053817756474,
        1.1176291081937961e-05,
        0.999106228351593
    ],
    "clip": [
        0.0002512931823730469,
        3.7610530853271484e-05,
        0.99951171875
    ],
    "eva": [
        2.0306764603184035e-10,
        2.3843535652823267e-13,
        1.0
    ]
}