{
    "captions": [
        "a field",
        "a rabbit",
        "trees",
        "the background",
        "painting"
    ],
    "metaclip": [
        0.0004403083585202694,
        0.9984350800514221,
        0.00012370174226816744,
        4.5843695261282846e-05,
        0.0009550807299092412
    ],
    "clip": [
        0.0006804466247558594,
        0.98828125,
        0.00010192394256591797,
        0.0020961761474609375,
        0.0082855224609375
    ],
    "eva": [
        3.93278210561801e-14,
        1.0,
        2.9694222273657193e-15,
        6.711025778063234e-14,
        4.216803642376199e-11
    ]
}