{
    "captions": [
        "painting",
        "a branch",
        "a colorful bird",
        "flowers"
    ],
    "metaclip": [
        0.06178911030292511,
        0.0009086360805667937,
        0.9330335855484009,
        0.004268712364137173
    ],
    "clip": [
        0.074462890625,
        0.0025482177734375,
        0.921875,
        0.001232147216796875
    ],
    "eva": [
        1.59899027494248e-05,
        1.3011232091741931e-09,
        0.9999840259552002,
        2.1478301359678653e-09
    ]
}