{
    "captions": [
        "arafed view",
        "the background",
        "a canal",
        "a building"
    ],
    "metaclip": [
        0.0015986096113920212,
        0.003962699323892593,
        0.9826585054397583,
        0.011780177243053913
    ],
    "clip": [
        0.1619873046875,
        0.01483154296875,
        0.650390625,
        0.17236328125
    ],
    "eva": [
        4.1850717025226913e-07,
        1.5709098466487603e-09,
        0.9999994039535522,
        1.2897611156859057e-07
    ]
}