{
    "captions": [
        "a bird",
        "a black and white photo",
        "a spoon",
        "its beak"
    ],
    "metaclip": [
        0.6257013082504272,
        0.0011868225410580635,
        0.0021613326389342546,
        0.3709505498409271
    ],
    "clip": [
        0.1724853515625,
        0.07415771484375,
        0.004119873046875,
        0.7490234375
    ],
    "eva": [
        0.8469488024711609,
        0.013735474087297916,
        2.5918577506445217e-08,
        0.13931573927402496
    ]
}