{
    "captions": [
        "two elephants",
        "shadows",
        "a tiled wall",
        "a room"
    ],
    "metaclip": [
        0.0003419386048335582,
        0.08141650259494781,
        0.8995109796524048,
        0.018730564042925835
    ],
    "clip": [
        0.2432861328125,
        0.343017578125,
        0.376708984375,
        0.03729248046875
    ],
    "eva": [
        2.7922067147301277e-07,
        0.9043285846710205,
        0.09559006989002228,
        8.111776696750894e-05
    ]
}