{
    "captions": [
        "painting",
        "a gray background",
        "a duck",
        "a yellow beak"
    ],
    "metaclip": [
        0.00010813111293828115,
        7.307437772396952e-05,
        0.9949656128883362,
        0.004853122867643833
    ],
    "clip": [
        0.012969970703125,
        0.0287628173828125,
        0.93798828125,
        0.0204010009765625
    ],
    "eva": [
        9.709327932578768e-14,
        3.0921415601625757e-12,
        1.0,
        1.1361650287255998e-08
    ]
}