{
    "captions": [
        "a tree",
        "a branch",
        "a yellow bird"
    ],
    "metaclip": [
        0.00232260231859982,
        0.014349677599966526,
        0.9833276867866516
    ],
    "clip": [
        0.0186004638671875,
        0.0121917724609375,
        0.96875
    ],
    "eva": [
        5.832217347956359e-11,
        2.208042282347833e-08,
        1.0
    ]
}