{
    "captions": [
        "a tree branch",
        "that",
        "a squirrel"
    ],
    "metaclip": [
        0.0043429480865597725,
        0.000782785820774734,
        0.9948742985725403
    ],
    "clip": [
        0.0008831024169921875,
        1.919269561767578e-05,
        0.9990234375
    ],
    "eva": [
        1.7460647372402605e-09,
        7.552220515627539e-10,
        1.0
    ]
}