{
    "captions": [
        "the ocean",
        "the beach",
        "the background",
        "a rabbit"
    ],
    "metaclip": [
        0.0005894164205528796,
        0.000895699777174741,
        0.00011103191354777664,
        0.9984038472175598
    ],
    "clip": [
        0.0001310110092163086,
        0.0027561187744140625,
        0.00026869773864746094,
        0.9970703125
    ],
    "eva": [
        1.3990736347224697e-10,
        1.1399028387870658e-08,
        2.3845092567142956e-12,
        1.0
    ]
}