{
    "captions": [
        "red head",
        "white chest",
        "snow",
        "arafed bird"
    ],
    "metaclip": [
        0.004675304517149925,
        4.89795274916105e-05,
        0.01670800894498825,
        0.9785676598548889
    ],
    "clip": [
        0.0012598037719726562,
        7.450580596923828e-05,
        0.0263214111328125,
        0.97216796875
    ],
    "eva": [
        1.1808469224661167e-07,
        9.287644438249476e-13,
        0.003411580342799425,
        0.9965883493423462
    ]
}