{
    "captions": [
        "painting",
        "a black and white whale",
        "the water"
    ],
    "metaclip": [
        0.0006023082532919943,
        0.9986756443977356,
        0.0007220768020488322
    ],
    "clip": [
        0.028900146484375,
        0.95703125,
        0.01364898681640625
    ],
    "eva": [
        7.900425202933548e-09,
        1.0,
        5.6841111678584966e-11
    ]
}