{
    "captions": [
        "a cage",
        "a tiger",
        "a wall",
        "a close"
    ],
    "metaclip": [
        0.0066804103553295135,
        0.9915024042129517,
        0.00047898507909849286,
        0.0013382243923842907
    ],
    "clip": [
        0.0014524459838867188,
        0.9970703125,
        0.0005426406860351562,
        0.00116729736328125
    ],
    "eva": [
        2.8899833914852735e-11,
        1.0,
        1.2689767639462168e-11,
        8.795890682478102e-10
    ]
}