{
    "captions": [
        "the bushes",
        "flowers",
        "that",
        "a squirrel"
    ],
    "metaclip": [
        0.0004023775109089911,
        0.0015301080420613289,
        0.001685656956396997,
        0.9963818788528442
    ],
    "clip": [
        2.968311309814453e-05,
        0.0037059783935546875,
        3.68952751159668e-05,
        0.99609375
    ],
    "eva": [
        3.352550171070029e-13,
        1.821941992830034e-07,
        3.6604642927873243e-11,
        0.9999997615814209
    ]
}