{
    "captions": [
        "it",
        "a printer",
        "a paper",
        "a table",
        "a close"
    ],
    "metaclip": [
        0.0003700488596223295,
        0.9828464388847351,
        0.016338951885700226,
        0.00019866011280100793,
        0.00024590041721239686
    ],
    "clip": [
        2.0503997802734375e-05,
        0.994140625,
        0.005908966064453125,
        3.8623809814453125e-05,
        4.208087921142578e-05
    ],
    "eva": [
        9.489016239427883e-10,
        0.9999969005584717,
        3.0852604595565936e-06,
        2.6258868343620456e-11,
        1.5536313902053678e-10
    ]
}