{
    "captions": [
        "a tile wall",
        "a horse",
        "that",
        "a picture"
    ],
    "metaclip": [
        0.1079963743686676,
        0.8854381442070007,
        0.0006534469430334866,
        0.005912136752158403
    ],
    "clip": [
        0.408203125,
        0.57568359375,
        0.0005946159362792969,
        0.0155792236328125
    ],
    "eva": [
        3.369274054421112e-05,
        0.8630486130714417,
        0.00021920785366091877,
        0.13669846951961517
    ]
}