{
    "captions": [
        "a man",
        "a scuba equipment",
        "the ocean"
    ],
    "metaclip": [
        0.02084486000239849,
        0.7054110169410706,
        0.2737441658973694
    ],
    "clip": [
        1.3828277587890625e-05,
        0.99853515625,
        0.0013246536254882812
    ],
    "eva": [
        8.870109013514593e-06,
        0.9996916055679321,
        0.00029952885233797133
    ]
}