{
    "captions": [
        "a brown and white face",
        "a brown and white background"
    ],
    "metaclip": [
        0.9642660021781921,
        0.03573397547006607
    ],
    "clip": [
        0.1500244140625,
        0.849609375
    ],
    "eva": [
        0.9950306415557861,
        0.004969355184584856
    ]
}