{
    "captions": [
        "a desk",
        "a computer monitor",
        "a plant"
    ],
    "metaclip": [
        0.20933158695697784,
        0.7875960469245911,
        0.003072406630963087
    ],
    "clip": [
        0.2457275390625,
        0.7451171875,
        0.00909423828125
    ],
    "eva": [
        0.00655346130952239,
        0.9934465289115906,
        6.716687650509812e-09
    ]
}