{
    "captions": [
        "painting",
        "a red sweater",
        "a red panda",
        "a blue surface"
    ],
    "metaclip": [
        0.002129931468516588,
        0.011138183996081352,
        0.9864261150360107,
        0.00030573050025850534
    ],
    "clip": [
        0.00882720947265625,
        0.0008540153503417969,
        0.9892578125,
        0.0012140274047851562
    ],
    "eva": [
        1.1555603002255666e-10,
        5.09932909429061e-14,
        1.0,
        7.413834541855575e-18
    ]
}