{
    "captions": [
        "a tiled wall",
        "photograph",
        "a boat"
    ],
    "metaclip": [
        0.04385234788060188,
        0.005220859777182341,
        0.9509267807006836
    ],
    "clip": [
        0.353759765625,
        0.00598907470703125,
        0.640625
    ],
    "eva": [
        7.637794396941899e-07,
        2.1863800157007063e-06,
        0.9999971389770508
    ]
}