{
    "captions": [
        "windows",
        "a city",
        "a lot",
        "a building",
        "araffe view"
    ],
    "metaclip": [
        0.07288945466279984,
        0.20328235626220703,
        0.07023535668849945,
        0.49450239539146423,
        0.15909045934677124
    ],
    "clip": [
        0.6787109375,
        0.0362548828125,
        0.0045013427734375,
        0.257568359375,
        0.023223876953125
    ],
    "eva": [
        0.003559933276847005,
        0.4146473705768585,
        0.4413931965827942,
        0.09783041477203369,
        0.04256907105445862
    ]
}