{
    "captions": [
        "a blurry background",
        "a table",
        "a printer",
        "a close"
    ],
    "metaclip": [
        0.042468078434467316,
        0.00012250218424014747,
        0.9568216800689697,
        0.0005877924268133938
    ],
    "clip": [
        6.258487701416016e-06,
        1.2099742889404297e-05,
        1.0,
        1.9848346710205078e-05
    ],
    "eva": [
        1.9760360882303818e-12,
        1.2181171349379127e-10,
        1.0,
        1.372851499148453e-09
    ]
}