{
    "captions": [
        "a tiled floor",
        "a white tiger",
        "that"
    ],
    "metaclip": [
        0.04745189845561981,
        0.9465892910957336,
        0.005958829540759325
    ],
    "clip": [
        0.055816650390625,
        0.94384765625,
        0.00012600421905517578
    ],
    "eva": [
        0.0001767427020240575,
        0.99982088804245,
        2.4065905108727748e-06
    ]
}