{
    "captions": [
        "a branch",
        "its mouth",
        "a bird"
    ],
    "metaclip": [
        0.09090264141559601,
        0.03724600747227669,
        0.87185138463974
    ],
    "clip": [
        0.059783935546875,
        0.0340576171875,
        0.90625
    ],
    "eva": [
        1.935000909725204e-05,
        1.806642657697921e-08,
        0.9999806880950928
    ]
}