{
    "captions": [
        "trees",
        "a painting",
        "the grass",
        "a rabbit",
        "the background"
    ],
    "metaclip": [
        0.0008979203412309289,
        0.00317537528462708,
        0.0006019895081408322,
        0.9952178001403809,
        0.00010691248462535441
    ],
    "clip": [
        0.0002474784851074219,
        0.01201629638671875,
        0.0017852783203125,
        0.984375,
        0.001575469970703125
    ],
    "eva": [
        3.591072480612495e-13,
        1.6020194060217818e-09,
        1.1504612366930456e-12,
        1.0,
        8.656370975926309e-13
    ]
}