{
    "captions": [
        "a blurry background",
        "a wolf",
        "a close"
    ],
    "metaclip": [
        5.140409484738484e-05,
        0.999768078327179,
        0.00018050704966299236
    ],
    "clip": [
        0.021026611328125,
        0.966796875,
        0.01216888427734375
    ],
    "eva": [
        6.587574929994844e-11,
        1.0,
        8.58538101722317e-11
    ]
}