{
    "captions": [
        "a leaf",
        "a butterfly",
        "a blurry background",
        "a painting"
    ],
    "metaclip": [
        0.005204681307077408,
        0.9909273386001587,
        0.0036671229172497988,
        0.0002008815063163638
    ],
    "clip": [
        0.01496124267578125,
        0.955078125,
        0.0085296630859375,
        0.0214385986328125
    ],
    "eva": [
        9.619103735758472e-09,
        1.0,
        3.2400961913481297e-09,
        1.399728954964985e-08
    ]
}