{
    "captions": [
        "a person",
        "underwater photograph",
        "the ocean",
        "a scuba suit"
    ],
    "metaclip": [
        0.0017557039391249418,
        0.9164057970046997,
        0.01694112829864025,
        0.06489740312099457
    ],
    "clip": [
        0.0026912689208984375,
        0.77001953125,
        0.04998779296875,
        0.17724609375
    ],
    "eva": [
        3.2976565922382406e-09,
        0.9893892407417297,
        3.2635286970617017e-06,
        0.010607502423226833
    ]
}