{
    "captions": [
        "a desk",
        "a white printer",
        "a laptop"
    ],
    "metaclip": [
        0.0031129682902246714,
        0.9943854808807373,
        0.0025015738792717457
    ],
    "clip": [
        0.0145111083984375,
        0.970703125,
        0.01520538330078125
    ],
    "eva": [
        1.543833505479597e-08,
        1.0,
        4.823041965806851e-10
    ]
}