{
    "captions": [
        "mountains",
        "arafed van",
        "the background",
        "a road"
    ],
    "metaclip": [
        0.019922783598303795,
        0.9726800918579102,
        0.004706421867012978,
        0.0026906761340796947
    ],
    "clip": [
        0.00180816650390625,
        0.9970703125,
        0.0005059242248535156,
        0.0006103515625
    ],
    "eva": [
        0.23799994587898254,
        0.1340831220149994,
        0.00021237824694253504,
        0.6277045607566833
    ]
}