{
    "captions": [
        "a couch",
        "blurry image",
        "a television",
        "a living room"
    ],
    "metaclip": [
        0.0016971355071291327,
        0.003316011279821396,
        0.9943317174911499,
        0.0006551344995386899
    ],
    "clip": [
        0.0020847320556640625,
        0.33984375,
        0.5693359375,
        0.08868408203125
    ],
    "eva": [
        5.47500633274467e-07,
        3.4279055398656055e-06,
        0.9997138381004333,
        0.000282150722341612
    ]
}