{
    "captions": [
        "painting",
        "its head",
        "a red comb",
        "a rooster"
    ],
    "metaclip": [
        0.0001844562793849036,
        0.011670305393636227,
        0.006582557689398527,
        0.9815627336502075
    ],
    "clip": [
        0.00878143310546875,
        0.00787353515625,
        0.05908203125,
        0.92431640625
    ],
    "eva": [
        1.452060151806156e-12,
        3.3864908655090176e-09,
        2.6709273015512736e-07,
        0.9999997615814209
    ]
}