{
    "captions": [
        "car",
        "the road",
        "that",
        "horse",
        "a sign"
    ],
    "metaclip": [
        0.008487824350595474,
        0.0001949815050465986,
        0.00129253591876477,
        0.9897046685218811,
        0.00031992202275432646
    ],
    "clip": [
        0.10516357421875,
        8.940696716308594e-05,
        0.00021445751190185547,
        0.89453125,
        2.4616718292236328e-05
    ],
    "eva": [
        0.33560341596603394,
        7.396888006619418e-14,
        7.058898604528352e-11,
        0.6643965840339661,
        4.8063461576593886e-15
    ]
}