{
    "captions": [
        "the air",
        "a bird",
        "a pink background",
        "a close"
    ],
    "metaclip": [
        0.060243770480155945,
        0.889853298664093,
        0.014388845302164555,
        0.03551411256194115
    ],
    "clip": [
        0.004150390625,
        0.98388671875,
        0.00799560546875,
        0.0037784576416015625
    ],
    "eva": [
        8.845091770126601e-08,
        0.9999998807907104,
        2.650847541474377e-09,
        5.219524723543145e-08
    ]
}