{
    "captions": [
        "a rock",
        "painting",
        "the camera",
        "a tiger"
    ],
    "metaclip": [
        0.0007194055360741913,
        0.0007270489586517215,
        0.0003562205529306084,
        0.9981973767280579
    ],
    "clip": [
        1.519918441772461e-05,
        0.00016999244689941406,
        0.00011414289474487305,
        1.0
    ],
    "eva": [
        2.0397411244852531e-13,
        5.669763963878083e-11,
        3.0813538027564535e-13,
        1.0
    ]
}