{
    "captions": [
        "a rabbit",
        "a painting",
        "a colorful background"
    ],
    "metaclip": [
        0.9942767024040222,
        0.0048100571148097515,
        0.0009132251143455505
    ],
    "clip": [
        0.94189453125,
        0.046173095703125,
        0.01149749755859375
    ],
    "eva": [
        1.0,
        1.3307096535797314e-09,
        1.1714801004258923e-11
    ]
}