{
    "captions": [
        "a cat figurine",
        "a table",
        "a close"
    ],
    "metaclip": [
        0.9999552965164185,
        5.363889158616075e-06,
        3.9390048186760396e-05
    ],
    "clip": [
        1.0,
        5.364418029785156e-06,
        7.152557373046875e-07
    ],
    "eva": [
        1.0,
        4.2223826702842554e-14,
        1.0451180936302262e-12
    ]
}