{
    "captions": [
        "that",
        "a snowy surface",
        "a bird"
    ],
    "metaclip": [
        0.001051138387992978,
        0.007099837996065617,
        0.9918490648269653
    ],
    "clip": [
        0.004962921142578125,
        0.034454345703125,
        0.96044921875
    ],
    "eva": [
        1.0529017799854046e-06,
        1.4832811530141043e-06,
        0.9999974966049194
    ]
}