{
    "captions": [
        "a blurry photo",
        "a kitchen",
        "wood cabinets"
    ],
    "metaclip": [
        0.022707007825374603,
        0.3787047266960144,
        0.598588228225708
    ],
    "clip": [
        0.0009655952453613281,
        0.07916259765625,
        0.919921875
    ],
    "eva": [
        1.4989526286868227e-10,
        0.005136597901582718,
        0.9948634505271912
    ]
}