{
    "captions": [
        "arafed image",
        "a camera",
        "the background",
        "a circular pattern"
    ],
    "metaclip": [
        0.022321250289678574,
        0.002963429782539606,
        0.028969045728445053,
        0.9457463026046753
    ],
    "clip": [
        0.1910400390625,
        0.0092926025390625,
        0.0080108642578125,
        0.7919921875
    ],
    "eva": [
        9.48293563851621e-06,
        0.00019794267427641898,
        0.0001601437688805163,
        0.9996324777603149
    ]
}