{
    "captions": [
        "painting",
        "a forest",
        "a stream",
        "a bear"
    ],
    "metaclip": [
        0.0034347751643508673,
        0.023914391174912453,
        0.0011434545740485191,
        0.9715074300765991
    ],
    "clip": [
        0.022918701171875,
        0.0136871337890625,
        0.018707275390625,
        0.94482421875
    ],
    "eva": [
        2.9434726656063503e-08,
        3.5149189443473006e-06,
        1.1290169823041651e-05,
        0.9999852180480957
    ]
}