{
    "captions": [
        "painting",
        "a duck",
        "a pink beak",
        "a table"
    ],
    "metaclip": [
        0.00023166534083429724,
        0.9734329581260681,
        0.026289483532309532,
        4.596995859174058e-05
    ],
    "clip": [
        0.005306243896484375,
        0.96533203125,
        0.029144287109375,
        0.0004425048828125
    ],
    "eva": [
        1.1855939407307003e-12,
        1.0,
        4.783175633349401e-09,
        9.959493861946053e-16
    ]
}