{
    "captions": [
        "a person's face",
        "a blurry background",
        "arafed image"
    ],
    "metaclip": [
        0.14065490663051605,
        0.6962276101112366,
        0.1631174385547638
    ],
    "clip": [
        0.0031070709228515625,
        0.0205841064453125,
        0.97607421875
    ],
    "eva": [
        0.9476884007453918,
        0.049187347292900085,
        0.003124282928183675
    ]
}