{
    "captions": [
        "a duck",
        "a blurry background",
        "that"
    ],
    "metaclip": [
        0.9734496474266052,
        0.025939177721738815,
        0.0006111536058597267
    ],
    "clip": [
        0.9951171875,
        0.002605438232421875,
        0.002605438232421875
    ],
    "eva": [
        1.0,
        2.1132754834257694e-12,
        6.176623015136107e-12
    ]
}