{
    "captions": [
        "a rabbit",
        "a rock",
        "painting",
        "the woods"
    ],
    "metaclip": [
        0.9887446165084839,
        0.001971506280824542,
        0.007040252909064293,
        0.002243685768917203
    ],
    "clip": [
        0.9541015625,
        0.0009336471557617188,
        0.023895263671875,
        0.020751953125
    ],
    "eva": [
        1.0,
        2.162744705547226e-10,
        3.546129834219869e-09,
        1.4149992288992053e-09
    ]
}