{
    "captions": [
        "a field",
        "painting",
        "a duck",
        "a blurry background"
    ],
    "metaclip": [
        3.5136334190610796e-05,
        0.0001930998987518251,
        0.9976077079772949,
        0.0021640367340296507
    ],
    "clip": [
        0.0004677772521972656,
        0.0013647079467773438,
        0.9658203125,
        0.03253173828125
    ],
    "eva": [
        1.6437537256284713e-15,
        4.657488804349352e-12,
        1.0,
        2.1492186502714006e-11
    ]
}