{
    "captions": [
        "arafed dolphin swimming",
        "the ocean",
        "a blurry background"
    ],
    "metaclip": [
        0.7579542398452759,
        0.23441486060619354,
        0.007630825974047184
    ],
    "clip": [
        0.9931640625,
        0.006000518798828125,
        0.0005941390991210938
    ],
    "eva": [
        1.0,
        1.8249525224334207e-09,
        8.267281970120166e-09
    ]
}