{
    "captions": [
        "araffe",
        "the air",
        "a cloudy sky"
    ],
    "metaclip": [
        0.7491022944450378,
        0.24589011073112488,
        0.005007597152143717
    ],
    "clip": [
        0.27734375,
        0.7080078125,
        0.01424407958984375
    ],
    "eva": [
        0.9997461438179016,
        0.00025390717200934887,
        1.9976731380211277e-09
    ]
}