{
    "captions": [
        "butterfly painting",
        "a blue background"
    ],
    "metaclip": [
        0.9999499320983887,
        5.004258855478838e-05
    ],
    "clip": [
        1.0,
        6.502866744995117e-05
    ],
    "eva": [
        1.0,
        1.6995385214412515e-16
    ]
}