{
    "captions": [
        "painting",
        "a white background",
        "large tires",
        "a blue monster truck"
    ],
    "metaclip": [
        8.772619912633672e-05,
        1.1330606866977178e-05,
        0.002615711884573102,
        0.9972852468490601
    ],
    "clip": [
        0.0007534027099609375,
        5.2034854888916016e-05,
        0.0335693359375,
        0.9658203125
    ],
    "eva": [
        1.4543232137770486e-14,
        5.187040245363387e-16,
        1.6137114755565563e-07,
        0.9999998807907104
    ]
}