{
    "captions": [
        "the beach",
        "that",
        "a crab"
    ],
    "metaclip": [
        0.0012615509331226349,
        0.001064768643118441,
        0.9976736903190613
    ],
    "clip": [
        0.0028896331787109375,
        0.0001220703125,
        0.9970703125
    ],
    "eva": [
        2.9594948318173095e-14,
        1.4999593234144015e-10,
        1.0
    ]
}