{
    "captions": [
        "a fish",
        "a shark",
        "a coral reef"
    ],
    "metaclip": [
        0.017936836928129196,
        0.904430091381073,
        0.07763312011957169
    ],
    "clip": [
        0.0085906982421875,
        0.476318359375,
        0.51513671875
    ],
    "eva": [
        4.982866812497377e-07,
        0.999697208404541,
        0.00030232456629164517
    ]
}