{
    "captions": [
        "a cross",
        "a black and white background",
        "arafed image",
        "a man"
    ],
    "metaclip": [
        0.04870275780558586,
        0.5740571618080139,
        0.2609618306159973,
        0.11627829074859619
    ],
    "clip": [
        0.19140625,
        0.257568359375,
        0.5283203125,
        0.022674560546875
    ],
    "eva": [
        0.007925075478851795,
        0.9292333722114563,
        0.06037149950861931,
        0.002470031613484025
    ]
}