{
    "captions": [
        "a green leaf",
        "a blue sky background"
    ],
    "metaclip": [
        0.9099650979042053,
        0.0900348424911499
    ],
    "clip": [
        0.1778564453125,
        0.822265625
    ],
    "eva": [
        0.993766188621521,
        0.006233781576156616
    ]
}