{
    "captions": [
        "painting",
        "a branch",
        "a colorful bird",
        "leaves"
    ],
    "metaclip": [
        0.03939433768391609,
        0.00109286664519459,
        0.9590067863464355,
        0.0005060614785179496
    ],
    "clip": [
        0.036773681640625,
        0.0002808570861816406,
        0.96337890625,
        1.728534698486328e-05
    ],
    "eva": [
        1.2224948477523867e-05,
        2.821428854438146e-12,
        0.9999877214431763,
        1.4707944470627662e-14
    ]
}