{
    "captions": [
        "a blue background",
        "a close",
        "a pink background",
        "a bird"
    ],
    "metaclip": [
        0.0006436146795749664,
        0.01918996125459671,
        0.015069703571498394,
        0.9650967121124268
    ],
    "clip": [
        0.0041046142578125,
        0.0035114288330078125,
        0.010986328125,
        0.9814453125
    ],
    "eva": [
        5.655386749181535e-12,
        6.919361084101183e-09,
        4.869254155437375e-08,
        1.0
    ]
}