{
    "captions": [
        "a close",
        "a white background",
        "a small alligator"
    ],
    "metaclip": [
        0.0007821537437848747,
        0.0001708783966023475,
        0.9990469813346863
    ],
    "clip": [
        0.0022792816162109375,
        0.0036411285400390625,
        0.994140625
    ],
    "eva": [
        1.0600841732211208e-10,
        2.0163613834167649e-10,
        1.0
    ]
}