{
    "captions": [
        "a wall",
        "front",
        "that",
        "a man"
    ],
    "metaclip": [
        0.6601829528808594,
        0.04778783395886421,
        0.24886296689510345,
        0.043166209012269974
    ],
    "clip": [
        0.52099609375,
        0.0294036865234375,
        0.38720703125,
        0.062225341796875
    ],
    "eva": [
        0.8335325121879578,
        0.00020536685769911855,
        0.16567249596118927,
        0.0005896624643355608
    ]
}