{
    "captions": [
        "a person",
        "a circular pattern",
        "front",
        "a close"
    ],
    "metaclip": [
        0.07748841494321823,
        0.8087054491043091,
        0.035983189940452576,
        0.07782285660505295
    ],
    "clip": [
        0.02447509765625,
        0.947265625,
        0.0009412765502929688,
        0.0272979736328125
    ],
    "eva": [
        5.16184464061098e-08,
        0.9999978542327881,
        1.322347998211626e-06,
        7.67914684729476e-07
    ]
}