{
    "captions": [
        "a person",
        "a lotus position",
        "arafed image"
    ],
    "metaclip": [
        0.18666954338550568,
        0.7326866388320923,
        0.08064377307891846
    ],
    "clip": [
        0.01343536376953125,
        0.037384033203125,
        0.94921875
    ],
    "eva": [
        0.005482580047100782,
        0.3285057246685028,
        0.6660116314888
    ]
}