{
    "captions": [
        "a bird",
        "painting",
        "the snow",
        "a snowy hill"
    ],
    "metaclip": [
        0.9700424671173096,
        0.001930183731019497,
        0.02157827652990818,
        0.006449100561439991
    ],
    "clip": [
        0.6083984375,
        0.03125,
        0.357666015625,
        0.00290679931640625
    ],
    "eva": [
        0.9999948740005493,
        2.9717843741394745e-09,
        4.986777639715001e-06,
        8.2365680498242e-08
    ]
}