{
    "captions": [
        "the floor",
        "a cat",
        "a white background"
    ],
    "metaclip": [
        0.0004006348317489028,
        0.9990848302841187,
        0.0005145096802152693
    ],
    "clip": [
        0.00201416015625,
        0.92138671875,
        0.0767822265625
    ],
    "eva": [
        4.7494612409604287e-11,
        1.0,
        7.357207620906081e-10
    ]
}