{
    "captions": [
        "a wall",
        "a dog",
        "arafed image",
        "front",
        "a camera"
    ],
    "metaclip": [
        0.08006809651851654,
        0.2821204662322998,
        0.4241783022880554,
        0.1927909404039383,
        0.02084219828248024
    ],
    "clip": [
        0.05908203125,
        0.10699462890625,
        0.82861328125,
        0.0015869140625,
        0.0034923553466796875
    ],
    "eva": [
        0.4376266300678253,
        0.04435330256819725,
        0.02497885189950466,
        0.44711390137672424,
        0.045927368104457855
    ]
}