{
    "captions": [
        "a colorful beak",
        "painting",
        "a green background",
        "a hummingbird"
    ],
    "metaclip": [
        0.08842179924249649,
        0.007361161056905985,
        9.271567250834778e-05,
        0.9041242599487305
    ],
    "clip": [
        0.34619140625,
        0.0262908935546875,
        0.0005717277526855469,
        0.626953125
    ],
    "eva": [
        0.011474113911390305,
        1.6666609781168518e-06,
        1.2123676594707946e-14,
        0.9885242581367493
    ]
}