{
    "captions": [
        "a rabbit",
        "a rock",
        "painting",
        "the grass"
    ],
    "metaclip": [
        0.9956014156341553,
        0.0008227123762480915,
        0.0026067171711474657,
        0.0009692312451079488
    ],
    "clip": [
        0.97607421875,
        0.00070953369140625,
        0.0196380615234375,
        0.0032062530517578125
    ],
    "eva": [
        1.0,
        9.756448036621346e-13,
        1.0218016432972377e-09,
        4.098975119829623e-13
    ]
}