{
    "captions": [
        "painting",
        "a branch",
        "a green background",
        "a bird"
    ],
    "metaclip": [
        0.004820093512535095,
        0.03199554234743118,
        0.0019678398966789246,
        0.9612165689468384
    ],
    "clip": [
        0.03802490234375,
        0.04046630859375,
        0.0287017822265625,
        0.892578125
    ],
    "eva": [
        2.724950043386798e-09,
        1.0382957071897181e-07,
        6.903912771333287e-12,
        0.9999998807907104
    ]
}