{
    "captions": [
        "the water",
        "a shark",
        "that"
    ],
    "metaclip": [
        0.00018358153465669602,
        0.9993520379066467,
        0.00046436453703790903
    ],
    "clip": [
        0.0004801750183105469,
        0.9990234375,
        0.0001939535140991211
    ],
    "eva": [
        3.1245337805789475e-13,
        1.0,
        2.2286393175363628e-08
    ]
}