{
    "captions": [
        "a wetsuit",
        "the ocean",
        "arafed shark swimming",
        "a man"
    ],
    "metaclip": [
        0.0002848370641004294,
        0.0009435579995624721,
        0.9987248778343201,
        4.673078001360409e-05
    ],
    "clip": [
        0.00095367431640625,
        0.0008549690246582031,
        0.998046875,
        1.9669532775878906e-05
    ],
    "eva": [
        4.903668027189667e-10,
        1.3546784354001584e-11,
        1.0,
        6.014055572989285e-12
    ]
}