{
    "captions": [
        "a green leaf",
        "a yellow center",
        "a close"
    ],
    "metaclip": [
        0.8281369805335999,
        0.03801623359322548,
        0.13384675979614258
    ],
    "clip": [
        0.84326171875,
        0.11236572265625,
        0.044342041015625
    ],
    "eva": [
        0.9997515082359314,
        1.808427259675227e-05,
        0.00023033558682072908
    ]
}