{
    "captions": [
        "painting",
        "grass",
        "a turkey",
        "a field"
    ],
    "metaclip": [
        0.0001857577881310135,
        0.00034921985934488475,
        0.9986289739608765,
        0.0008360667852684855
    ],
    "clip": [
        4.64320182800293e-05,
        8.153915405273438e-05,
        0.99951171875,
        0.0004305839538574219
    ],
    "eva": [
        6.828776368157652e-13,
        9.832444103699545e-13,
        1.0,
        1.5922180240934836e-11
    ]
}