{
    "captions": [
        "trees",
        "painting",
        "a rabbit",
        "the background",
        "a field"
    ],
    "metaclip": [
        0.0014113823417574167,
        0.0013963714009150863,
        0.9957985281944275,
        9.54020069912076e-05,
        0.0012983058113604784
    ],
    "clip": [
        0.00023102760314941406,
        0.01029205322265625,
        0.986328125,
        0.0021572113037109375,
        0.0010852813720703125
    ],
    "eva": [
        1.4441670949383312e-11,
        4.295236943896441e-10,
        1.0,
        1.1295723471166363e-12,
        1.1350044168412232e-11
    ]
}