{
    "captions": [
        "a tiled background",
        "a dog's face",
        "a close"
    ],
    "metaclip": [
        0.4506147801876068,
        0.5458724498748779,
        0.0035127627197653055
    ],
    "clip": [
        0.477783203125,
        0.5166015625,
        0.005741119384765625
    ],
    "eva": [
        5.0242491852259263e-05,
        0.9999159574508667,
        3.384896263014525e-05
    ]
}