{
    "captions": [
        "painting",
        "a white tiger",
        "a dark room"
    ],
    "metaclip": [
        0.0002003729168791324,
        0.9997949004173279,
        4.802850980922813e-06
    ],
    "clip": [
        0.0006771087646484375,
        0.9990234375,
        0.0004508495330810547
    ],
    "eva": [
        1.5221775229168344e-10,
        1.0,
        4.9753653221811084e-17
    ]
}