{
    "captions": [
        "the air",
        "a close",
        "a hummingbird"
    ],
    "metaclip": [
        0.001116722240112722,
        0.0007392114493995905,
        0.9981441497802734
    ],
    "clip": [
        0.00010073184967041016,
        0.0001971721649169922,
        1.0
    ],
    "eva": [
        3.809780615982028e-12,
        1.6194100227462371e-10,
        1.0
    ]
}