{
    "captions": [
        "a white face",
        "arafed dog",
        "black nose",
        "mouth"
    ],
    "metaclip": [
        0.2530216872692108,
        0.6276217699050903,
        0.07727035135030746,
        0.04208623245358467
    ],
    "clip": [
        0.01258087158203125,
        0.984375,
        0.0012073516845703125,
        0.00199127197265625
    ],
    "eva": [
        0.001056505599990487,
        0.9989424347877502,
        6.675982149317861e-07,
        3.873206537718943e-07
    ]
}