{
    "captions": [
        "a person's shadow",
        "squares",
        "a wall",
        "arafed image",
        "front"
    ],
    "metaclip": [
        5.1470549806253985e-05,
        0.9873958230018616,
        0.0011632771929726005,
        0.0028252180200070143,
        0.008564182557165623
    ],
    "clip": [
        0.0146331787109375,
        0.7802734375,
        0.035369873046875,
        0.1688232421875,
        0.0009427070617675781
    ],
    "eva": [
        3.2028085739099765e-10,
        0.9999936819076538,
        1.3830495504407736e-07,
        8.189410323211632e-07,
        5.295698883855948e-06
    ]
}