{
    "captions": [
        "a green plant",
        "the woods",
        "that"
    ],
    "metaclip": [
        0.9861182570457458,
        0.0020794225856661797,
        0.01180232223123312
    ],
    "clip": [
        0.921875,
        0.07330322265625,
        0.005352020263671875
    ],
    "eva": [
        1.0,
        1.9458697153584836e-10,
        9.70811075973188e-09
    ]
}