{
    "captions": [
        "a scuba mask",
        "the water",
        "arafed scuba diver"
    ],
    "metaclip": [
        0.017416587099432945,
        0.0013198982924222946,
        0.9812633991241455
    ],
    "clip": [
        0.051605224609375,
        0.00423431396484375,
        0.94384765625
    ],
    "eva": [
        2.2998785425443202e-05,
        3.558118036317559e-11,
        0.9999769926071167
    ]
}