{
    "captions": [
        "a blue plate",
        "knife rest",
        "a knife",
        "fork",
        "a table"
    ],
    "metaclip": [
        0.055934809148311615,
        0.08513502776622772,
        0.7850973606109619,
        0.03081751987338066,
        0.04301532730460167
    ],
    "clip": [
        0.60498046875,
        0.055419921875,
        0.153076171875,
        0.033599853515625,
        0.153076171875
    ],
    "eva": [
        0.021513618528842926,
        0.9568769335746765,
        0.021548399701714516,
        2.6084755972988205e-06,
        5.847138891112991e-05
    ]
}