{
    "captions": [
        "a collar",
        "the floor",
        "a cat",
        "that"
    ],
    "metaclip": [
        0.002770810853689909,
        0.001332739950157702,
        0.9888920187950134,
        0.007004454266279936
    ],
    "clip": [
        0.00665283203125,
        0.001735687255859375,
        0.98779296875,
        0.00397491455078125
    ],
    "eva": [
        8.213294044878694e-09,
        1.043369991099441e-11,
        1.0,
        1.6095855315256813e-08
    ]
}