{
    "captions": [
        "ice",
        "arafed crab",
        "the background",
        "mountains"
    ],
    "metaclip": [
        0.0030679458286613226,
        0.9967058300971985,
        8.096593955997378e-05,
        0.00014531274791806936
    ],
    "clip": [
        0.015869140625,
        0.98193359375,
        0.0018663406372070312,
        0.00028395652770996094
    ],
    "eva": [
        3.9913861655804794e-06,
        0.9999960660934448,
        2.248638775181888e-12,
        3.016771877337003e-14
    ]
}