{
    "captions": [
        "painting",
        "it",
        "many fruits",
        "a tree"
    ],
    "metaclip": [
        0.11872543394565582,
        0.0022865054197609425,
        0.007715623360127211,
        0.8712725043296814
    ],
    "clip": [
        0.10247802734375,
        0.00356292724609375,
        0.00841522216796875,
        0.8857421875
    ],
    "eva": [
        1.508012474005227e-06,
        5.667444846757519e-10,
        3.7113412343359187e-09,
        0.9999984502792358
    ]
}