{
    "captions": [
        "it's head",
        "a dog",
        "arafed image",
        "a hat"
    ],
    "metaclip": [
        0.16553588211536407,
        0.7630701065063477,
        0.06840594857931137,
        0.00298808584921062
    ],
    "clip": [
        0.00571441650390625,
        0.63037109375,
        0.359130859375,
        0.005123138427734375
    ],
    "eva": [
        3.628727426985279e-05,
        0.9999231100082397,
        4.055379031342454e-05,
        3.019272298843134e-08
    ]
}