{
    "captions": [
        "painting",
        "a pink background",
        "a red head",
        "a rooster"
    ],
    "metaclip": [
        9.680241055320948e-05,
        0.0012339047389104962,
        0.005037435796111822,
        0.993631899356842
    ],
    "clip": [
        0.004673004150390625,
        0.0110321044921875,
        0.006587982177734375,
        0.9775390625
    ],
    "eva": [
        1.3086736139200639e-09,
        1.347995919331879e-07,
        1.3664382549904985e-06,
        0.9999985694885254
    ]
}