{
    "captions": [
        "painting",
        "a red umbrella",
        "the beach",
        "a boat"
    ],
    "metaclip": [
        0.0020384627860039473,
        0.0005875477218069136,
        0.008740375749766827,
        0.9886336326599121
    ],
    "clip": [
        0.033966064453125,
        0.007579803466796875,
        0.3173828125,
        0.64111328125
    ],
    "eva": [
        2.1842068065325293e-07,
        5.6937484060881616e-08,
        0.00032337044831365347,
        0.9996764659881592
    ]
}