{
    "captions": [
        "a skateboard",
        "a shadow",
        "a person",
        "a wall"
    ],
    "metaclip": [
        0.0013725038152188063,
        0.9401438236236572,
        0.012911206111311913,
        0.045572441071271896
    ],
    "clip": [
        0.04510498046875,
        0.87841796875,
        0.006500244140625,
        0.06988525390625
    ],
    "eva": [
        1.4893480893007904e-09,
        0.9999953508377075,
        6.015189735197879e-11,
        4.662930223275907e-06
    ]
}