{
    "captions": [
        "painting",
        "buildings",
        "cars",
        "a city street",
        "the background"
    ],
    "metaclip": [
        0.05232604965567589,
        0.10880378633737564,
        0.02605753391981125,
        0.8099259734153748,
        0.002886731643229723
    ],
    "clip": [
        0.23095703125,
        0.245849609375,
        0.1357421875,
        0.380615234375,
        0.0067596435546875
    ],
    "eva": [
        1.846616760303732e-05,
        3.9683325780970335e-07,
        5.095221133899486e-09,
        0.999981164932251,
        3.8729449335084265e-12
    ]
}