{
    "captions": [
        "a piece",
        "painting",
        "ice",
        "the ocean",
        "a crab"
    ],
    "metaclip": [
        0.0001153463963419199,
        6.886439950903878e-05,
        0.002751292660832405,
        0.0012035429244861007,
        0.9958609938621521
    ],
    "clip": [
        0.00023281574249267578,
        0.00022041797637939453,
        0.0169677734375,
        0.01148223876953125,
        0.97119140625
    ],
    "eva": [
        1.1733283344483175e-13,
        2.747294952025036e-14,
        3.211119148360808e-09,
        4.999200012290039e-11,
        1.0
    ]
}