{
    "captions": [
        "a white background",
        "a pink background",
        "brightly colored butterfly"
    ],
    "metaclip": [
        0.000407465297030285,
        0.00037542617064900696,
        0.9992170333862305
    ],
    "clip": [
        8.350610733032227e-05,
        9.000301361083984e-06,
        1.0
    ],
    "eva": [
        1.3254215916331234e-15,
        4.984537845275648e-18,
        1.0
    ]
}