{
    "captions": [
        "a polar bear",
        "painting",
        "a snowy field"
    ],
    "metaclip": [
        0.9990419745445251,
        0.0002982377482112497,
        0.0006597600877285004
    ],
    "clip": [
        0.9990234375,
        0.00021636486053466797,
        0.0003147125244140625
    ],
    "eva": [
        1.0,
        1.2357575086916622e-13,
        4.3641438661652654e-13
    ]
}