{
    "captions": [
        "a tiger's face",
        "a black background",
        "a close"
    ],
    "metaclip": [
        0.9983066320419312,
        0.0007969086291268468,
        0.0008964329026639462
    ],
    "clip": [
        0.96337890625,
        0.03564453125,
        0.000812530517578125
    ],
    "eva": [
        1.0,
        2.3958097727927452e-09,
        1.0906835434809636e-09
    ]
}