{
    "captions": [
        "arafed bird",
        "a branch",
        "the snow"
    ],
    "metaclip": [
        0.9712174534797668,
        0.004946194123476744,
        0.023836402222514153
    ],
    "clip": [
        0.89208984375,
        0.00147247314453125,
        0.10650634765625
    ],
    "eva": [
        0.9997771382331848,
        6.822959530694561e-09,
        0.00022287381580099463
    ]
}