{
    "captions": [
        "painting",
        "a duck",
        "a pink background"
    ],
    "metaclip": [
        0.00029714478296227753,
        0.9946215152740479,
        0.005081381183117628
    ],
    "clip": [
        0.005680084228515625,
        0.9404296875,
        0.05389404296875
    ],
    "eva": [
        4.4997322925025007e-13,
        1.0,
        8.178964172600445e-09
    ]
}