{
    "captions": [
        "a chair",
        "a close",
        "a stuffed rabbit"
    ],
    "metaclip": [
        0.00036843688576482236,
        0.0012674377067014575,
        0.9983641505241394
    ],
    "clip": [
        0.0007915496826171875,
        9.60230827331543e-05,
        0.9990234375
    ],
    "eva": [
        1.3729030187551762e-14,
        1.3595629486381025e-15,
        1.0
    ]
}