{
    "captions": [
        "a cell phone",
        "a person",
        "a close",
        "a hat"
    ],
    "metaclip": [
        0.011392522603273392,
        0.5713304281234741,
        0.29415738582611084,
        0.12311964482069016
    ],
    "clip": [
        0.11126708984375,
        0.461181640625,
        0.2144775390625,
        0.212890625
    ],
    "eva": [
        0.00528732081875205,
        0.02150566130876541,
        0.9220996499061584,
        0.051107440143823624
    ]
}