{
    "captions": [
        "many green and yellow vegetables",
        "a table"
    ],
    "metaclip": [
        0.9682372212409973,
        0.031762752681970596
    ],
    "clip": [
        0.998046875,
        0.0018100738525390625
    ],
    "eva": [
        0.9999998807907104,
        1.0271293149344274e-07
    ]
}