{
    "captions": [
        "a chicken",
        "its head",
        "a red comb",
        "a close"
    ],
    "metaclip": [
        0.9921920895576477,
        0.00521045969799161,
        0.0023493627086281776,
        0.00024804266286082566
    ],
    "clip": [
        0.970703125,
        0.0142822265625,
        0.01342010498046875,
        0.0012674331665039062
    ],
    "eva": [
        0.9999998807907104,
        1.3937079934578378e-08,
        1.5114490281575854e-07,
        9.565741254657922e-11
    ]
}