{
    "captions": [
        "a laptop computer",
        "the ocean",
        "arafed shark swimming"
    ],
    "metaclip": [
        9.3799217211199e-06,
        0.004569497890770435,
        0.9954211115837097
    ],
    "clip": [
        1.704692840576172e-05,
        0.0036487579345703125,
        0.99609375
    ],
    "eva": [
        2.5823302880528722e-15,
        3.6675378012329674e-11,
        1.0
    ]
}