{
    "captions": [
        "a square pattern",
        "a dog",
        "four different pictures"
    ],
    "metaclip": [
        0.9971832633018494,
        0.0010418432066217065,
        0.0017748498357832432
    ],
    "clip": [
        0.94287109375,
        0.0019378662109375,
        0.05487060546875
    ],
    "eva": [
        0.9999865293502808,
        2.5026227490343445e-07,
        1.3176142601878382e-05
    ]
}