{
    "captions": [
        "photograph",
        "a wolf",
        "a rock"
    ],
    "metaclip": [
        0.0011447395663708448,
        0.947656512260437,
        0.051198810338974
    ],
    "clip": [
        0.490966796875,
        0.490966796875,
        0.01788330078125
    ],
    "eva": [
        0.4044123888015747,
        0.5953969359397888,
        0.0001907225960167125
    ]
}