{
    "captions": [
        "a bird",
        "that",
        "wings"
    ],
    "metaclip": [
        0.22379599511623383,
        0.084263376891613,
        0.6919405460357666
    ],
    "clip": [
        0.1304931640625,
        0.045074462890625,
        0.82470703125
    ],
    "eva": [
        0.10016394406557083,
        0.3707832396030426,
        0.5290528535842896
    ]
}