{
    "captions": [
        "the dirt",
        "that",
        "a horse"
    ],
    "metaclip": [
        0.004776941146701574,
        0.002653757343068719,
        0.9925692677497864
    ],
    "clip": [
        0.00046539306640625,
        0.0002377033233642578,
        0.9990234375
    ],
    "eva": [
        1.724441343030087e-14,
        1.8393510714531658e-08,
        1.0
    ]
}