{
    "captions": [
        "painting",
        "a tree",
        "a forest",
        "a rabbit"
    ],
    "metaclip": [
        0.002968814456835389,
        0.0013997125206515193,
        0.008505362085998058,
        0.9871260523796082
    ],
    "clip": [
        0.01291656494140625,
        0.001495361328125,
        0.00649261474609375,
        0.97900390625
    ],
    "eva": [
        1.2495059154016275e-10,
        2.460120107627972e-09,
        2.647085466378485e-07,
        0.9999997615814209
    ]
}