{
    "captions": [
        "a rabbit",
        "a forest",
        "painting",
        "a tree"
    ],
    "metaclip": [
        0.9871261715888977,
        0.008505363948643208,
        0.002968814689666033,
        0.0013997126370668411
    ],
    "clip": [
        0.97900390625,
        0.00649261474609375,
        0.01291656494140625,
        0.001495361328125
    ],
    "eva": [
        0.9999997615814209,
        2.647085466378485e-07,
        1.2495059154016275e-10,
        2.460120107627972e-09
    ]
}