{
    "captions": [
        "painting",
        "a tractor",
        "a quarry",
        "a bulldozer"
    ],
    "metaclip": [
        0.001381206908263266,
        0.02206628955900669,
        0.7268069386482239,
        0.24974554777145386
    ],
    "clip": [
        0.10845947265625,
        0.0023212432861328125,
        0.85302734375,
        0.03631591796875
    ],
    "eva": [
        1.106988646256725e-13,
        1.8077272805842176e-13,
        0.9999997615814209,
        2.74713670478377e-07
    ]
}