{
    "captions": [
        "a gold bicycle",
        "a teddy bear",
        "a close",
        "it"
    ],
    "metaclip": [
        0.9999021291732788,
        2.2948688638280146e-05,
        3.318468588986434e-05,
        4.1784398490563035e-05
    ],
    "clip": [
        1.0,
        2.86102294921875e-06,
        3.5643577575683594e-05,
        4.887580871582031e-06
    ],
    "eva": [
        1.0,
        2.230931961449658e-19,
        3.1789267212648875e-15,
        9.36958843844593e-14
    ]
}