{
    "captions": [
        "the sand",
        "a shadow",
        "the ocean",
        "a shark swimming"
    ],
    "metaclip": [
        0.0007158098160289228,
        0.0009638392948545516,
        0.0014189493376761675,
        0.9969015121459961
    ],
    "clip": [
        0.00013959407806396484,
        0.00018775463104248047,
        0.0015974044799804688,
        0.998046875
    ],
    "eva": [
        8.616692429019857e-12,
        1.1317219383855104e-09,
        3.4822673633527756e-09,
        1.0
    ]
}