{
    "captions": [
        "a small rabbit",
        "the beach",
        "the water"
    ],
    "metaclip": [
        0.9898279905319214,
        0.009610030800104141,
        0.0005620348383672535
    ],
    "clip": [
        0.998046875,
        0.001926422119140625,
        4.2557716369628906e-05
    ],
    "eva": [
        0.9999990463256836,
        9.1781760147569e-07,
        1.4565754852258195e-11
    ]
}