{
    "captions": [
        "the snow",
        "a bird",
        "that"
    ],
    "metaclip": [
        0.03193862736225128,
        0.9656904339790344,
        0.0023709784727543592
    ],
    "clip": [
        0.136474609375,
        0.8623046875,
        0.0012083053588867188
    ],
    "eva": [
        1.5005477393970068e-07,
        0.9999996423721313,
        1.7421872655631887e-07
    ]
}