{
    "captions": [
        "a red comb",
        "a white beak"
    ],
    "metaclip": [
        0.3481748700141907,
        0.6518251299858093
    ],
    "clip": [
        0.4150390625,
        0.5849609375
    ],
    "eva": [
        0.9993106126785278,
        0.0006893894169479609
    ]
}