{
    "captions": [
        "a man",
        "a tie",
        "arafed image",
        "a mustache"
    ],
    "metaclip": [
        0.8967961668968201,
        0.02244122140109539,
        0.052870746701955795,
        0.027891872450709343
    ],
    "clip": [
        0.06640625,
        0.050933837890625,
        0.8349609375,
        0.0478515625
    ],
    "eva": [
        0.8976656198501587,
        0.013591909781098366,
        0.05068249627947807,
        0.03805995360016823
    ]
}