{
    "captions": [
        "the water",
        "a rabbit",
        "that",
        "the beach"
    ],
    "metaclip": [
        4.0424758481094614e-05,
        0.9982580542564392,
        0.0007066072430461645,
        0.0009949792874976993
    ],
    "clip": [
        0.0002830028533935547,
        0.994140625,
        0.00022745132446289062,
        0.005218505859375
    ],
    "eva": [
        3.5025466701917073e-15,
        1.0,
        1.2298275731126296e-09,
        7.599557649839994e-10
    ]
}