{
    "captions": [
        "arafed rabbit",
        "the beach",
        "the camera"
    ],
    "metaclip": [
        0.9771741032600403,
        0.02132539637386799,
        0.00150051130913198
    ],
    "clip": [
        0.98681640625,
        0.0128173828125,
        0.00036072731018066406
    ],
    "eva": [
        0.9999997615814209,
        2.92774956278663e-07,
        3.456576413984891e-10
    ]
}