{
    "captions": [
        "a tree trunk",
        "that",
        "a squirrel"
    ],
    "metaclip": [
        0.005429746583104134,
        0.0007466674433089793,
        0.9938236474990845
    ],
    "clip": [
        0.002471923828125,
        2.294778823852539e-05,
        0.9970703125
    ],
    "eva": [
        2.7613413067228976e-07,
        1.3471035398282538e-10,
        0.9999997615814209
    ]
}