{
    "captions": [
        "a tree",
        "painting",
        "a river",
        "a sky background"
    ],
    "metaclip": [
        0.981213390827179,
        0.0178091898560524,
        0.0008170638466253877,
        0.00016036765009630471
    ],
    "clip": [
        0.9267578125,
        0.059234619140625,
        0.00814056396484375,
        0.00568389892578125
    ],
    "eva": [
        1.0,
        1.8999475770442587e-08,
        2.3667856563491796e-10,
        9.838350548085252e-17
    ]
}