{
    "captions": [
        "the water",
        "a person",
        "a shark swimming"
    ],
    "metaclip": [
        0.0002344628592254594,
        0.0001504789834143594,
        0.999614953994751
    ],
    "clip": [
        0.0005354881286621094,
        4.500150680541992e-05,
        0.9990234375
    ],
    "eva": [
        4.032183961721891e-11,
        1.2220124911976882e-10,
        1.0
    ]
}