{
    "captions": [
        "a white background",
        "a black rabbit",
        "a painting"
    ],
    "metaclip": [
        6.895515252836049e-05,
        0.9996261596679688,
        0.00030483744922094047
    ],
    "clip": [
        0.0001609325408935547,
        1.0,
        0.0001767873764038086
    ],
    "eva": [
        2.500472858594094e-17,
        1.0,
        2.602365370112515e-15
    ]
}