{
    "captions": [
        "a stand",
        "a television",
        "a living room"
    ],
    "metaclip": [
        0.012991008348762989,
        0.9768131971359253,
        0.010195845738053322
    ],
    "clip": [
        0.00018477439880371094,
        0.9892578125,
        0.010009765625
    ],
    "eva": [
        1.59136595812015e-06,
        0.9936895370483398,
        0.0063088154420256615
    ]
}