{
    "captions": [
        "arafed black bear",
        "open mouth",
        "mouth"
    ],
    "metaclip": [
        0.3152197003364563,
        0.5907168984413147,
        0.09406339377164841
    ],
    "clip": [
        0.998046875,
        0.0017271041870117188,
        0.00022304058074951172
    ],
    "eva": [
        1.0,
        5.957522669630677e-11,
        1.3284483735276353e-08
    ]
}