{
    "captions": [
        "a close",
        "a stuffed animal rabbit",
        "a table"
    ],
    "metaclip": [
        0.0003838486154563725,
        0.9995449185371399,
        7.122594251995906e-05
    ],
    "clip": [
        0.00019109249114990234,
        1.0,
        8.887052536010742e-05
    ],
    "eva": [
        4.676961874966294e-14,
        1.0,
        3.56452301215112e-15
    ]
}