{
    "captions": [
        "its paws",
        "a banana",
        "a cartoon koala"
    ],
    "metaclip": [
        0.03878718614578247,
        0.025552503764629364,
        0.9356603622436523
    ],
    "clip": [
        0.004535675048828125,
        0.0004353523254394531,
        0.9951171875
    ],
    "eva": [
        7.365730069061258e-14,
        3.706433218068211e-15,
        1.0
    ]
}