{
    "captions": [
        "a blurry picture",
        "a dog",
        "front",
        "a green wall"
    ],
    "metaclip": [
        0.903556227684021,
        0.05586567148566246,
        0.01518663763999939,
        0.025391394272446632
    ],
    "clip": [
        0.6025390625,
        0.1646728515625,
        0.014617919921875,
        0.2181396484375
    ],
    "eva": [
        0.007322366815060377,
        0.19839227199554443,
        0.7404366135597229,
        0.053848717361688614
    ]
}