{
    "captions": [
        "a wall",
        "a cat",
        "that",
        "front"
    ],
    "metaclip": [
        0.7962720394134521,
        0.015031835995614529,
        0.09654607623815536,
        0.09215003997087479
    ],
    "clip": [
        0.63427734375,
        0.0193023681640625,
        0.3369140625,
        0.00948333740234375
    ],
    "eva": [
        0.733722984790802,
        7.977728273544926e-07,
        0.04772002622485161,
        0.2185562402009964
    ]
}