{
    "captions": [
        "painting",
        "the air",
        "a black and white whale"
    ],
    "metaclip": [
        0.0018937754211947322,
        0.0010189141612499952,
        0.997087299823761
    ],
    "clip": [
        0.057769775390625,
        0.00988006591796875,
        0.93212890625
    ],
    "eva": [
        1.0272669896949083e-05,
        2.4735442138990038e-08,
        0.9999897480010986
    ]
}