{
    "captions": [
        "a cat",
        "a sad look",
        "painting",
        "its face"
    ],
    "metaclip": [
        0.9877777695655823,
        0.003210507333278656,
        0.0028330846689641476,
        0.006178614217787981
    ],
    "clip": [
        0.94091796875,
        0.0032367706298828125,
        0.0293121337890625,
        0.0266876220703125
    ],
    "eva": [
        0.9999998807907104,
        8.865574052663305e-09,
        3.7397095836722016e-11,
        1.550938293348736e-07
    ]
}