{
    "captions": [
        "a close",
        "a shark swimming",
        "the ocean",
        "a camera"
    ],
    "metaclip": [
        0.00033377629006281495,
        0.9963917136192322,
        0.0032289386726915836,
        4.557160355034284e-05
    ],
    "clip": [
        0.0007195472717285156,
        0.99755859375,
        0.0016469955444335938,
        3.784894943237305e-05
    ],
    "eva": [
        3.9972683496536376e-10,
        1.0,
        1.60180246844277e-09,
        1.0419659059179853e-11
    ]
}