{
    "captions": [
        "a blue background",
        "painting",
        "a duck",
        "a pedestal"
    ],
    "metaclip": [
        1.0133292562386487e-05,
        7.500353967770934e-05,
        0.9996674060821533,
        0.0002475073270034045
    ],
    "clip": [
        0.0004792213439941406,
        0.0008411407470703125,
        0.98193359375,
        0.0171661376953125
    ],
    "eva": [
        8.307507902512555e-17,
        3.6274135821814935e-13,
        1.0,
        1.667493521040342e-08
    ]
}