{
    "captions": [
        "scissors",
        "a table",
        "a pair",
        "a picture"
    ],
    "metaclip": [
        0.09801337867975235,
        0.08503798395395279,
        0.06449844688177109,
        0.7524502277374268
    ],
    "clip": [
        0.0085296630859375,
        0.006961822509765625,
        0.01384735107421875,
        0.970703125
    ],
    "eva": [
        1.0919390661001671e-05,
        1.9245408111601137e-05,
        5.726043127651792e-06,
        0.9999641180038452
    ]
}