{
    "captions": [
        "a lot",
        "traffic",
        "a city street",
        "painting",
        "buildings"
    ],
    "metaclip": [
        0.013163698837161064,
        0.08985311537981033,
        0.7589898109436035,
        0.006252090446650982,
        0.13174128532409668
    ],
    "clip": [
        0.0007867813110351562,
        0.31005859375,
        0.335205078125,
        0.1375732421875,
        0.2164306640625
    ],
    "eva": [
        5.165413430319177e-09,
        0.00372890941798687,
        0.9962620139122009,
        3.197875912519521e-06,
        5.8648452068155166e-06
    ]
}