{
    "captions": [
        "a sky background",
        "a butterfly",
        "a close",
        "a leaf"
    ],
    "metaclip": [
        0.0010288950288668275,
        0.9656690955162048,
        0.026424039155244827,
        0.006877979729324579
    ],
    "clip": [
        0.006130218505859375,
        0.98388671875,
        0.0072784423828125,
        0.0033321380615234375
    ],
    "eva": [
        3.3256203339933604e-15,
        1.0,
        7.722590900094417e-10,
        6.43727293692109e-10
    ]
}