{
    "captions": [
        "the ocean",
        "a fish",
        "the bottom",
        "a shark swimming",
        "a close"
    ],
    "metaclip": [
        0.0014441475505009294,
        0.005404576659202576,
        4.731931403512135e-05,
        0.9929671287536621,
        0.0001368496159557253
    ],
    "clip": [
        0.000904083251953125,
        0.006786346435546875,
        0.00014531612396240234,
        0.99169921875,
        0.0004839897155761719
    ],
    "eva": [
        4.1053965782467117e-10,
        2.5437262252125947e-07,
        1.6186408292808048e-14,
        0.9999997615814209,
        1.100440658735602e-11
    ]
}