{
    "captions": [
        "a close",
        "a camera",
        "a white background",
        "a lens"
    ],
    "metaclip": [
        0.004888428375124931,
        0.8502835035324097,
        0.0027862030547112226,
        0.1420418918132782
    ],
    "clip": [
        0.0006380081176757812,
        0.97119140625,
        0.002727508544921875,
        0.025482177734375
    ],
    "eva": [
        3.799425704609227e-11,
        0.999997615814209,
        1.1944905065064404e-09,
        2.3604013676958857e-06
    ]
}