{
    "captions": [
        "a building",
        "araffe train",
        "the tracks",
        "front"
    ],
    "metaclip": [
        0.7034114003181458,
        0.04723216965794563,
        0.1871667206287384,
        0.06218969076871872
    ],
    "clip": [
        0.9453125,
        0.0255889892578125,
        0.0229339599609375,
        0.00612640380859375
    ],
    "eva": [
        0.9998264908790588,
        6.5306699070788454e-06,
        6.678794193248905e-07,
        0.0001663427974563092
    ]
}