{
    "captions": [
        "a fence",
        "a cat",
        "arafed image",
        "a field"
    ],
    "metaclip": [
        0.056799039244651794,
        0.6114233732223511,
        0.25167444348335266,
        0.08010315150022507
    ],
    "clip": [
        0.013671875,
        0.53759765625,
        0.438720703125,
        0.01000213623046875
    ],
    "eva": [
        1.2905279618280474e-06,
        0.9874998927116394,
        0.012496997602283955,
        1.857917368397466e-06
    ]
}