{
    "captions": [
        "a dog",
        "arafed image",
        "a large smile",
        "his face"
    ],
    "metaclip": [
        0.9193760752677917,
        0.026128889992833138,
        0.01580544002354145,
        0.03868957236409187
    ],
    "clip": [
        0.57177734375,
        0.375244140625,
        0.0360107421875,
        0.016876220703125
    ],
    "eva": [
        0.9999862909317017,
        8.429401532339398e-06,
        2.151490434698644e-07,
        5.018288902647328e-06
    ]
}