{
    "captions": [
        "a very large feather",
        "a field"
    ],
    "metaclip": [
        0.9866614937782288,
        0.013338444754481316
    ],
    "clip": [
        0.98681640625,
        0.01332855224609375
    ],
    "eva": [
        0.9999995231628418,
        4.779639652952028e-07
    ]
}