{
    "captions": [
        "its hind legs",
        "that",
        "a squirrel"
    ],
    "metaclip": [
        0.000442956923507154,
        0.0014660990564152598,
        0.998090922832489
    ],
    "clip": [
        0.0008559226989746094,
        8.672475814819336e-05,
        0.9990234375
    ],
    "eva": [
        1.3304811696812635e-09,
        2.8927216177976334e-09,
        1.0
    ]
}