{
    "captions": [
        "that",
        "two bananas",
        "a table"
    ],
    "metaclip": [
        0.6407001614570618,
        0.24808228015899658,
        0.11121749877929688
    ],
    "clip": [
        0.8525390625,
        0.0013227462768554688,
        0.1458740234375
    ],
    "eva": [
        0.9997196793556213,
        5.468727067636792e-06,
        0.00027485983446240425
    ]
}