{
    "captions": [
        "painting",
        "a green and blue circle",
        "a rabbit"
    ],
    "metaclip": [
        0.002897338941693306,
        0.0009108555968850851,
        0.9961917400360107
    ],
    "clip": [
        0.00405120849609375,
        0.004589080810546875,
        0.9912109375
    ],
    "eva": [
        3.5922176344627132e-09,
        3.360365111171326e-11,
        1.0
    ]
}