{
    "captions": [
        "a rabbit",
        "a close",
        "the ocean",
        "a beach"
    ],
    "metaclip": [
        0.9851085543632507,
        0.0016897007590159774,
        0.0005612712702713907,
        0.012640492059290409
    ],
    "clip": [
        0.986328125,
        0.00036907196044921875,
        0.0002944469451904297,
        0.01280975341796875
    ],
    "eva": [
        1.0,
        4.382430182636732e-12,
        3.3994571047024635e-11,
        1.6593238783002562e-08
    ]
}