{
    "captions": [
        "a printer",
        "it",
        "a close",
        "a table",
        "a phone"
    ],
    "metaclip": [
        0.9990098476409912,
        0.0006764361169189215,
        4.829209501622245e-05,
        0.00010611143079586327,
        0.00015922861348371953
    ],
    "clip": [
        1.0,
        1.4185905456542969e-05,
        6.318092346191406e-06,
        1.3709068298339844e-05,
        1.996755599975586e-05
    ],
    "eva": [
        1.0,
        2.6122856048443888e-12,
        2.045585245245493e-13,
        2.5157409141995934e-11,
        5.177981524454034e-14
    ]
}