{
    "captions": [
        "a laptop",
        "a table",
        "a dog",
        "that"
    ],
    "metaclip": [
        0.08390984684228897,
        0.059779126197099686,
        0.23726177215576172,
        0.6190492510795593
    ],
    "clip": [
        0.036773681640625,
        0.005340576171875,
        0.91943359375,
        0.038543701171875
    ],
    "eva": [
        4.473817170946859e-06,
        2.0396255422383547e-06,
        0.9064546823501587,
        0.09353886544704437
    ]
}