{
    "captions": [
        "its mouth",
        "a yellow heart",
        "a brown background"
    ],
    "metaclip": [
        0.9141200184822083,
        0.03917185217142105,
        0.04670816287398338
    ],
    "clip": [
        0.352783203125,
        0.1494140625,
        0.49755859375
    ],
    "eva": [
        0.9999798536300659,
        3.85859131313282e-08,
        2.0151952412561513e-05
    ]
}