{
    "captions": [
        "a brown background",
        "a yellow heart",
        "its mouth"
    ],
    "metaclip": [
        0.04670816287398338,
        0.03917185217142105,
        0.9141200184822083
    ],
    "clip": [
        0.49755859375,
        0.1494140625,
        0.352783203125
    ],
    "eva": [
        2.0151952412561513e-05,
        3.85859131313282e-08,
        0.9999798536300659
    ]
}