{
    "captions": [
        "a blurry image",
        "the grass",
        "a dolphin"
    ],
    "metaclip": [
        0.0024535427801311016,
        0.00042900064727291465,
        0.9971175193786621
    ],
    "clip": [
        0.09661865234375,
        0.0010004043579101562,
        0.90234375
    ],
    "eva": [
        8.322309668074013e-07,
        2.9787714721056513e-13,
        0.9999991655349731
    ]
}