{
    "captions": [
        "the ocean",
        "a light",
        "a shark swimming"
    ],
    "metaclip": [
        0.004803525749593973,
        0.00021675472089555115,
        0.9949797987937927
    ],
    "clip": [
        0.01032257080078125,
        0.00014269351959228516,
        0.9892578125
    ],
    "eva": [
        2.6769350824906724e-07,
        9.555930352567188e-11,
        0.9999997615814209
    ]
}