{
    "captions": [
        "a wall",
        "squares",
        "a pattern",
        "zebra",
        "front"
    ],
    "metaclip": [
        0.00017557883984409273,
        0.007048661820590496,
        0.002787936944514513,
        0.9899348616600037,
        5.290760600473732e-05
    ],
    "clip": [
        9.447336196899414e-05,
        0.0006160736083984375,
        0.000606536865234375,
        0.99853515625,
        2.6047229766845703e-05
    ],
    "eva": [
        1.3229874140652242e-10,
        5.8479595281824e-06,
        5.965478777625322e-08,
        0.9999940395355225,
        7.222270559381627e-10
    ]
}