{
    "captions": [
        "araffe",
        "fruit",
        "it",
        "vegetables",
        "a table"
    ],
    "metaclip": [
        0.5025501251220703,
        0.1064835861325264,
        0.021792275831103325,
        0.032515883445739746,
        0.33665817975997925
    ],
    "clip": [
        0.8291015625,
        0.0023651123046875,
        0.005008697509765625,
        0.03265380859375,
        0.1312255859375
    ],
    "eva": [
        0.12774264812469482,
        0.025288715958595276,
        0.16953875124454498,
        9.769860298547428e-06,
        0.6774201393127441
    ]
}