{
    "captions": [
        "a red panda bear",
        "a close",
        "a green plant"
    ],
    "metaclip": [
        0.9991471767425537,
        0.0007820291793905199,
        7.070729043334723e-05
    ],
    "clip": [
        0.99609375,
        0.0023193359375,
        0.0018062591552734375
    ],
    "eva": [
        1.0,
        1.559707224485507e-11,
        7.24352880707887e-18
    ]
}