{
    "captions": [
        "painting",
        "a green field",
        "a red race car",
        "a track",
        "the background"
    ],
    "metaclip": [
        0.001034287502989173,
        0.0002301670756423846,
        0.9771760702133179,
        0.021232618018984795,
        0.00032687015482224524
    ],
    "clip": [
        0.028045654296875,
        0.0004258155822753906,
        0.59033203125,
        0.375244140625,
        0.006160736083984375
    ],
    "eva": [
        5.483169829290091e-08,
        1.3620868322128388e-11,
        0.9999490976333618,
        5.0782829930540174e-05,
        9.662452171710356e-09
    ]
}