{
    "captions": [
        "the air",
        "a hummingbird",
        "a painting"
    ],
    "metaclip": [
        0.0013257990358397365,
        0.9892174005508423,
        0.00945675652474165
    ],
    "clip": [
        0.00021314620971679688,
        0.97607421875,
        0.023681640625
    ],
    "eva": [
        2.5188759498334656e-12,
        0.9999946355819702,
        5.3944286264595576e-06
    ]
}