{
    "captions": [
        "a red comb",
        "painting",
        "a rooster",
        "a white beak"
    ],
    "metaclip": [
        0.0015507371863350272,
        0.00014326164091471583,
        0.9942657351493835,
        0.00404017511755228
    ],
    "clip": [
        0.023193359375,
        0.0011911392211914062,
        0.970703125,
        0.004638671875
    ],
    "eva": [
        1.4130694125924492e-07,
        9.494374036966846e-12,
        0.9999998807907104,
        2.0550088020154789e-10
    ]
}