{
    "captions": [
        "a cage",
        "a picture",
        "a wolf",
        "a close"
    ],
    "metaclip": [
        0.0016507491236552596,
        0.0026529610622674227,
        0.9947689771652222,
        0.0009273189934901893
    ],
    "clip": [
        0.00391387939453125,
        0.0198822021484375,
        0.97314453125,
        0.0030498504638671875
    ],
    "eva": [
        5.6130159548084535e-11,
        5.352317384677008e-05,
        0.9999464750289917,
        2.6730095914473395e-09
    ]
}