{
    "captions": [
        "a vase",
        "a green plant",
        "that"
    ],
    "metaclip": [
        0.010934465564787388,
        0.8855820894241333,
        0.10348343849182129
    ],
    "clip": [
        0.09844970703125,
        0.89111328125,
        0.009979248046875
    ],
    "eva": [
        7.83798181913653e-09,
        0.9999992847442627,
        6.793533202653634e-07
    ]
}