{
    "captions": [
        "a blurry background",
        "a butterfly",
        "a close",
        "a leaf"
    ],
    "metaclip": [
        0.01696939580142498,
        0.9699099063873291,
        0.0012486049672588706,
        0.011872107163071632
    ],
    "clip": [
        0.05047607421875,
        0.9375,
        0.00557708740234375,
        0.00641632080078125
    ],
    "eva": [
        5.215374585532118e-07,
        0.9999994039535522,
        4.94883423129977e-09,
        1.0842890674211958e-07
    ]
}