{
    "captions": [
        "a white surface",
        "a close",
        "the ocean",
        "a crab"
    ],
    "metaclip": [
        5.4614779401163105e-06,
        0.00011649324733298272,
        0.000595884514041245,
        0.99928218126297
    ],
    "clip": [
        0.00033783912658691406,
        0.0015134811401367188,
        0.006999969482421875,
        0.9912109375
    ],
    "eva": [
        8.13447582675899e-15,
        1.4090828113696996e-12,
        2.619850517082689e-12,
        1.0
    ]
}