{
    "captions": [
        "trees",
        "a field",
        "the background",
        "two horses"
    ],
    "metaclip": [
        0.12854672968387604,
        0.7904507517814636,
        0.030703570693731308,
        0.05029892548918724
    ],
    "clip": [
        0.006290435791015625,
        0.0277557373046875,
        0.032440185546875,
        0.93359375
    ],
    "eva": [
        0.002271388890221715,
        0.6034286618232727,
        0.34287989139556885,
        0.05142004042863846
    ]
}