{
    "captions": [
        "a forest",
        "the middle",
        "a giraffe"
    ],
    "metaclip": [
        0.00016613228945061564,
        9.081598363991361e-06,
        0.9998248219490051
    ],
    "clip": [
        0.0009388923645019531,
        0.0010471343994140625,
        0.998046875
    ],
    "eva": [
        4.107420241601656e-13,
        1.5482792820130698e-17,
        1.0
    ]
}