{
    "captions": [
        "the background",
        "a rabbit",
        "the ocean",
        "the beach"
    ],
    "metaclip": [
        0.00013526807015296072,
        0.998224675655365,
        0.0009300486999563873,
        0.0007100434158928692
    ],
    "clip": [
        0.000606536865234375,
        0.98291015625,
        0.0003795623779296875,
        0.016387939453125
    ],
    "eva": [
        8.165371156998447e-12,
        0.9999995231628418,
        5.979060579974771e-10,
        4.438422251951124e-07
    ]
}