{
    "captions": [
        "a close",
        "a green leaf",
        "it",
        "a plant"
    ],
    "metaclip": [
        0.004346003755927086,
        0.3824024200439453,
        0.009487006813287735,
        0.603764533996582
    ],
    "clip": [
        0.01161956787109375,
        0.2685546875,
        0.0011682510375976562,
        0.71875
    ],
    "eva": [
        1.2107110869408189e-09,
        0.0033524236641824245,
        5.718026496737139e-09,
        0.9966475367546082
    ]
}