{
    "captions": [
        "a bowl",
        "many green vegetables",
        "a green vase"
    ],
    "metaclip": [
        0.014946401119232178,
        0.9618654251098633,
        0.023188194260001183
    ],
    "clip": [
        0.0216827392578125,
        0.2259521484375,
        0.75244140625
    ],
    "eva": [
        9.411256485236663e-08,
        0.9844303727149963,
        0.015569466166198254
    ]
}