{
    "captions": [
        "a rabbit",
        "its eyes",
        "painting",
        "the grass"
    ],
    "metaclip": [
        0.9938894510269165,
        0.002067284192889929,
        0.002938600955531001,
        0.001104662660509348
    ],
    "clip": [
        0.96875,
        0.0012073516845703125,
        0.02581787109375,
        0.00389862060546875
    ],
    "eva": [
        1.0,
        3.470247743678212e-12,
        2.51586840249729e-09,
        1.5565271294093463e-11
    ]
}