{
    "captions": [
        "a painting",
        "the grass",
        "a rabbit",
        "bread",
        "its mouth",
        "a piece"
    ],
    "metaclip": [
        0.003089106874540448,
        0.0009313259506598115,
        0.9933690428733826,
        0.00027599185705184937,
        0.0015257926424965262,
        0.0008087935857474804
    ],
    "clip": [
        0.0183868408203125,
        0.004436492919921875,
        0.97314453125,
        0.001232147216796875,
        0.0017375946044921875,
        0.0006442070007324219
    ],
    "eva": [
        1.691627615763025e-09,
        1.5275819075389468e-13,
        1.0,
        7.146618808053995e-17,
        5.555841228158283e-14,
        4.38096156574197e-11
    ]
}