{
    "captions": [
        "painting",
        "a forest",
        "a bear",
        "a path"
    ],
    "metaclip": [
        0.0005841199890710413,
        0.012810591608285904,
        0.9854018688201904,
        0.0012033559614792466
    ],
    "clip": [
        0.0106353759765625,
        0.037689208984375,
        0.9423828125,
        0.0093841552734375
    ],
    "eva": [
        4.216649696076047e-09,
        0.00012714072363451123,
        0.9998728036880493,
        9.55060475149594e-10
    ]
}