{
    "captions": [
        "a branch",
        "a bird",
        "a tree"
    ],
    "metaclip": [
        0.04210362955927849,
        0.9504976868629456,
        0.007398650981485844
    ],
    "clip": [
        0.0096435546875,
        0.98388671875,
        0.006526947021484375
    ],
    "eva": [
        1.6783286582722212e-06,
        0.9999983310699463,
        1.8352890318595882e-09
    ]
}