{
    "captions": [
        "painting",
        "a field",
        "grass",
        "trees",
        "the background",
        "a rabbit"
    ],
    "metaclip": [
        0.003944817930459976,
        0.002375478157773614,
        0.002480190247297287,
        0.0003785914450418204,
        0.0001742330496199429,
        0.9906467199325562
    ],
    "clip": [
        0.011016845703125,
        0.0029659271240234375,
        0.004665374755859375,
        0.0004076957702636719,
        0.004451751708984375,
        0.9765625
    ],
    "eva": [
        3.3012992339820357e-09,
        5.274509995434329e-11,
        2.722730374493665e-10,
        2.1138135797402376e-14,
        8.91270835346597e-13,
        1.0
    ]
}