{
    "captions": [
        "the beach",
        "a surfboard",
        "a white rabbit"
    ],
    "metaclip": [
        0.0007166631403379142,
        0.00030788808362558484,
        0.9989755153656006
    ],
    "clip": [
        0.00243377685546875,
        0.00016057491302490234,
        0.99755859375
    ],
    "eva": [
        2.94475577256037e-09,
        2.352223504951262e-13,
        1.0
    ]
}