{
    "captions": [
        "a wall",
        "front",
        "a person",
        "a picture"
    ],
    "metaclip": [
        0.49531444907188416,
        0.0508817620575428,
        0.09494150429964066,
        0.3588622510433197
    ],
    "clip": [
        0.52197265625,
        0.0031299591064453125,
        0.055023193359375,
        0.419677734375
    ],
    "eva": [
        0.0012287338031455874,
        0.003541705897077918,
        9.448075616091955e-06,
        0.9952200055122375
    ]
}