{
    "captions": [
        "the ground",
        "a duck",
        "that",
        "a pink background"
    ],
    "metaclip": [
        7.093855674611405e-05,
        0.9989718198776245,
        0.0006365981535054743,
        0.00032065101549960673
    ],
    "clip": [
        0.00022733211517333984,
        0.994140625,
        0.002880096435546875,
        0.002925872802734375
    ],
    "eva": [
        3.26649694789281e-18,
        1.0,
        3.7239100691977e-10,
        5.833505553609619e-12
    ]
}