{
    "captions": [
        "a nut",
        "squirrel",
        "a tree trunk"
    ],
    "metaclip": [
        0.007135896477848291,
        0.991856575012207,
        0.0010075629688799381
    ],
    "clip": [
        0.0009388923645019531,
        0.998046875,
        0.0012054443359375
    ],
    "eva": [
        0.0001446438836865127,
        0.9998552799224854,
        3.5778635609773346e-10
    ]
}