{
    "captions": [
        "painting",
        "a bear",
        "a lake",
        "the woods"
    ],
    "metaclip": [
        0.0022378508001565933,
        0.935021162033081,
        0.0007396558648906648,
        0.06200133264064789
    ],
    "clip": [
        0.0102996826171875,
        0.95703125,
        0.00057220458984375,
        0.0322265625
    ],
    "eva": [
        2.985519054199415e-10,
        0.9999982118606567,
        4.2822191105573726e-12,
        1.7354598185193026e-06
    ]
}