{
    "captions": [
        "a forest",
        "a green plant",
        "the middle",
        "a pot"
    ],
    "metaclip": [
        0.0799560621380806,
        0.8982920050621033,
        0.0019292127108201385,
        0.019822776317596436
    ],
    "clip": [
        0.233154296875,
        0.6962890625,
        0.01073455810546875,
        0.05987548828125
    ],
    "eva": [
        0.0007358771981671453,
        0.9990847110748291,
        3.333840026416811e-14,
        0.0001793267292669043
    ]
}