{
    "captions": [
        "a frog",
        "a close",
        "a pink flower"
    ],
    "metaclip": [
        0.9907654523849487,
        0.0014086670707911253,
        0.007825849577784538
    ],
    "clip": [
        0.96240234375,
        0.00638580322265625,
        0.0309295654296875
    ],
    "eva": [
        1.0,
        5.857736518066758e-11,
        2.5262836267359035e-09
    ]
}