{
    "captions": [
        "a wall",
        "squares",
        "a person",
        "arafed image",
        "front"
    ],
    "metaclip": [
        0.0047186617739498615,
        0.9894376993179321,
        0.0037661732640117407,
        0.0006161092314869165,
        0.0014614525716751814
    ],
    "clip": [
        0.0042572021484375,
        0.94873046875,
        0.004001617431640625,
        0.042999267578125,
        0.0001347064971923828
    ],
    "eva": [
        6.782025252505264e-08,
        0.9999998807907104,
        8.572731413636347e-11,
        1.4756353916567377e-09,
        3.112105062541559e-08
    ]
}