{
    "captions": [
        "araffe",
        "a dirt ground",
        "a pink head"
    ],
    "metaclip": [
        0.8510738015174866,
        0.004099928308278322,
        0.14482629299163818
    ],
    "clip": [
        0.9990234375,
        0.0003123283386230469,
        0.0003173351287841797
    ],
    "eva": [
        0.9279225468635559,
        5.579011599365913e-07,
        0.0720769464969635
    ]
}