{
    "captions": [
        "a close",
        "a microwave",
        "it"
    ],
    "metaclip": [
        0.08020339906215668,
        0.08391916006803513,
        0.8358773589134216
    ],
    "clip": [
        0.037322998046875,
        0.96240234375,
        0.0006623268127441406
    ],
    "eva": [
        0.0007015878800302744,
        0.6059009432792664,
        0.39339739084243774
    ]
}