{
    "captions": [
        "a baseball bat",
        "ball",
        "a koala",
        "a close"
    ],
    "metaclip": [
        0.00040217890636995435,
        0.0019449706887826324,
        0.9971730709075928,
        0.0004797896253876388
    ],
    "clip": [
        7.015466690063477e-05,
        0.0017538070678710938,
        0.998046875,
        0.00011754035949707031
    ],
    "eva": [
        1.0892326537254027e-12,
        8.46257961484298e-08,
        0.9999998807907104,
        4.25148333205172e-10
    ]
}