{
    "captions": [
        "a tree",
        "that",
        "a squirrel"
    ],
    "metaclip": [
        0.0017516717780381441,
        0.0013158258516341448,
        0.9969325065612793
    ],
    "clip": [
        0.0004241466522216797,
        5.519390106201172e-05,
        1.0
    ],
    "eva": [
        1.339093946839398e-09,
        1.5467195232932163e-11,
        1.0
    ]
}