{
    "captions": [
        "a squirrel",
        "a tree branch",
        "that"
    ],
    "metaclip": [
        0.99498051404953,
        0.004483851138502359,
        0.0005356586189009249
    ],
    "clip": [
        0.9990234375,
        0.0011339187622070312,
        4.8279762268066406e-05
    ],
    "eva": [
        1.0,
        7.846693073076949e-09,
        5.871798186563026e-11
    ]
}