{
    "captions": [
        "many knives",
        "a table",
        "a wooden box"
    ],
    "metaclip": [
        0.9973003268241882,
        0.0009371953783556819,
        0.001762531464919448
    ],
    "clip": [
        0.9931640625,
        0.001110076904296875,
        0.005725860595703125
    ],
    "eva": [
        1.0,
        2.407343657750971e-09,
        1.1335749700025488e-10
    ]
}