{
    "captions": [
        "his back",
        "a backpack",
        "scuba diver",
        "the water"
    ],
    "metaclip": [
        6.411991489585489e-05,
        0.00013383022451307625,
        0.9984079003334045,
        0.0013940909411758184
    ],
    "clip": [
        0.00012803077697753906,
        0.00026488304138183594,
        0.998046875,
        0.0018100738525390625
    ],
    "eva": [
        5.649385852787153e-14,
        8.186605961277987e-14,
        1.0,
        2.822316824691029e-10
    ]
}