{
    "captions": [
        "a blurry photo",
        "a field",
        "a horse"
    ],
    "metaclip": [
        0.10326749831438065,
        0.019763605669140816,
        0.8769688606262207
    ],
    "clip": [
        0.50341796875,
        0.0016527175903320312,
        0.495361328125
    ],
    "eva": [
        0.9740185141563416,
        2.5474801645941625e-07,
        0.025981280952692032
    ]
}