{
    "captions": [
        "a white dress",
        "a woman",
        "arafed image",
        "a long hair"
    ],
    "metaclip": [
        0.008856356143951416,
        0.6208927035331726,
        0.21503445506095886,
        0.1552165150642395
    ],
    "clip": [
        0.00988006591796875,
        0.0037784576416015625,
        0.96142578125,
        0.02484130859375
    ],
    "eva": [
        0.0005349373095668852,
        0.9783719182014465,
        0.012588292360305786,
        0.008504873141646385
    ]
}