{
    "captions": [
        "a crab",
        "a beach",
        "the background",
        "a sunset",
        "a close"
    ],
    "metaclip": [
        0.9972565770149231,
        0.0007860204204916954,
        0.0006612292490899563,
        0.0006023846799507737,
        0.0006938406149856746
    ],
    "clip": [
        0.99267578125,
        0.0006222724914550781,
        0.0019779205322265625,
        0.0009050369262695312,
        0.003810882568359375
    ],
    "eva": [
        1.0,
        4.193566067317578e-12,
        1.0688983877703284e-13,
        5.31612184828667e-11,
        7.48527420602052e-11
    ]
}