{
    "captions": [
        "arafed picture",
        "a dog",
        "his face",
        "a big smile"
    ],
    "metaclip": [
        0.10738961398601532,
        0.7979336380958557,
        0.05480533093214035,
        0.03987138345837593
    ],
    "clip": [
        0.2181396484375,
        0.64111328125,
        0.0256500244140625,
        0.114990234375
    ],
    "eva": [
        4.568601070786826e-05,
        0.9995431900024414,
        0.00032395755988545716,
        8.716937736608088e-05
    ]
}