{
    "captions": [
        "a small yellow bird",
        "the snow"
    ],
    "metaclip": [
        0.9940288066864014,
        0.005971197970211506
    ],
    "clip": [
        0.99462890625,
        0.00555419921875
    ],
    "eva": [
        0.9999998807907104,
        1.479210141042131e-07
    ]
}