{
    "captions": [
        "arafed image",
        "a woman",
        "a hat",
        "a dress"
    ],
    "metaclip": [
        0.42928341031074524,
        0.14563512802124023,
        0.36950400471687317,
        0.05557742342352867
    ],
    "clip": [
        0.9248046875,
        0.002899169921875,
        0.06494140625,
        0.007457733154296875
    ],
    "eva": [
        0.958433210849762,
        0.017234133556485176,
        0.023078450933098793,
        0.001254253089427948
    ]
}