{
    "captions": [
        "a snowy hill",
        "a bird",
        "that"
    ],
    "metaclip": [
        0.009780355729162693,
        0.9864314198493958,
        0.00378817250020802
    ],
    "clip": [
        0.0036945343017578125,
        0.99267578125,
        0.0035247802734375
    ],
    "eva": [
        6.704200927742932e-08,
        0.9999979734420776,
        1.9587093902373454e-06
    ]
}