{
    "captions": [
        "painting",
        "a hummingbird",
        "a green background",
        "flight"
    ],
    "metaclip": [
        0.008748900145292282,
        0.9806278347969055,
        0.00041941326344385743,
        0.01020383182913065
    ],
    "clip": [
        0.0888671875,
        0.8701171875,
        0.00568389892578125,
        0.035369873046875
    ],
    "eva": [
        3.003735571383004e-07,
        0.9999991655349731,
        8.803455468948951e-13,
        4.61396865603092e-07
    ]
}