{
    "captions": [
        "the grass",
        "its mouth",
        "painting",
        "a carrot"
    ],
    "metaclip": [
        0.10620821267366409,
        0.07302598655223846,
        0.13070785999298096,
        0.6900579333305359
    ],
    "clip": [
        0.22607421875,
        0.1904296875,
        0.1268310546875,
        0.456787109375
    ],
    "eva": [
        0.0036530261859297752,
        7.498153718188405e-05,
        0.008649158291518688,
        0.9876227378845215
    ]
}