{
    "captions": [
        "a blue background",
        "a hummingbird",
        "painting",
        "a flower"
    ],
    "metaclip": [
        0.00036319028004072607,
        0.9694681167602539,
        0.02604106068611145,
        0.004127593711018562
    ],
    "clip": [
        0.0006017684936523438,
        0.99072265625,
        0.0081787109375,
        0.00040721893310546875
    ],
    "eva": [
        4.91273620633996e-14,
        0.9999994039535522,
        6.194250090629794e-07,
        3.0093463831981637e-10
    ]
}