{
    "captions": [
        "painting",
        "a blue wing and orange wings",
        "a butterfly"
    ],
    "metaclip": [
        0.008988015353679657,
        0.5053262114524841,
        0.4856857657432556
    ],
    "clip": [
        0.14208984375,
        0.1585693359375,
        0.69921875
    ],
    "eva": [
        2.255888063018574e-07,
        0.03862636163830757,
        0.9613734483718872
    ]
}