{
    "captions": [
        "arafed image",
        "its mouth",
        "a duck",
        "a banana"
    ],
    "metaclip": [
        0.0005594632821157575,
        0.002025504596531391,
        0.9973469972610474,
        6.795465742470697e-05
    ],
    "clip": [
        0.1673583984375,
        0.00820159912109375,
        0.82373046875,
        0.0008783340454101562
    ],
    "eva": [
        1.4983952967284608e-10,
        1.6166509797521655e-10,
        1.0,
        3.971022187292117e-13
    ]
}