{
    "captions": [
        "zebra",
        "a red background",
        "a wall",
        "front"
    ],
    "metaclip": [
        0.9999257326126099,
        1.3638110431202222e-05,
        6.711847163387574e-06,
        5.398475332185626e-05
    ],
    "clip": [
        1.0,
        0.00015115737915039062,
        5.066394805908203e-05,
        6.157159805297852e-05
    ],
    "eva": [
        1.0,
        8.04123952212292e-15,
        7.317697879941076e-14,
        2.992971870341421e-09
    ]
}