{
    "captions": [
        "a brown bear",
        "tall trees",
        "a forest"
    ],
    "metaclip": [
        0.9762044548988342,
        0.000992601620964706,
        0.02280285395681858
    ],
    "clip": [
        0.982421875,
        0.005573272705078125,
        0.012176513671875
    ],
    "eva": [
        0.9999988079071045,
        3.216952312173893e-12,
        1.1656134120130446e-06
    ]
}