{
    "captions": [
        "a table",
        "a brown background",
        "a turkey",
        "a close"
    ],
    "metaclip": [
        9.651292202761397e-05,
        0.00014817154442425817,
        0.999693751335144,
        6.154704897198826e-05
    ],
    "clip": [
        0.0019359588623046875,
        0.0101470947265625,
        0.9873046875,
        0.0008196830749511719
    ],
    "eva": [
        6.658981092227956e-13,
        2.571623903407927e-12,
        1.0,
        6.723956786323926e-13
    ]
}