{
    "captions": [
        "a desk",
        "a window",
        "a printer"
    ],
    "metaclip": [
        0.0015125563368201256,
        3.340582406963222e-05,
        0.9984539747238159
    ],
    "clip": [
        0.00037384033203125,
        0.00013756752014160156,
        0.9990234375
    ],
    "eva": [
        1.1128260091197717e-08,
        3.2384106247312916e-12,
        1.0
    ]
}