{
    "captions": [
        "a bear cub",
        "a bear",
        "a picture",
        "a close",
        "a watch"
    ],
    "metaclip": [
        0.1265845149755478,
        0.8020312190055847,
        0.05463368818163872,
        0.01425215881317854,
        0.0024984979536384344
    ],
    "clip": [
        0.2568359375,
        0.666015625,
        0.06396484375,
        0.00907135009765625,
        0.003780364990234375
    ],
    "eva": [
        1.4431991075980477e-05,
        0.005060096736997366,
        0.9949123859405518,
        1.2981614418094978e-05,
        1.4018884664235287e-10
    ]
}