{
    "captions": [
        "grass",
        "painting",
        "a bear",
        "a blurry background",
        "a field"
    ],
    "metaclip": [
        0.012376504950225353,
        0.014834225177764893,
        0.12345530837774277,
        0.8290694952011108,
        0.02026449888944626
    ],
    "clip": [
        0.210205078125,
        0.24951171875,
        0.0626220703125,
        0.451904296875,
        0.026092529296875
    ],
    "eva": [
        3.028694891327177e-06,
        0.007587546482682228,
        0.002303185872733593,
        0.9901021718978882,
        4.110717327421298e-06
    ]
}