{
    "captions": [
        "flight",
        "a blue background",
        "painting",
        "a hummingbird"
    ],
    "metaclip": [
        0.010608481243252754,
        2.0056249923072755e-05,
        0.013602398335933685,
        0.9757691025733948
    ],
    "clip": [
        0.008636474609375,
        0.0011510848999023438,
        0.05291748046875,
        0.9375
    ],
    "eva": [
        9.272406487070839e-08,
        1.4174701654947296e-14,
        1.6680586440998013e-06,
        0.9999982118606567
    ]
}