{
    "captions": [
        "painting",
        "a forest",
        "grass",
        "a bear",
        "trees"
    ],
    "metaclip": [
        0.0005945463199168444,
        0.009074176661670208,
        0.0003538549644872546,
        0.9893090724945068,
        0.0006683528190478683
    ],
    "clip": [
        0.004619598388671875,
        0.00933837890625,
        0.0008821487426757812,
        0.982421875,
        0.0027599334716796875
    ],
    "eva": [
        8.025387993049193e-11,
        8.843791874824092e-06,
        2.0108569757232297e-12,
        0.9999911785125732,
        2.0751249676931316e-11
    ]
}