{
    "captions": [
        "the beach",
        "that",
        "a rabbit",
        "the water"
    ],
    "metaclip": [
        0.0002637908619362861,
        0.0012138801394030452,
        0.998506486415863,
        1.5810328477527946e-05
    ],
    "clip": [
        0.0003352165222167969,
        0.0002529621124267578,
        0.9990234375,
        1.9788742065429688e-05
    ],
    "eva": [
        4.4341441629569545e-10,
        2.0446455639699934e-09,
        1.0,
        2.701019720995697e-15
    ]
}