{
    "captions": [
        "a large television",
        "the living room",
        "a large window"
    ],
    "metaclip": [
        0.9699308276176453,
        0.028820104897022247,
        0.001249039312824607
    ],
    "clip": [
        0.9892578125,
        0.004955291748046875,
        0.005191802978515625
    ],
    "eva": [
        0.9998831748962402,
        9.183548536384478e-05,
        2.5024195565492846e-05
    ]
}