{
    "captions": [
        "the water",
        "a dolphin",
        "that"
    ],
    "metaclip": [
        0.0016692511271685362,
        0.9977117776870728,
        0.0006189608247950673
    ],
    "clip": [
        0.007213592529296875,
        0.990234375,
        0.0020351409912109375
    ],
    "eva": [
        5.70978750391582e-11,
        1.0,
        3.414694660364148e-08
    ]
}