{
    "captions": [
        "a white rabbit",
        "painting",
        "a black background"
    ],
    "metaclip": [
        0.9993026256561279,
        0.0006499438313767314,
        4.7428598918486387e-05
    ],
    "clip": [
        0.9921875,
        0.0013580322265625,
        0.006378173828125
    ],
    "eva": [
        1.0,
        1.3208860004040868e-12,
        3.371490132702496e-15
    ]
}