{
    "captions": [
        "it",
        "the woods",
        "a log",
        "front",
        "araffe"
    ],
    "metaclip": [
        0.036517541855573654,
        0.2931913137435913,
        0.10911339521408081,
        0.004541525151580572,
        0.5566362738609314
    ],
    "clip": [
        0.0238189697265625,
        0.49755859375,
        0.04925537109375,
        0.0040435791015625,
        0.425537109375
    ],
    "eva": [
        0.0006917883874848485,
        0.929189145565033,
        0.06884023547172546,
        4.453724977793172e-05,
        0.001234322669915855
    ]
}