{
    "captions": [
        "a wetsuit",
        "a scuba suit",
        "the ocean",
        "a man"
    ],
    "metaclip": [
        0.1072668805718422,
        0.8503238558769226,
        0.029300199821591377,
        0.01310900878161192
    ],
    "clip": [
        0.1505126953125,
        0.6748046875,
        0.1602783203125,
        0.0147857666015625
    ],
    "eva": [
        0.00028891765396110713,
        0.9997096657752991,
        1.1205711416550912e-06,
        2.533813017180364e-07
    ]
}