{
    "captions": [
        "many circles",
        "arafed image",
        "a lion's face"
    ],
    "metaclip": [
        0.03918927535414696,
        0.0014933750499039888,
        0.9593172669410706
    ],
    "clip": [
        0.054718017578125,
        0.07598876953125,
        0.869140625
    ],
    "eva": [
        1.1270355315673442e-07,
        7.993555328766888e-08,
        0.9999997615814209
    ]
}