{
    "captions": [
        "corals",
        "the ocean",
        "a shark swimming"
    ],
    "metaclip": [
        0.003711592871695757,
        0.002738845767453313,
        0.993549644947052
    ],
    "clip": [
        0.001834869384765625,
        0.0022487640380859375,
        0.99609375
    ],
    "eva": [
        5.260900159953508e-09,
        6.02464140797565e-08,
        0.9999998807907104
    ]
}