{
    "captions": [
        "a branch",
        "a small bird",
        "a tree"
    ],
    "metaclip": [
        0.022414738312363625,
        0.9732698798179626,
        0.004315395839512348
    ],
    "clip": [
        0.010284423828125,
        0.9853515625,
        0.00421905517578125
    ],
    "eva": [
        3.2913469567574793e-06,
        0.9999966621398926,
        1.2057751241911774e-08
    ]
}