{
    "captions": [
        "a small bird",
        "a tree",
        "a branch"
    ],
    "metaclip": [
        0.9732698798179626,
        0.004315436817705631,
        0.02241465076804161
    ],
    "clip": [
        0.9853515625,
        0.004154205322265625,
        0.0098114013671875
    ],
    "eva": [
        0.9999966621398926,
        1.205770416845553e-08,
        3.2913465020101285e-06
    ]
}