{
    "captions": [
        "many squares",
        "a square pattern",
        "different colors"
    ],
    "metaclip": [
        0.15950235724449158,
        0.8397016525268555,
        0.0007959302165545523
    ],
    "clip": [
        0.327392578125,
        0.671875,
        0.0008983612060546875
    ],
    "eva": [
        0.9058294296264648,
        0.09416794776916504,
        2.6650445761333685e-06
    ]
}