{
    "captions": [
        "a fish",
        "a shark",
        "a coral reef"
    ],
    "metaclip": [
        0.00835882406681776,
        0.9891999959945679,
        0.0024411692284047604
    ],
    "clip": [
        0.004192352294921875,
        0.97900390625,
        0.016845703125
    ],
    "eva": [
        5.6738510778586715e-08,
        1.0,
        4.3797857007810137e-10
    ]
}