{
    "captions": [
        "painting",
        "a tiger",
        "a pool",
        "a rock"
    ],
    "metaclip": [
        0.0019469645339995623,
        0.9740794897079468,
        0.0021614450961351395,
        0.021812133491039276
    ],
    "clip": [
        0.002384185791015625,
        0.99267578125,
        0.00438690185546875,
        0.0007801055908203125
    ],
    "eva": [
        8.040247911900167e-10,
        1.0,
        4.017172816617176e-09,
        3.392680625324829e-08
    ]
}