{
    "captions": [
        "painting",
        "a polar bear",
        "a snowy surface"
    ],
    "metaclip": [
        0.0006192983128130436,
        0.9979206919670105,
        0.0014600061113014817
    ],
    "clip": [
        0.0004673004150390625,
        0.99560546875,
        0.00382232666015625
    ],
    "eva": [
        1.1626314060791954e-12,
        1.0,
        6.73567779330142e-09
    ]
}