{
    "captions": [
        "arafed scuba diver",
        "a camera",
        "the water"
    ],
    "metaclip": [
        0.9996007084846497,
        3.480041050352156e-05,
        0.00036452384665608406
    ],
    "clip": [
        0.99951171875,
        3.5881996154785156e-05,
        0.0003407001495361328
    ],
    "eva": [
        1.0,
        6.361587688921699e-13,
        1.6367203816217146e-12
    ]
}