{
    "captions": [
        "a rabbit",
        "the water",
        "the beach"
    ],
    "metaclip": [
        0.9977545142173767,
        0.0002780787763185799,
        0.0019674417562782764
    ],
    "clip": [
        0.98828125,
        0.00034737586975097656,
        0.01132965087890625
    ],
    "eva": [
        0.9999997615814209,
        3.488854441891648e-13,
        2.6854345946958347e-07
    ]
}