{
    "captions": [
        "a bird",
        "a rock",
        "painting",
        "the snow"
    ],
    "metaclip": [
        0.9779970049858093,
        0.006089518778026104,
        0.00382082536816597,
        0.012092727236449718
    ],
    "clip": [
        0.8525390625,
        0.005924224853515625,
        0.016876220703125,
        0.124755859375
    ],
    "eva": [
        0.9999997615814209,
        1.498632995478033e-09,
        1.443151091962136e-07,
        1.0281308959747548e-07
    ]
}