{
    "captions": [
        "a tiled wall",
        "a bicycle",
        "a picture"
    ],
    "metaclip": [
        0.009408923797309399,
        0.9873425960540771,
        0.0032484077382832766
    ],
    "clip": [
        0.62060546875,
        0.37646484375,
        0.0031566619873046875
    ],
    "eva": [
        6.504552402475383e-06,
        0.9999924898147583,
        1.015990847008652e-06
    ]
}