{
    "captions": [
        "a close",
        "a floor",
        "a brown background",
        "a turkey"
    ],
    "metaclip": [
        8.734656876185909e-05,
        3.256577474530786e-05,
        0.0005874730995856225,
        0.9992926120758057
    ],
    "clip": [
        0.0002579689025878906,
        1.2874603271484375e-05,
        0.004467010498046875,
        0.9951171875
    ],
    "eva": [
        3.8505743732430986e-12,
        2.0915991242589568e-14,
        1.1941049711527985e-11,
        1.0
    ]
}