{
    "captions": [
        "open mouth",
        "grassy field",
        "arafed black dog",
        "trees"
    ],
    "metaclip": [
        0.07123532146215439,
        0.00012691592564806342,
        0.9284749031066895,
        0.00016284614684991539
    ],
    "clip": [
        0.000385284423828125,
        0.0015726089477539062,
        0.998046875,
        3.844499588012695e-05
    ],
    "eva": [
        5.274383902721669e-13,
        6.496285837044558e-16,
        1.0,
        1.5394813228435068e-16
    ]
}