{
    "captions": [
        "a circular pattern",
        "a snail",
        "arafed image"
    ],
    "metaclip": [
        0.9202654361724854,
        0.05117826536297798,
        0.02855631336569786
    ],
    "clip": [
        0.430419921875,
        0.1038818359375,
        0.465576171875
    ],
    "eva": [
        0.5181928277015686,
        0.4817841649055481,
        2.3016227714833803e-05
    ]
}