{
    "captions": [
        "a black nose",
        "a white face",
        "a dog",
        "arafed image"
    ],
    "metaclip": [
        0.031703487038612366,
        0.4746866822242737,
        0.4340344965457916,
        0.05957525596022606
    ],
    "clip": [
        0.0200042724609375,
        0.303466796875,
        0.421142578125,
        0.25537109375
    ],
    "eva": [
        0.0037063213530927896,
        0.7614189386367798,
        0.23477914929389954,
        9.56154108280316e-05
    ]
}