{
    "captions": [
        "a cat",
        "front",
        "a chair",
        "a wall",
        "that"
    ],
    "metaclip": [
        0.41654980182647705,
        0.059556081891059875,
        0.021024435758590698,
        0.2991815209388733,
        0.2036881148815155
    ],
    "clip": [
        0.76123046875,
        0.01605224609375,
        0.0229949951171875,
        0.1343994140625,
        0.06500244140625
    ],
    "eva": [
        0.19884411990642548,
        0.025000732392072678,
        0.003162944223731756,
        0.006999185774475336,
        0.7659931182861328
    ]
}