{
    "captions": [
        "a squirrel",
        "a tree branch",
        "that"
    ],
    "metaclip": [
        0.9971458315849304,
        0.002569167409092188,
        0.00028501282213255763
    ],
    "clip": [
        0.99462890625,
        0.005218505859375,
        6.622076034545898e-05
    ],
    "eva": [
        1.0,
        7.253513900629116e-10,
        3.933441072856425e-11
    ]
}