{
    "captions": [
        "a squirrel",
        "that",
        "a tree"
    ],
    "metaclip": [
        0.9957489967346191,
        0.00043862577877007425,
        0.0038123319391161203
    ],
    "clip": [
        0.99658203125,
        7.402896881103516e-05,
        0.003429412841796875
    ],
    "eva": [
        0.9999986886978149,
        1.1699777147100576e-08,
        1.3614720728583052e-06
    ]
}