{
    "captions": [
        "white wolf",
        "a black background"
    ],
    "metaclip": [
        0.9999970197677612,
        3.0102346499916166e-06
    ],
    "clip": [
        1.0,
        0.00033020973205566406
    ],
    "eva": [
        1.0,
        1.6430829814133643e-15
    ]
}