{
    "captions": [
        "a dog",
        "arafed image",
        "a blurry background"
    ],
    "metaclip": [
        0.9210187196731567,
        0.004183217417448759,
        0.07479803264141083
    ],
    "clip": [
        0.900390625,
        0.0186767578125,
        0.0811767578125
    ],
    "eva": [
        0.9999948740005493,
        1.1879941475001488e-08,
        5.0909657147713006e-06
    ]
}