{
    "captions": [
        "painting",
        "a hummingbird",
        "the sky",
        "a blue background"
    ],
    "metaclip": [
        0.012999376282095909,
        0.9861084818840027,
        0.0008678130689077079,
        2.4274973839055747e-05
    ],
    "clip": [
        0.1141357421875,
        0.8837890625,
        0.0007634162902832031,
        0.001068115234375
    ],
    "eva": [
        1.7704279571262305e-06,
        0.9999982118606567,
        1.9244412378764675e-13,
        3.7844652813010665e-14
    ]
}