{
    "captions": [
        "a branch",
        "a stuffed koala bear",
        "a close"
    ],
    "metaclip": [
        0.022113917395472527,
        0.9644349813461304,
        0.013451172038912773
    ],
    "clip": [
        0.0009102821350097656,
        0.998046875,
        0.0010805130004882812
    ],
    "eva": [
        1.804117133463734e-10,
        1.0,
        8.212370339322206e-09
    ]
}