{
    "captions": [
        "a red comb",
        "painting",
        "a rooster",
        "a white beak"
    ],
    "metaclip": [
        0.0021779241506010294,
        0.00011123276635771617,
        0.9911115765571594,
        0.006599197629839182
    ],
    "clip": [
        0.018524169921875,
        0.000614166259765625,
        0.96533203125,
        0.01535797119140625
    ],
    "eva": [
        8.329948997243264e-08,
        4.023655714169294e-11,
        0.9999998807907104,
        1.0223376589735267e-09
    ]
}