{
    "captions": [
        "painting",
        "a white surface",
        "a blue tail",
        "a bird"
    ],
    "metaclip": [
        0.001485814223997295,
        3.0772105674259365e-05,
        0.006007255055010319,
        0.9924761652946472
    ],
    "clip": [
        0.0150299072265625,
        0.008636474609375,
        0.10272216796875,
        0.87353515625
    ],
    "eva": [
        2.5389252922281003e-09,
        1.9067852852217015e-10,
        3.665962822196889e-08,
        1.0
    ]
}