{
    "captions": [
        "a wall",
        "squares",
        "a dog",
        "arafed image",
        "front"
    ],
    "metaclip": [
        0.001401857822202146,
        0.9813700318336487,
        0.00989107508212328,
        0.0037310642655938864,
        0.0036058644764125347
    ],
    "clip": [
        0.0028820037841796875,
        0.91259765625,
        0.0021419525146484375,
        0.082275390625,
        0.0003108978271484375
    ],
    "eva": [
        6.9763173087267205e-06,
        0.9999926090240479,
        1.6855426565598464e-07,
        2.542033250563236e-08,
        1.9357767655492353e-07
    ]
}