{
    "captions": [
        "a rabbit",
        "trees",
        "a painting",
        "a blue background"
    ],
    "metaclip": [
        0.9971491694450378,
        0.0004261955909896642,
        0.002142826560884714,
        0.0002818442299030721
    ],
    "clip": [
        0.98095703125,
        3.606081008911133e-05,
        0.0146636962890625,
        0.004268646240234375
    ],
    "eva": [
        1.0,
        8.041795853362677e-14,
        2.947964317101537e-09,
        1.6579909645729474e-13
    ]
}