{
    "captions": [
        "a blue and white tile wall",
        "arafed horse"
    ],
    "metaclip": [
        0.0034608663991093636,
        0.9965391159057617
    ],
    "clip": [
        0.0335693359375,
        0.9658203125
    ],
    "eva": [
        1.3826090494717391e-08,
        1.0
    ]
}