{
    "captions": [
        "the beach",
        "the sand",
        "a rabbit"
    ],
    "metaclip": [
        0.0011470622848719358,
        0.006801037583500147,
        0.9920519590377808
    ],
    "clip": [
        0.0007777214050292969,
        0.0018367767333984375,
        0.99755859375
    ],
    "eva": [
        1.0683568696379098e-08,
        7.624651132687177e-09,
        1.0
    ]
}