{
    "captions": [
        "a branch",
        "the tree",
        "that",
        "a bird"
    ],
    "metaclip": [
        0.03012324683368206,
        0.003342251991853118,
        0.031787674874067307,
        0.9347468614578247
    ],
    "clip": [
        0.067138671875,
        0.017242431640625,
        0.002685546875,
        0.91259765625
    ],
    "eva": [
        9.325275129867805e-08,
        1.415164209775388e-12,
        1.290703632861323e-08,
        0.9999998807907104
    ]
}