{
    "captions": [
        "a field",
        "a rabbit",
        "trees",
        "the background",
        "painting"
    ],
    "metaclip": [
        0.0003574071160983294,
        0.9975873231887817,
        0.0003132338169962168,
        5.752244760515168e-05,
        0.0016844610217958689
    ],
    "clip": [
        0.00017523765563964844,
        0.9912109375,
        7.092952728271484e-06,
        0.00035953521728515625,
        0.0079345703125
    ],
    "eva": [
        1.0011005696294872e-12,
        1.0,
        3.865596468681336e-14,
        4.965458925108857e-13,
        4.384803187207353e-09
    ]
}