{
    "captions": [
        "a close",
        "a glacier",
        "a crab",
        "a white surface"
    ],
    "metaclip": [
        0.00022296745737548918,
        0.0029419593047350645,
        0.9968223571777344,
        1.2747135770041496e-05
    ],
    "clip": [
        0.0011091232299804688,
        0.0021038055419921875,
        0.99267578125,
        0.00424957275390625
    ],
    "eva": [
        5.869166264105274e-11,
        3.781595481200384e-09,
        1.0,
        4.981946387545844e-13
    ]
}