{
    "captions": [
        "the air",
        "a hummingbird",
        "painting",
        "a colorful background"
    ],
    "metaclip": [
        0.0032861661165952682,
        0.979377031326294,
        0.016487715765833855,
        0.0008491273620165884
    ],
    "clip": [
        0.0003552436828613281,
        0.94921875,
        0.048004150390625,
        0.0022106170654296875
    ],
    "eva": [
        3.020224695338136e-11,
        0.9999978542327881,
        2.173069333366584e-06,
        1.0235354785947948e-09
    ]
}