{
    "captions": [
        "a purple background",
        "painting",
        "a colorful wing",
        "a butterfly"
    ],
    "metaclip": [
        0.00048030330799520016,
        0.0152399567887187,
        0.20518803596496582,
        0.7790917158126831
    ],
    "clip": [
        0.0167999267578125,
        0.0966796875,
        0.1260986328125,
        0.76025390625
    ],
    "eva": [
        1.1565619573161712e-09,
        7.0844330366526265e-06,
        0.022749660536646843,
        0.9772432446479797
    ]
}