{
    "captions": [
        "a small animal",
        "the grass",
        "that"
    ],
    "metaclip": [
        0.7997778058052063,
        0.11854714900255203,
        0.08167502284049988
    ],
    "clip": [
        0.96435546875,
        0.01213836669921875,
        0.023406982421875
    ],
    "eva": [
        0.9992212057113647,
        4.868588803219609e-05,
        0.0007300317520275712
    ]
}