{
    "captions": [
        "a clock",
        "a building",
        "a picture",
        "it"
    ],
    "metaclip": [
        0.08321446925401688,
        0.015524574555456638,
        0.5391920208930969,
        0.36206889152526855
    ],
    "clip": [
        0.315673828125,
        0.09478759765625,
        0.5810546875,
        0.0082855224609375
    ],
    "eva": [
        8.85815598650197e-09,
        5.187055646116434e-11,
        0.9980681538581848,
        0.0019318247213959694
    ]
}