{
    "captions": [
        "a building",
        "a clock",
        "a picture",
        "it"
    ],
    "metaclip": [
        0.015524575486779213,
        0.08321447670459747,
        0.5391920804977417,
        0.36206892132759094
    ],
    "clip": [
        0.09478759765625,
        0.315673828125,
        0.5810546875,
        0.0082855224609375
    ],
    "eva": [
        5.187055646116434e-11,
        8.85815598650197e-09,
        0.9980681538581848,
        0.0019318247213959694
    ]
}