{
    "captions": [
        "the screen",
        "a picture",
        "a computer monitor",
        "a waterfall",
        "a close"
    ],
    "metaclip": [
        0.12466131150722504,
        0.0031070320401340723,
        0.8716089725494385,
        0.00012237337068654597,
        0.000500329362694174
    ],
    "clip": [
        0.1177978515625,
        0.00696563720703125,
        0.87060546875,
        0.0028591156005859375,
        0.001949310302734375
    ],
    "eva": [
        9.595639482995466e-08,
        0.012269951403141022,
        0.9877299666404724,
        2.866346222873961e-11,
        6.353205461717693e-11
    ]
}