{
    "captions": [
        "a bear",
        "that",
        "the woods"
    ],
    "metaclip": [
        0.9757448434829712,
        0.0005666406941600144,
        0.023688573390245438
    ],
    "clip": [
        0.9912109375,
        0.00026297569274902344,
        0.008575439453125
    ],
    "eva": [
        1.0,
        2.6324829902751867e-12,
        2.6470987624094278e-09
    ]
}