{
    "captions": [
        "cars",
        "the side",
        "painting",
        "a large quarry",
        "a lot"
    ],
    "metaclip": [
        0.0005902592092752457,
        0.0009950147941708565,
        0.005925493780523539,
        0.9877025485038757,
        0.004786700010299683
    ],
    "clip": [
        0.0016422271728515625,
        2.1159648895263672e-05,
        0.049530029296875,
        0.94921875,
        8.046627044677734e-05
    ],
    "eva": [
        4.155065912647346e-14,
        8.872318434409096e-14,
        1.252278987971811e-13,
        1.0,
        3.8445434336065176e-11
    ]
}