{
    "captions": [
        "that",
        "the snow",
        "a branch",
        "a bird"
    ],
    "metaclip": [
        0.0007401733892038465,
        0.00897402223199606,
        0.003744605230167508,
        0.9865411520004272
    ],
    "clip": [
        0.0010805130004882812,
        0.381591796875,
        0.007556915283203125,
        0.60986328125
    ],
    "eva": [
        6.288873919402249e-07,
        8.803107220956008e-07,
        3.937802262043988e-08,
        0.9999984502792358
    ]
}