{
    "captions": [
        "a black rabbit",
        "the ocean",
        "the beach"
    ],
    "metaclip": [
        0.9965441823005676,
        0.0020157762337476015,
        0.0014400910586118698
    ],
    "clip": [
        0.9912109375,
        0.00020015239715576172,
        0.0083160400390625
    ],
    "eva": [
        0.9999973773956299,
        3.8566874138723506e-08,
        2.5864267172437394e-06
    ]
}