{
    "captions": [
        "the snow",
        "a bear",
        "that"
    ],
    "metaclip": [
        0.007154413498938084,
        0.9911393523216248,
        0.0017062172992154956
    ],
    "clip": [
        0.004329681396484375,
        0.9951171875,
        0.00044226646423339844
    ],
    "eva": [
        1.5656558716159452e-08,
        1.0,
        1.3487739813911048e-08
    ]
}