{
    "captions": [
        "a red tail",
        "a red head"
    ],
    "metaclip": [
        0.0897759422659874,
        0.9102240800857544
    ],
    "clip": [
        0.11279296875,
        0.88720703125
    ],
    "eva": [
        0.024351797997951508,
        0.9756482243537903
    ]
}