{
    "captions": [
        "a cutting board",
        "a counter",
        "a knife"
    ],
    "metaclip": [
        0.9941319823265076,
        0.0006570098339579999,
        0.005210937466472387
    ],
    "clip": [
        0.998046875,
        0.0009388923645019531,
        0.0006060600280761719
    ],
    "eva": [
        1.0,
        4.5191034074576475e-12,
        1.6825090654037922e-08
    ]
}