{
    "captions": [
        "painting",
        "a tree branch",
        "the woods",
        "a squirrel"
    ],
    "metaclip": [
        0.0013083785306662321,
        0.000541196670383215,
        0.000586040026973933,
        0.997564435005188
    ],
    "clip": [
        0.011627197265625,
        0.00127410888671875,
        0.01947021484375,
        0.9677734375
    ],
    "eva": [
        1.032204011153226e-07,
        1.5443285539262774e-11,
        4.56072346555203e-10,
        0.9999998807907104
    ]
}