{
    "captions": [
        "a hummingbird",
        "flight",
        "painting",
        "a colorful background"
    ],
    "metaclip": [
        0.980297863483429,
        0.010673768818378448,
        0.006543500814586878,
        0.002484831726178527
    ],
    "clip": [
        0.67333984375,
        0.06878662109375,
        0.2220458984375,
        0.03570556640625
    ],
    "eva": [
        0.9999990463256836,
        3.6222914445716015e-07,
        3.9743798652125406e-07,
        2.704760788674321e-07
    ]
}