{
    "captions": [
        "keyboard",
        "a desk",
        "a computer monitor"
    ],
    "metaclip": [
        0.062369246035814285,
        0.06643452495336533,
        0.8711962699890137
    ],
    "clip": [
        0.0855712890625,
        0.25146484375,
        0.66259765625
    ],
    "eva": [
        0.0032094253692775965,
        0.04249327629804611,
        0.9542973041534424
    ]
}