{
    "captions": [
        "a rock",
        "the grass",
        "that",
        "a squirrel"
    ],
    "metaclip": [
        0.0012578294845297933,
        0.0012976237339898944,
        0.00258861412294209,
        0.9948558807373047
    ],
    "clip": [
        1.6391277313232422e-05,
        0.002758026123046875,
        8.13603401184082e-05,
        0.9970703125
    ],
    "eva": [
        3.4336896254918634e-14,
        3.4984725619940926e-12,
        1.2373001512244741e-09,
        1.0
    ]
}