{
    "captions": [
        "a red race car",
        "arafed photo",
        "a track"
    ],
    "metaclip": [
        0.9973196387290955,
        0.00056647346355021,
        0.0021139131858944893
    ],
    "clip": [
        0.9091796875,
        0.059051513671875,
        0.0311126708984375
    ],
    "eva": [
        0.9999829530715942,
        2.0342167950104795e-09,
        1.7072647096938454e-05
    ]
}