{
    "captions": [
        "painting",
        "a nest",
        "a forest",
        "a rabbit"
    ],
    "metaclip": [
        0.0036946029867976904,
        0.003380098380148411,
        0.0021565270144492388,
        0.9907687306404114
    ],
    "clip": [
        0.01256561279296875,
        0.0013246536254882812,
        0.0030803680419921875,
        0.98291015625
    ],
    "eva": [
        2.5434621075959285e-09,
        7.87392200052306e-12,
        4.6971515565985555e-09,
        1.0
    ]
}