{
    "captions": [
        "a squirrel",
        "a flower bed",
        "that"
    ],
    "metaclip": [
        0.9868842363357544,
        0.012291849590837955,
        0.0008238592417910695
    ],
    "clip": [
        0.9208984375,
        0.0792236328125,
        0.00013077259063720703
    ],
    "eva": [
        0.9999994039535522,
        6.070423523851787e-07,
        1.2372829427675924e-09
    ]
}