{
    "captions": [
        "a green van",
        "a road",
        "the background",
        "a forest",
        "painting"
    ],
    "metaclip": [
        0.9997519850730896,
        3.360726987011731e-05,
        2.0585604943335056e-05,
        1.8322560208616778e-05,
        0.0001754133845679462
    ],
    "clip": [
        1.0,
        5.364418029785156e-06,
        1.9550323486328125e-05,
        8.285045623779297e-06,
        6.139278411865234e-06
    ],
    "eva": [
        1.0,
        8.08297283543414e-15,
        1.0709898647153787e-17,
        5.220548868756767e-16,
        2.652204788728958e-15
    ]
}