{
    "captions": [
        "a close",
        "the ocean",
        "a rock",
        "a crab"
    ],
    "metaclip": [
        0.0001287112245336175,
        0.0012186908861622214,
        0.0002363954990869388,
        0.9984161853790283
    ],
    "clip": [
        0.0012674331665039062,
        0.00826263427734375,
        0.00478363037109375,
        0.98583984375
    ],
    "eva": [
        1.8006028959516307e-11,
        6.125194101924691e-11,
        1.702582194153257e-12,
        1.0
    ]
}