{
    "captions": [
        "flight",
        "painting",
        "a colorful hummingbird",
        "a green background"
    ],
    "metaclip": [
        0.003183850785717368,
        0.0027808097656816244,
        0.9939610958099365,
        7.433824066538364e-05
    ],
    "clip": [
        0.02313232421875,
        0.036956787109375,
        0.9384765625,
        0.0016756057739257812
    ],
    "eva": [
        9.951126034302149e-11,
        9.040893034217845e-10,
        1.0,
        5.1373941223124855e-17
    ]
}