{
    "captions": [
        "a blue background",
        "different colors",
        "a pattern",
        "circles"
    ],
    "metaclip": [
        0.0032096446957439184,
        0.006916158366948366,
        0.213907390832901,
        0.7759668231010437
    ],
    "clip": [
        0.412841796875,
        0.01033782958984375,
        0.1890869140625,
        0.387939453125
    ],
    "eva": [
        2.729190600803122e-05,
        1.2027022421534639e-05,
        0.02523769997060299,
        0.9747229218482971
    ]
}