{
    "captions": [
        "a black and white photo",
        "a plaid background"
    ],
    "metaclip": [
        0.01664554327726364,
        0.983354389667511
    ],
    "clip": [
        0.06658935546875,
        0.93359375
    ],
    "eva": [
        0.8580782413482666,
        0.1419217437505722
    ]
}