{
    "captions": [
        "green leaves",
        "a plant"
    ],
    "metaclip": [
        0.1985396295785904,
        0.8014603853225708
    ],
    "clip": [
        0.10821533203125,
        0.89208984375
    ],
    "eva": [
        1.8140262909582816e-05,
        0.9999818801879883
    ]
}