{
    "captions": [
        "it",
        "a variety",
        "fish",
        "a fish tank"
    ],
    "metaclip": [
        0.0018889611819759011,
        0.011625977233052254,
        0.1638757437467575,
        0.8226092457771301
    ],
    "clip": [
        0.0001131296157836914,
        0.003631591796875,
        0.376220703125,
        0.6201171875
    ],
    "eva": [
        0.00013667454186361283,
        2.132514418917708e-05,
        0.06985697895288467,
        0.929984986782074
    ]
}