{
    "captions": [
        "it",
        "face",
        "a big smile",
        "a dog",
        "arafed image"
    ],
    "metaclip": [
        0.056217510253190994,
        0.5014016032218933,
        0.04772492125630379,
        0.22691205143928528,
        0.16774389147758484
    ],
    "clip": [
        0.002655029296875,
        0.02154541015625,
        0.00330352783203125,
        0.034698486328125,
        0.9375
    ],
    "eva": [
        0.09156651794910431,
        0.8999819159507751,
        5.418789078248665e-05,
        0.0005424365517683327,
        0.007854909636080265
    ]
}