{
    "captions": [
        "a monitor",
        "multiple pictures",
        "it",
        "a close"
    ],
    "metaclip": [
        0.9965614676475525,
        0.0012432705843821168,
        0.0021135518327355385,
        8.167057239916176e-05
    ],
    "clip": [
        0.84423828125,
        0.15380859375,
        0.00019311904907226562,
        0.0016298294067382812
    ],
    "eva": [
        1.0,
        1.996411022608946e-11,
        2.6185356105656865e-09,
        7.798291092736553e-13
    ]
}