{
    "captions": [
        "its mouth",
        "a fish",
        "the ocean",
        "arafed shark swimming"
    ],
    "metaclip": [
        0.0008594337850809097,
        0.002111209789291024,
        0.001100944704376161,
        0.9959283471107483
    ],
    "clip": [
        0.01068878173828125,
        0.009429931640625,
        0.0026607513427734375,
        0.97705078125
    ],
    "eva": [
        1.7302912880268195e-08,
        1.8699891768392263e-07,
        8.373902266045619e-11,
        0.9999997615814209
    ]
}