{
    "captions": [
        "a bicycle",
        "a picture",
        "a wall"
    ],
    "metaclip": [
        0.9981348514556885,
        0.001559324562549591,
        0.00030583637999370694
    ],
    "clip": [
        0.994140625,
        0.00555419921875,
        6.669759750366211e-05
    ],
    "eva": [
        0.9999947547912598,
        5.2037075874977745e-06,
        1.9938931961668155e-14
    ]
}