{
    "captions": [
        "a tree",
        "that",
        "a squirrel"
    ],
    "metaclip": [
        0.010213449597358704,
        0.0012677423655986786,
        0.9885187745094299
    ],
    "clip": [
        0.00498199462890625,
        7.164478302001953e-05,
        0.9951171875
    ],
    "eva": [
        1.9678459466376808e-06,
        8.147238439448756e-11,
        0.9999979734420776
    ]
}