{
    "captions": [
        "a lizard",
        "the ground",
        "that"
    ],
    "metaclip": [
        0.9926080703735352,
        0.0027122029569000006,
        0.004679790697991848
    ],
    "clip": [
        0.98828125,
        0.007785797119140625,
        0.0034542083740234375
    ],
    "eva": [
        0.9999998807907104,
        6.439055560449047e-13,
        7.170845606196963e-08
    ]
}