{
    "captions": [
        "top",
        "a rabbit",
        "a blue blanket",
        "a painting"
    ],
    "metaclip": [
        0.0002878727682400495,
        0.9976950287818909,
        0.00017651529924478382,
        0.0018405178561806679
    ],
    "clip": [
        0.00554656982421875,
        0.96240234375,
        0.001800537109375,
        0.03045654296875
    ],
    "eva": [
        2.4596727432601995e-11,
        1.0,
        4.874292289236415e-11,
        8.060054845770992e-10
    ]
}