{
    "captions": [
        "night",
        "a wet road",
        "arafed truck"
    ],
    "metaclip": [
        0.041741520166397095,
        0.9450048804283142,
        0.013253585435450077
    ],
    "clip": [
        0.005214691162109375,
        0.662109375,
        0.332763671875
    ],
    "eva": [
        4.831042679143138e-05,
        0.9999516010284424,
        7.469635221468707e-08
    ]
}