{
    "captions": [
        "a large, circular pattern",
        "a dog",
        "arafed image"
    ],
    "metaclip": [
        0.9378038048744202,
        0.058450520038604736,
        0.003745743539184332
    ],
    "clip": [
        0.285888671875,
        0.66455078125,
        0.049652099609375
    ],
    "eva": [
        0.5271880030632019,
        0.4666610658168793,
        0.006150891073048115
    ]
}