{
    "captions": [
        "a suit",
        "arafed image",
        "front",
        "a wall",
        "a person"
    ],
    "metaclip": [
        0.023858830332756042,
        0.5759369134902954,
        0.09104131162166595,
        0.048638321459293365,
        0.2605246305465698
    ],
    "clip": [
        0.00211334228515625,
        0.9658203125,
        0.0020160675048828125,
        0.01187896728515625,
        0.01824951171875
    ],
    "eva": [
        5.156056886335136e-06,
        0.0961858332157135,
        0.6649664640426636,
        0.23878027498722076,
        6.23233281658031e-05
    ]
}