{
    "captions": [
        "a bird",
        "painting",
        "it",
        "a tree"
    ],
    "metaclip": [
        0.001265289611183107,
        0.007943335920572281,
        0.002112875459715724,
        0.9886783957481384
    ],
    "clip": [
        0.00420379638671875,
        0.01336669921875,
        0.0007138252258300781,
        0.98193359375
    ],
    "eva": [
        1.8668400159072007e-10,
        1.9023170538812195e-10,
        2.0850507431724452e-10,
        1.0
    ]
}