{
    "captions": [
        "a pink background",
        "blue and yellow colors"
    ],
    "metaclip": [
        0.2168499380350113,
        0.7831500172615051
    ],
    "clip": [
        0.31396484375,
        0.68603515625
    ],
    "eva": [
        0.010574040934443474,
        0.9894260168075562
    ]
}