{
    "captions": [
        "painting",
        "huge tires",
        "a monster truck",
        "a beach"
    ],
    "metaclip": [
        0.0003253534669056535,
        0.004998167511075735,
        0.9946539402008057,
        2.25468393182382e-05
    ],
    "clip": [
        0.0015115737915039062,
        0.06842041015625,
        0.93017578125,
        1.901388168334961e-05
    ],
    "eva": [
        2.1352079826453263e-11,
        6.684318941552192e-05,
        0.999933123588562,
        3.312145140945376e-14
    ]
}