{
    "captions": [
        "a blurry photo",
        "a train",
        "a train station"
    ],
    "metaclip": [
        0.9856509566307068,
        0.006840444635599852,
        0.0075085898861289024
    ],
    "clip": [
        0.95947265625,
        0.022918701171875,
        0.017303466796875
    ],
    "eva": [
        0.9807244539260864,
        0.004917683079838753,
        0.01435786858201027
    ]
}