{
    "captions": [
        "painting",
        "a red head",
        "a chicken"
    ],
    "metaclip": [
        0.0003403752052690834,
        0.0006258297944441438,
        0.9990338087081909
    ],
    "clip": [
        0.00217437744140625,
        0.004062652587890625,
        0.994140625
    ],
    "eva": [
        2.564211343258904e-10,
        2.4137909448995742e-08,
        1.0
    ]
}