{
    "captions": [
        "a red panda",
        "grass",
        "a forest",
        "painting",
        "trees"
    ],
    "metaclip": [
        0.9956761002540588,
        0.0003587160899769515,
        0.0025820366572588682,
        0.0009032202651724219,
        0.00047989157610572875
    ],
    "clip": [
        0.97705078125,
        0.0038089752197265625,
        0.004665374755859375,
        0.0135040283203125,
        0.0011796951293945312
    ],
    "eva": [
        1.0,
        3.111514206553291e-14,
        2.59539278957277e-10,
        6.896994780847265e-11,
        2.3346595483416093e-15
    ]
}