{
    "captions": [
        "a tree",
        "a branch",
        "arafed bird",
        "leaves"
    ],
    "metaclip": [
        0.0010976801859214902,
        0.007808451075106859,
        0.9903706908226013,
        0.0007230922346934676
    ],
    "clip": [
        0.00043964385986328125,
        0.0027141571044921875,
        0.9970703125,
        0.0002193450927734375
    ],
    "eva": [
        2.10293907287884e-10,
        4.1532885575179534e-07,
        0.9999996423721313,
        4.788316618209443e-11
    ]
}