{
    "captions": [
        "a desk",
        "a printer",
        "a computer",
        "the background",
        "a close"
    ],
    "metaclip": [
        0.005846168380230665,
        0.9774304032325745,
        0.015117514878511429,
        0.0007951156003400683,
        0.0008107236353680491
    ],
    "clip": [
        0.004711151123046875,
        0.98583984375,
        0.009368896484375,
        8.404254913330078e-06,
        7.551908493041992e-05
    ],
    "eva": [
        2.0432060409802943e-05,
        0.9999784231185913,
        1.198504264721123e-06,
        2.541907080601171e-14,
        1.7870153273813472e-11
    ]
}