{
    "captions": [
        "a beach",
        "a blue sky",
        "a crab",
        "a close"
    ],
    "metaclip": [
        0.00026875713956542313,
        1.1466582691355143e-05,
        0.9996378421783447,
        8.199585136026144e-05
    ],
    "clip": [
        0.001621246337890625,
        0.0001748800277709961,
        0.9970703125,
        0.0009531974792480469
    ],
    "eva": [
        3.504853005042996e-11,
        9.966933292764783e-18,
        1.0,
        2.9535714152206793e-12
    ]
}