{
    "captions": [
        "a flower",
        "a butterfly",
        "painting",
        "a blue background"
    ],
    "metaclip": [
        0.0035306147765368223,
        0.967606782913208,
        0.02813006564974785,
        0.000732542248442769
    ],
    "clip": [
        0.003509521484375,
        0.8857421875,
        0.1025390625,
        0.007785797119140625
    ],
    "eva": [
        4.6165676836906755e-10,
        0.9999954700469971,
        4.482680651562987e-06,
        8.789501244887976e-12
    ]
}