{
    "captions": [
        "a black background",
        "a wolf's face",
        "a black and white photo"
    ],
    "metaclip": [
        0.002935933880507946,
        0.9965620636940002,
        0.0005019447999075055
    ],
    "clip": [
        0.0002961158752441406,
        1.0,
        3.618001937866211e-05
    ],
    "eva": [
        6.437793445002171e-07,
        0.9999991655349731,
        2.081563508227191e-07
    ]
}