{
    "captions": [
        "a leafy tree",
        "a painting",
        "a colorful bird"
    ],
    "metaclip": [
        0.0006908360519446433,
        0.09883914887905121,
        0.900469958782196
    ],
    "clip": [
        0.0006756782531738281,
        0.119140625,
        0.88037109375
    ],
    "eva": [
        3.8238062889661695e-12,
        0.00033264170633628964,
        0.9996674060821533
    ]
}