{
    "captions": [
        "a printer",
        "a wooden floor",
        "a close"
    ],
    "metaclip": [
        0.9999477863311768,
        5.044841145718237e-06,
        4.7177007218124345e-05
    ],
    "clip": [
        1.0,
        1.0728836059570312e-06,
        3.618001937866211e-05
    ],
    "eva": [
        1.0,
        1.0773880465347278e-14,
        6.7268334999481816e-12
    ]
}