{
    "captions": [
        "that",
        "a squirrel",
        "a tree trunk"
    ],
    "metaclip": [
        0.00022732160869054496,
        0.9870593547821045,
        0.012713349424302578
    ],
    "clip": [
        8.308887481689453e-05,
        0.9951171875,
        0.004535675048828125
    ],
    "eva": [
        1.3132943621485538e-09,
        0.9999985694885254,
        1.4870871609673486e-06
    ]
}