{
    "captions": [
        "a fish",
        "the ocean",
        "the bottom",
        "a shark swimming"
    ],
    "metaclip": [
        0.0034756495151668787,
        0.002310499781742692,
        7.874611765146255e-05,
        0.9941351413726807
    ],
    "clip": [
        0.0031681060791015625,
        0.001567840576171875,
        0.0002968311309814453,
        0.9951171875
    ],
    "eva": [
        4.099033219517878e-07,
        2.033075485741165e-09,
        3.718614771577172e-13,
        0.9999996423721313
    ]
}