{
    "captions": [
        "a rabbit",
        "a rock",
        "painting",
        "a field"
    ],
    "metaclip": [
        0.9893333315849304,
        0.0008017646614462137,
        0.008775654248893261,
        0.0010892909485846758
    ],
    "clip": [
        0.9853515625,
        0.0004246234893798828,
        0.0128021240234375,
        0.0009126663208007812
    ],
    "eva": [
        1.0,
        1.004434382889663e-12,
        7.321695694173513e-09,
        1.4720855827723978e-12
    ]
}