{
    "captions": [
        "a close",
        "a green field",
        "a small pig"
    ],
    "metaclip": [
        0.0002619379374664277,
        0.00013541166845243424,
        0.999602735042572
    ],
    "clip": [
        0.0004725456237792969,
        0.00036525726318359375,
        0.9990234375
    ],
    "eva": [
        2.409749622067636e-10,
        2.5390920269097172e-11,
        1.0
    ]
}