{
    "captions": [
        "a duck",
        "the ground",
        "that"
    ],
    "metaclip": [
        0.9997262358665466,
        2.7195319489692338e-05,
        0.0002465385477989912
    ],
    "clip": [
        0.9990234375,
        0.00021135807037353516,
        0.0009546279907226562
    ],
    "eva": [
        1.0,
        1.9841309720431202e-14,
        1.1302415253711118e-10
    ]
}