{
    "captions": [
        "a green leaf",
        "a banana",
        "it",
        "a close"
    ],
    "metaclip": [
        0.18305696547031403,
        0.7581772208213806,
        0.04369024932384491,
        0.01507555041462183
    ],
    "clip": [
        0.06890869140625,
        0.921875,
        0.00531005859375,
        0.003887176513671875
    ],
    "eva": [
        0.8946534395217896,
        0.04200053587555885,
        0.06243516132235527,
        0.0009108281810767949
    ]
}