{
    "captions": [
        "a close",
        "a table",
        "a printer",
        "a cell phone"
    ],
    "metaclip": [
        8.924261783249676e-05,
        0.00012603723735082895,
        0.9995806813240051,
        0.00020397624757606536
    ],
    "clip": [
        9.894371032714844e-06,
        4.231929779052734e-06,
        1.0,
        7.987022399902344e-06
    ],
    "eva": [
        3.0800685352910806e-12,
        9.81376330026762e-13,
        1.0,
        5.542993532999492e-17
    ]
}