{
    "captions": [
        "a field",
        "painting",
        "an elephant",
        "a sky background"
    ],
    "metaclip": [
        0.0009475024999119341,
        0.0010550395818427205,
        0.9979255199432373,
        7.18468872946687e-05
    ],
    "clip": [
        0.00011169910430908203,
        0.005218505859375,
        0.994140625,
        7.325410842895508e-05
    ],
    "eva": [
        1.4677034544316458e-12,
        7.438357929601125e-09,
        1.0,
        7.657849513836268e-17
    ]
}