{
    "captions": [
        "a building",
        "a large tiger statue",
        "front"
    ],
    "metaclip": [
        0.0032123988494277,
        0.9929379820823669,
        0.003849595785140991
    ],
    "clip": [
        4.982948303222656e-05,
        1.0,
        3.349781036376953e-05
    ],
    "eva": [
        4.914998963378991e-10,
        1.0,
        2.495452067208248e-09
    ]
}