{
    "captions": [
        "painting",
        "a forest",
        "trees",
        "a bear"
    ],
    "metaclip": [
        0.0010877448366954923,
        0.009853330440819263,
        0.0008151231450028718,
        0.988243818283081
    ],
    "clip": [
        0.00890350341796875,
        0.0269927978515625,
        0.01274871826171875,
        0.951171875
    ],
    "eva": [
        2.2187385262384396e-10,
        1.4966772141633555e-05,
        9.366778186414848e-12,
        0.9999849796295166
    ]
}