{
    "captions": [
        "a person",
        "a shadow",
        "a wall",
        "front"
    ],
    "metaclip": [
        0.04952280595898628,
        0.49456846714019775,
        0.398505836725235,
        0.05740287899971008
    ],
    "clip": [
        0.07904052734375,
        0.13134765625,
        0.7861328125,
        0.0035839080810546875
    ],
    "eva": [
        0.0001233299117302522,
        0.11873192340135574,
        0.8667535185813904,
        0.014391130767762661
    ]
}