{
    "captions": [
        "a white surface",
        "pink beak",
        "yellow duck"
    ],
    "metaclip": [
        0.00011308724788250402,
        0.07014422863721848,
        0.929742693901062
    ],
    "clip": [
        2.3543834686279297e-05,
        0.0014553070068359375,
        0.99853515625
    ],
    "eva": [
        4.714521856946392e-15,
        1.843963985947994e-07,
        0.9999997615814209
    ]
}