{
    "captions": [
        "a camera",
        "its mouth",
        "a dog",
        "arafed image"
    ],
    "metaclip": [
        0.0338103212416172,
        0.5962648987770081,
        0.12142817676067352,
        0.2484966367483139
    ],
    "clip": [
        0.0022182464599609375,
        0.180419921875,
        0.03363037109375,
        0.78369140625
    ],
    "eva": [
        0.00036223395727574825,
        0.991199791431427,
        0.0010363860055804253,
        0.0074015092104673386
    ]
}