{
    "captions": [
        "a table",
        "that",
        "a butterfly"
    ],
    "metaclip": [
        0.001963042886927724,
        0.025906547904014587,
        0.9721304774284363
    ],
    "clip": [
        0.00014197826385498047,
        0.0002570152282714844,
        0.99951171875
    ],
    "eva": [
        8.624339090101962e-12,
        3.7811073383409166e-08,
        1.0
    ]
}