{
    "captions": [
        "an elephant",
        "a picture",
        "the grass",
        "that"
    ],
    "metaclip": [
        0.9860738515853882,
        0.007584458217024803,
        0.001517930650152266,
        0.004823826253414154
    ],
    "clip": [
        0.978515625,
        0.019683837890625,
        0.0009646415710449219,
        0.0007753372192382812
    ],
    "eva": [
        0.999991774559021,
        8.276930202555377e-06,
        5.770858508939714e-14,
        7.794421108542338e-09
    ]
}