{
    "captions": [
        "a horse",
        "head",
        "a bridle",
        "it"
    ],
    "metaclip": [
        0.858386754989624,
        0.010380408726632595,
        0.1306518316268921,
        0.0005810642032884061
    ],
    "clip": [
        0.572265625,
        0.002231597900390625,
        0.42529296875,
        0.0002142190933227539
    ],
    "eva": [
        0.9999911785125732,
        1.3099643183522858e-06,
        7.484199159080163e-06,
        1.445599973060041e-09
    ]
}