{
    "captions": [
        "a square pattern",
        "a person's face",
        "arafed image"
    ],
    "metaclip": [
        0.9943134784698486,
        0.0004427246458362788,
        0.00524382758885622
    ],
    "clip": [
        0.96875,
        0.0012454986572265625,
        0.030181884765625
    ],
    "eva": [
        0.9999995231628418,
        5.0842302812270646e-08,
        4.808333073924587e-07
    ]
}