{
    "captions": [
        "a circle pattern",
        "arafed image",
        "a dog",
        "it"
    ],
    "metaclip": [
        0.5813656449317932,
        0.0024571227841079235,
        0.41254571080207825,
        0.003631558269262314
    ],
    "clip": [
        0.41552734375,
        0.04180908203125,
        0.5419921875,
        0.00028824806213378906
    ],
    "eva": [
        0.3832767903804779,
        1.914953884352144e-07,
        0.6167086958885193,
        1.426187009201385e-05
    ]
}