{
    "captions": [
        "a purple background",
        "painting",
        "a man",
        "a horse"
    ],
    "metaclip": [
        0.025258881971240044,
        0.0028008015360683203,
        0.018770486116409302,
        0.9531698822975159
    ],
    "clip": [
        0.0146942138671875,
        0.04669189453125,
        0.000606536865234375,
        0.9375
    ],
    "eva": [
        1.1404265478631714e-06,
        2.1198369282160456e-08,
        1.8911352128725412e-07,
        0.9999986886978149
    ]
}