{
    "captions": [
        "underwater photograph",
        "a scuba suit diving",
        "a person"
    ],
    "metaclip": [
        0.34714987874031067,
        0.6508266925811768,
        0.002023449633270502
    ],
    "clip": [
        0.11273193359375,
        0.88671875,
        0.000316619873046875
    ],
    "eva": [
        4.445286322152242e-06,
        0.9999955892562866,
        9.529593780754908e-10
    ]
}