{
    "captions": [
        "a lot",
        "the ocean",
        "arafed shark swimming",
        "fish"
    ],
    "metaclip": [
        0.00012135045835748315,
        0.0014184607425704598,
        0.9957430958747864,
        0.002717165043577552
    ],
    "clip": [
        0.0001043081283569336,
        0.004947662353515625,
        0.98828125,
        0.006870269775390625
    ],
    "eva": [
        4.859525004619059e-10,
        2.952458832972127e-10,
        1.0,
        4.638703643422559e-08
    ]
}