{
    "captions": [
        "painting",
        "a dog",
        "a wave",
        "a beach"
    ],
    "metaclip": [
        0.7654280066490173,
        0.03363896533846855,
        0.1637701541185379,
        0.03716285154223442
    ],
    "clip": [
        0.82568359375,
        0.039825439453125,
        0.11895751953125,
        0.01560211181640625
    ],
    "eva": [
        0.9996041655540466,
        1.899987523756863e-06,
        0.0003799393307417631,
        1.4023671610630117e-05
    ]
}