{
    "captions": [
        "a stuffed rabbit",
        "a table",
        "that"
    ],
    "metaclip": [
        0.9836529493331909,
        0.002461980562657118,
        0.013885081745684147
    ],
    "clip": [
        0.9990234375,
        0.0002377033233642578,
        0.0006666183471679688
    ],
    "eva": [
        1.0,
        4.791819542613977e-14,
        5.019177087839388e-11
    ]
}