{
    "captions": [
        "its mouth",
        "a lion",
        "arafed image"
    ],
    "metaclip": [
        0.0375492125749588,
        0.9567341804504395,
        0.005716653075069189
    ],
    "clip": [
        0.03564453125,
        0.9482421875,
        0.016571044921875
    ],
    "eva": [
        3.9788039885024773e-07,
        0.9999996423721313,
        3.47826628610548e-11
    ]
}