{
    "captions": [
        "a wooden holder",
        "a table",
        "four wine glasses"
    ],
    "metaclip": [
        0.9929460883140564,
        0.006893032230436802,
        0.00016091455472633243
    ],
    "clip": [
        0.92431640625,
        0.005413055419921875,
        0.0701904296875
    ],
    "eva": [
        1.0,
        4.9218686903884645e-09,
        1.7955647385603513e-11
    ]
}