{
    "captions": [
        "painting",
        "a branch",
        "a squirrel",
        "a blue bowl"
    ],
    "metaclip": [
        0.003458745079115033,
        0.002048140624538064,
        0.9944400787353516,
        5.310259075486101e-05
    ],
    "clip": [
        0.006900787353515625,
        0.0005240440368652344,
        0.99267578125,
        3.0994415283203125e-05
    ],
    "eva": [
        1.0779499515223279e-09,
        6.009773789728001e-10,
        1.0,
        2.6054164251401724e-14
    ]
}