{
    "captions": [
        "a black background",
        "a leaf"
    ],
    "metaclip": [
        0.04652697965502739,
        0.9534730315208435
    ],
    "clip": [
        0.3701171875,
        0.6298828125
    ],
    "eva": [
        1.2973640878044534e-05,
        0.999987006187439
    ]
}