{
    "captions": [
        "the ocean",
        "a coral reef",
        "a shark swimming"
    ],
    "metaclip": [
        0.0074169691652059555,
        0.03202785179018974,
        0.9605551958084106
    ],
    "clip": [
        0.002471923828125,
        0.045928955078125,
        0.95166015625
    ],
    "eva": [
        2.6822174703511337e-08,
        3.494415432214737e-05,
        0.9999650716781616
    ]
}