{
    "captions": [
        "a red bow",
        "a woman",
        "a dress",
        "arafed image"
    ],
    "metaclip": [
        0.020316198468208313,
        0.07317735254764557,
        0.06260120868682861,
        0.8439052700996399
    ],
    "clip": [
        0.01151275634765625,
        0.03436279296875,
        0.01056671142578125,
        0.94384765625
    ],
    "eva": [
        0.00158996123354882,
        0.7507349252700806,
        0.08630063384771347,
        0.16137449443340302
    ]
}