{
    "captions": [
        "painting",
        "a blue sky",
        "a butterfly",
        "orange and black wings"
    ],
    "metaclip": [
        0.01495219673961401,
        0.0025023161433637142,
        0.7943362593650818,
        0.1882091909646988
    ],
    "clip": [
        0.125732421875,
        0.0013017654418945312,
        0.81982421875,
        0.05322265625
    ],
    "eva": [
        3.3916788311216806e-07,
        8.704815839498392e-13,
        0.999994158744812,
        5.427732048701728e-06
    ]
}