{
    "captions": [
        "a hummingbird",
        "painting",
        "flight",
        "a bright blue background"
    ],
    "metaclip": [
        0.9871044158935547,
        0.007736315485090017,
        0.005101857241243124,
        5.7283712521893904e-05
    ],
    "clip": [
        0.8505859375,
        0.10980224609375,
        0.03509521484375,
        0.0042572021484375
    ],
    "eva": [
        0.9999996423721313,
        3.45902122944608e-07,
        5.5250307440246615e-08,
        2.13956592243561e-14
    ]
}