{
    "captions": [
        "a bear",
        "that",
        "the woods"
    ],
    "metaclip": [
        0.9903119802474976,
        0.001498066121712327,
        0.0081898532807827
    ],
    "clip": [
        0.9775390625,
        0.0026607513427734375,
        0.0199737548828125
    ],
    "eva": [
        1.0,
        1.0566524738520044e-10,
        4.133189790422875e-09
    ]
}