{
    "captions": [
        "a branch",
        "that",
        "a squirrel"
    ],
    "metaclip": [
        0.008311950601637363,
        0.0004374511481728405,
        0.9912506341934204
    ],
    "clip": [
        0.006195068359375,
        5.27501106262207e-05,
        0.994140625
    ],
    "eva": [
        5.870932540119611e-08,
        2.0499628383685575e-10,
        1.0
    ]
}