{
    "captions": [
        "painting",
        "a colorful butterfly",
        "a green background"
    ],
    "metaclip": [
        0.013149287551641464,
        0.9861642718315125,
        0.0006865039467811584
    ],
    "clip": [
        0.0163726806640625,
        0.98193359375,
        0.0014085769653320312
    ],
    "eva": [
        2.3703661256035957e-08,
        1.0,
        2.5929107883552625e-16
    ]
}