{
    "captions": [
        "a purple surface",
        "painting",
        "a cat"
    ],
    "metaclip": [
        0.002375507727265358,
        0.0013774054823443294,
        0.9962471127510071
    ],
    "clip": [
        0.005268096923828125,
        0.03656005859375,
        0.9580078125
    ],
    "eva": [
        4.925744256922826e-10,
        6.086323667275906e-10,
        1.0
    ]
}