{
    "captions": [
        "a pole",
        "a wall",
        "front",
        "a clock"
    ],
    "metaclip": [
        0.09669768065214157,
        0.7908317446708679,
        0.08438675105571747,
        0.028083793818950653
    ],
    "clip": [
        0.5693359375,
        0.279541015625,
        0.0521240234375,
        0.09893798828125
    ],
    "eva": [
        0.6389973759651184,
        0.3565065860748291,
        2.655625212355517e-05,
        0.004469449166208506
    ]
}