{
    "captions": [
        "painting",
        "a blue background",
        "the grass",
        "front",
        "a rabbit"
    ],
    "metaclip": [
        0.0016795527189970016,
        1.6082576621556655e-05,
        0.002699813339859247,
        7.194292265921831e-05,
        0.9955326318740845
    ],
    "clip": [
        0.00824737548828125,
        0.004924774169921875,
        0.002437591552734375,
        0.0002651214599609375,
        0.98388671875
    ],
    "eva": [
        1.0256990812251843e-09,
        1.0544315054883575e-14,
        2.1254154686234372e-11,
        3.829307010372318e-11,
        1.0
    ]
}