{
    "captions": [
        "a black and white background",
        "a close",
        "a white tiger"
    ],
    "metaclip": [
        0.0010312536032870412,
        0.0006917002028785646,
        0.9982770681381226
    ],
    "clip": [
        0.00628662109375,
        0.0007624626159667969,
        0.9931640625
    ],
    "eva": [
        1.750346201312425e-09,
        7.630087672794161e-10,
        1.0
    ]
}