{
    "captions": [
        "painting",
        "the woods",
        "a log",
        "a white rabbit"
    ],
    "metaclip": [
        0.0002500095288269222,
        0.00048386873095296323,
        0.0005521687562577426,
        0.9987139701843262
    ],
    "clip": [
        0.0076141357421875,
        0.021026611328125,
        0.004764556884765625,
        0.966796875
    ],
    "eva": [
        1.7255571971297456e-10,
        2.767945920210957e-13,
        3.2885787192363236e-13,
        1.0
    ]
}