{
    "captions": [
        "a white dress",
        "its head",
        "a crown",
        "arafed chicken"
    ],
    "metaclip": [
        0.0006226326222531497,
        0.2544471323490143,
        0.008325792849063873,
        0.7366043925285339
    ],
    "clip": [
        0.00037097930908203125,
        0.08135986328125,
        0.001125335693359375,
        0.91650390625
    ],
    "eva": [
        6.000106367309854e-08,
        0.01441461592912674,
        0.001277692150324583,
        0.9843077063560486
    ]
}