{
    "captions": [
        "a blurry photo",
        "a bicycle",
        "the ground"
    ],
    "metaclip": [
        0.001292374567128718,
        0.9984159469604492,
        0.000291691831080243
    ],
    "clip": [
        0.35546875,
        0.64404296875,
        0.0005345344543457031
    ],
    "eva": [
        4.3891152046171555e-08,
        1.0,
        2.2119705581707477e-16
    ]
}