{
    "captions": [
        "a shadow",
        "painting",
        "the ground",
        "a butterfly"
    ],
    "metaclip": [
        0.023054761812090874,
        0.0015577502781525254,
        0.0038079286459833384,
        0.9715795516967773
    ],
    "clip": [
        0.001262664794921875,
        0.0014085769653320312,
        0.0007081031799316406,
        0.9970703125
    ],
    "eva": [
        7.093158959498025e-12,
        6.84082257507157e-09,
        9.879439931068101e-13,
        1.0
    ]
}