{
    "captions": [
        "the ocean",
        "a fish",
        "a shark swimming",
        "the bottom"
    ],
    "metaclip": [
        0.0007389552192762494,
        0.0033979557920247316,
        0.9958434700965881,
        1.9618259102571756e-05
    ],
    "clip": [
        0.0018281936645507812,
        0.005809783935546875,
        0.9921875,
        0.00013244152069091797
    ],
    "eva": [
        7.082242015066242e-10,
        1.93451910490694e-07,
        0.9999997615814209,
        7.056900840052803e-15
    ]
}