{
    "captions": [
        "painting",
        "a cat",
        "its paws",
        "a teddy bear"
    ],
    "metaclip": [
        0.0007056216127239168,
        0.9522687792778015,
        0.044168006628751755,
        0.0028576503973454237
    ],
    "clip": [
        0.00431060791015625,
        0.9912109375,
        0.00466156005859375,
        9.453296661376953e-05
    ],
    "eva": [
        2.5014537316514485e-11,
        1.0,
        1.4599669917458868e-08,
        2.0810807938032028e-11
    ]
}