{
    "captions": [
        "painting",
        "a field",
        "grass",
        "trees",
        "a rabbit"
    ],
    "metaclip": [
        0.01805306039750576,
        0.003494409378618002,
        0.004715282935649157,
        0.0012387734604999423,
        0.9724984169006348
    ],
    "clip": [
        0.0176239013671875,
        0.0018568038940429688,
        0.0027027130126953125,
        0.0006623268127441406,
        0.97705078125
    ],
    "eva": [
        8.752320468374819e-08,
        2.1918851456081967e-10,
        5.1995248384617554e-11,
        3.950965856563959e-12,
        0.9999998807907104
    ]
}