{
    "captions": [
        "blurry photograph",
        "a dolphin",
        "a blurry background",
        "the grass"
    ],
    "metaclip": [
        0.013431129977107048,
        0.9809843301773071,
        0.005570827517658472,
        1.374010207655374e-05
    ],
    "clip": [
        0.0302886962890625,
        0.94189453125,
        0.0275726318359375,
        8.982419967651367e-05
    ],
    "eva": [
        1.1029307675491928e-11,
        1.0,
        6.26550256122016e-10,
        4.63829319303269e-17
    ]
}