{
    "captions": [
        "a squirrel",
        "the grass",
        "that",
        "flowers"
    ],
    "metaclip": [
        0.9847411513328552,
        0.0011862242827191949,
        0.004338548518717289,
        0.009734142571687698
    ],
    "clip": [
        0.97802734375,
        0.0007276535034179688,
        0.0001264810562133789,
        0.021270751953125
    ],
    "eva": [
        0.9999877214431763,
        5.373710916349583e-13,
        1.8307883209445208e-08,
        1.2315568710619118e-05
    ]
}