{
    "captions": [
        "a branch",
        "a small bird",
        "a tree"
    ],
    "metaclip": [
        0.009032524190843105,
        0.9882319569587708,
        0.002735558897256851
    ],
    "clip": [
        0.0184326171875,
        0.9755859375,
        0.005893707275390625
    ],
    "eva": [
        1.0318685905730263e-09,
        1.0,
        4.832909246410555e-12
    ]
}