{
    "captions": [
        "the ocean",
        "fish",
        "a lot",
        "a shark swimming"
    ],
    "metaclip": [
        0.004645300563424826,
        0.007710237521678209,
        0.0004558223008643836,
        0.9871885180473328
    ],
    "clip": [
        0.0021991729736328125,
        0.00756072998046875,
        0.0001722574234008789,
        0.990234375
    ],
    "eva": [
        6.575436722888739e-11,
        2.928099096521919e-09,
        4.2934492766599774e-11,
        1.0
    ]
}