{
    "captions": [
        "a field",
        "a sky background",
        "painting",
        "grass",
        "a tiger"
    ],
    "metaclip": [
        0.004136561416089535,
        2.5128665583906695e-05,
        0.005217766389250755,
        0.001608975580893457,
        0.9890115261077881
    ],
    "clip": [
        0.0015878677368164062,
        0.002384185791015625,
        0.031890869140625,
        0.002170562744140625,
        0.96142578125
    ],
    "eva": [
        4.4469589122186903e-10,
        7.231906092291887e-18,
        3.3884814953921705e-09,
        2.060487024058144e-11,
        1.0
    ]
}