{
    "captions": [
        "a white printer",
        "a cell phone",
        "a table"
    ],
    "metaclip": [
        0.9999853372573853,
        9.645194950280711e-06,
        5.002258603781229e-06
    ],
    "clip": [
        1.0,
        9.059906005859375e-06,
        4.76837158203125e-06
    ],
    "eva": [
        1.0,
        1.9464856418982918e-18,
        1.9513953509174044e-15
    ]
}