{
    "captions": [
        "a blurry background",
        "a leaf",
        "a butterfly",
        "a close"
    ],
    "metaclip": [
        0.011880144476890564,
        0.00939846970140934,
        0.9704257845878601,
        0.008295560255646706
    ],
    "clip": [
        0.0038585662841796875,
        0.0046539306640625,
        0.9892578125,
        0.001659393310546875
    ],
    "eva": [
        8.815893570712774e-10,
        2.605919924292266e-09,
        1.0,
        4.8177805495042136e-11
    ]
}