{
    "captions": [
        "open mouth",
        "teeth",
        "arafed black dog"
    ],
    "metaclip": [
        0.013465831987559795,
        0.0019229138270020485,
        0.9846112132072449
    ],
    "clip": [
        0.00026535987854003906,
        0.00012052059173583984,
        0.99951171875
    ],
    "eva": [
        6.425064236344983e-15,
        2.9302901251304636e-12,
        1.0
    ]
}