{
    "captions": [
        "a green background",
        "a dog",
        "arafed picture"
    ],
    "metaclip": [
        0.006469517480581999,
        0.8037382960319519,
        0.18979217112064362
    ],
    "clip": [
        0.03094482421875,
        0.693359375,
        0.27587890625
    ],
    "eva": [
        1.0664728655740419e-08,
        0.9999382495880127,
        6.16878824075684e-05
    ]
}