{
    "captions": [
        "a hat",
        "a close",
        "it's head",
        "a duck"
    ],
    "metaclip": [
        0.039780691266059875,
        0.0008820926304906607,
        0.01733764261007309,
        0.9419995546340942
    ],
    "clip": [
        0.0172882080078125,
        0.005031585693359375,
        0.1829833984375,
        0.794921875
    ],
    "eva": [
        1.5031553630251437e-05,
        2.1441015633172356e-05,
        6.347061116684927e-06,
        0.9999572038650513
    ]
}