{
    "captions": [
        "a red panda",
        "a hat",
        "a close"
    ],
    "metaclip": [
        0.9995437264442444,
        0.00014352005382534117,
        0.00031283037969842553
    ],
    "clip": [
        0.99853515625,
        0.0012063980102539062,
        0.0001175999641418457
    ],
    "eva": [
        1.0,
        6.354659365988974e-14,
        8.275441963634389e-12
    ]
}