{
    "captions": [
        "a black face",
        "a dog",
        "a white background",
        "a close"
    ],
    "metaclip": [
        0.13532736897468567,
        0.8559350967407227,
        0.0019378854194656014,
        0.006799611262977123
    ],
    "clip": [
        0.1458740234375,
        0.72900390625,
        0.09124755859375,
        0.033843994140625
    ],
    "eva": [
        0.075986847281456,
        0.9239417910575867,
        9.275790802121264e-09,
        7.140825618989766e-05
    ]
}