{
    "captions": [
        "painting",
        "a sun",
        "a hummingbird",
        "the sky",
        "the background"
    ],
    "metaclip": [
        0.010530117899179459,
        0.0004963003448210657,
        0.988059937953949,
        0.0007721029105596244,
        0.0001415651640854776
    ],
    "clip": [
        0.047332763671875,
        0.00047516822814941406,
        0.95068359375,
        0.00016295909881591797,
        0.0011043548583984375
    ],
    "eva": [
        5.939469360782823e-08,
        7.988431964534026e-13,
        1.0,
        3.5819985724023975e-15,
        4.985876908412306e-15
    ]
}