{
    "captions": [
        "a blurry background",
        "a leaf"
    ],
    "metaclip": [
        0.3233579397201538,
        0.6766420602798462
    ],
    "clip": [
        0.6962890625,
        0.30419921875
    ],
    "eva": [
        0.007501628249883652,
        0.9924983382225037
    ]
}