{
    "captions": [
        "four large tires",
        "painting",
        "a beach",
        "a yellow truck"
    ],
    "metaclip": [
        0.010091844946146011,
        0.029043303802609444,
        0.000453877350082621,
        0.960411012172699
    ],
    "clip": [
        0.14892578125,
        0.01983642578125,
        0.0004315376281738281,
        0.83056640625
    ],
    "eva": [
        8.692192068338045e-07,
        8.744335389110347e-08,
        2.1506498804058083e-09,
        0.9999990463256836
    ]
}