{
    "captions": [
        "construction site",
        "the background",
        "a fence",
        "a building"
    ],
    "metaclip": [
        0.9927113056182861,
        0.0010597070213407278,
        0.00026924736448563635,
        0.005959826521575451
    ],
    "clip": [
        0.994140625,
        7.325410842895508e-05,
        9.85860824584961e-05,
        0.00555419921875
    ],
    "eva": [
        1.0,
        5.349906715551578e-13,
        1.1138163924972935e-14,
        1.479609323951081e-09
    ]
}