{
    "captions": [
        "a tiled floor",
        "a cat",
        "that",
        "a picture"
    ],
    "metaclip": [
        0.28501656651496887,
        0.08837925642728806,
        0.14747707545757294,
        0.4791271388530731
    ],
    "clip": [
        0.4501953125,
        0.39111328125,
        0.0207366943359375,
        0.1373291015625
    ],
    "eva": [
        8.18227454146836e-06,
        6.290758847171674e-07,
        7.438789180014282e-05,
        0.9999167919158936
    ]
}