{
    "captions": [
        "a rabbit",
        "a green background",
        "a painting"
    ],
    "metaclip": [
        0.9949896931648254,
        0.0002344934910070151,
        0.0047758109867572784
    ],
    "clip": [
        0.93505859375,
        0.015838623046875,
        0.048797607421875
    ],
    "eva": [
        1.0,
        2.566724764790896e-15,
        8.520395944344727e-09
    ]
}