{
    "captions": [
        "a wolf",
        "photograph",
        "its mouth"
    ],
    "metaclip": [
        0.9846428036689758,
        1.136827722802991e-05,
        0.015345842577517033
    ],
    "clip": [
        0.9677734375,
        0.0028934478759765625,
        0.028778076171875
    ],
    "eva": [
        0.9999992847442627,
        7.963190870596826e-12,
        6.991544978518505e-07
    ]
}