{
    "captions": [
        "painting",
        "a black outline",
        "the wings",
        "a colorful butterfly"
    ],
    "metaclip": [
        0.0046477969735860825,
        0.0008859484805725515,
        0.024065140634775162,
        0.9704011082649231
    ],
    "clip": [
        0.018707275390625,
        0.00011837482452392578,
        0.0068817138671875,
        0.97412109375
    ],
    "eva": [
        5.069753505893004e-09,
        6.70334717028649e-15,
        3.357022715366753e-10,
        1.0
    ]
}