{
    "captions": [
        "rocks",
        "a forest",
        "painting",
        "trees",
        "a bear"
    ],
    "metaclip": [
        0.00043200599611736834,
        0.019692381843924522,
        0.0016800302546471357,
        0.0013482053764164448,
        0.9768473505973816
    ],
    "clip": [
        0.006855010986328125,
        0.0224761962890625,
        0.044708251953125,
        0.01384735107421875,
        0.912109375
    ],
    "eva": [
        6.477062809706613e-12,
        3.003198617079761e-05,
        4.906566886120345e-08,
        2.3856399494759373e-11,
        0.9999699592590332
    ]
}