{
    "captions": [
        "a plant",
        "a green stalk",
        "yellow leaves",
        "a close"
    ],
    "metaclip": [
        0.40123578906059265,
        0.5838747620582581,
        0.008259647525846958,
        0.006629842333495617
    ],
    "clip": [
        0.916015625,
        0.07757568359375,
        0.0038013458251953125,
        0.00286865234375
    ],
    "eva": [
        0.08570180088281631,
        0.9142981767654419,
        8.547828243832267e-14,
        5.799300969999699e-11
    ]
}