{
    "captions": [
        "a tree branch",
        "a small squirrel"
    ],
    "metaclip": [
        0.0021011359058320522,
        0.9978988170623779
    ],
    "clip": [
        0.0010986328125,
        0.9990234375
    ],
    "eva": [
        3.1097149161274373e-11,
        1.0
    ]
}