{
    "captions": [
        "a sky background",
        "painting",
        "a tree",
        "a hill"
    ],
    "metaclip": [
        0.00035579383256845176,
        0.01726188324391842,
        0.9688720703125,
        0.013510170392692089
    ],
    "clip": [
        0.054412841796875,
        0.050323486328125,
        0.87841796875,
        0.017120361328125
    ],
    "eva": [
        3.0270167620098675e-16,
        1.6615675502151817e-10,
        0.9999998807907104,
        6.504865979195529e-08
    ]
}