{
    "captions": [
        "arafed van",
        "the rain",
        "a wet street"
    ],
    "metaclip": [
        0.8810204267501831,
        0.05311058834195137,
        0.06586889922618866
    ],
    "clip": [
        0.9931640625,
        0.00554656982421875,
        0.0015649795532226562
    ],
    "eva": [
        0.37398257851600647,
        0.032423246651887894,
        0.5935941338539124
    ]
}