{
    "captions": [
        "a window",
        "a close",
        "a desk",
        "a printer"
    ],
    "metaclip": [
        2.569295247667469e-05,
        0.00012567380326800048,
        0.0005271894042380154,
        0.999321460723877
    ],
    "clip": [
        1.0132789611816406e-06,
        1.5556812286376953e-05,
        0.0003654956817626953,
        1.0
    ],
    "eva": [
        7.314094771190046e-15,
        1.8334163668590892e-13,
        1.3755799832537718e-09,
        1.0
    ]
}