{
    "captions": [
        "a green head",
        "a white surface",
        "arafed duck"
    ],
    "metaclip": [
        0.0005743142683058977,
        2.0715546270366758e-05,
        0.9994049072265625
    ],
    "clip": [
        0.005641937255859375,
        0.00018703937530517578,
        0.994140625
    ],
    "eva": [
        3.559934157237876e-06,
        1.1386887960318504e-11,
        0.9999964237213135
    ]
}