{
    "captions": [
        "painting",
        "a butterfly",
        "a colorful wing",
        "a green background"
    ],
    "metaclip": [
        0.014247145503759384,
        0.6487117409706116,
        0.33624178171157837,
        0.0007994100451469421
    ],
    "clip": [
        0.052337646484375,
        0.8994140625,
        0.04693603515625,
        0.0014276504516601562
    ],
    "eva": [
        8.194793736038264e-06,
        0.9984254837036133,
        0.0015663494123145938,
        2.0413803026447797e-12
    ]
}