{
    "captions": [
        "a vending machine",
        "drinks",
        "a variety",
        "it"
    ],
    "metaclip": [
        0.9989970326423645,
        0.00012903001334052533,
        0.0006796308443881571,
        0.00019428864470683038
    ],
    "clip": [
        1.0,
        2.390146255493164e-05,
        1.3232231140136719e-05,
        2.2113323211669922e-05
    ],
    "eva": [
        1.0,
        1.085177260551351e-11,
        4.86261608756422e-09,
        7.0831789322767236e-09
    ]
}