{
    "captions": [
        "a hummingbird",
        "a flower field",
        "painting",
        "a green background"
    ],
    "metaclip": [
        0.9791436791419983,
        0.0004271562793292105,
        0.020275406539440155,
        0.00015380809782072902
    ],
    "clip": [
        0.9013671875,
        0.0018815994262695312,
        0.09503173828125,
        0.0014886856079101562
    ],
    "eva": [
        0.9999994039535522,
        7.063183805194884e-12,
        6.069045639378601e-07,
        3.0193729461114316e-14
    ]
}