{
    "captions": [
        "two penguins",
        "a white surface"
    ],
    "metaclip": [
        0.9999936819076538,
        6.282252797973342e-06
    ],
    "clip": [
        1.0,
        3.707408905029297e-05
    ],
    "eva": [
        1.0,
        7.510597203469742e-16
    ]
}