{
    "captions": [
        "a rock",
        "the middle",
        "a garden",
        "a squirrel"
    ],
    "metaclip": [
        0.0005164161557331681,
        0.00011160915164509788,
        0.008441759273409843,
        0.9909302592277527
    ],
    "clip": [
        1.1801719665527344e-05,
        0.0002161264419555664,
        0.0016736984252929688,
        0.998046875
    ],
    "eva": [
        8.1456895265411e-14,
        5.52452066027425e-14,
        2.291319667335756e-08,
        1.0
    ]
}