{
    "captions": [
        "arafed dog",
        "mouth",
        "front",
        "a tiled wall"
    ],
    "metaclip": [
        0.6490634679794312,
        0.09193657338619232,
        0.01631918177008629,
        0.24268074333667755
    ],
    "clip": [
        0.94580078125,
        0.007686614990234375,
        0.0008831024169921875,
        0.045654296875
    ],
    "eva": [
        0.994101345539093,
        0.004052163567394018,
        0.0017257946310564876,
        0.00012073147809132934
    ]
}