{
    "captions": [
        "a person's face",
        "a blurry background",
        "a close"
    ],
    "metaclip": [
        0.008818292059004307,
        0.9463399648666382,
        0.044841788709163666
    ],
    "clip": [
        0.5390625,
        0.413330078125,
        0.047821044921875
    ],
    "eva": [
        2.657787057103178e-08,
        0.9999932050704956,
        6.722307716700016e-06
    ]
}