{
    "captions": [
        "the floor",
        "a cat",
        "a white background"
    ],
    "metaclip": [
        0.003973209764808416,
        0.9946908354759216,
        0.001335883978754282
    ],
    "clip": [
        0.006275177001953125,
        0.97607421875,
        0.017333984375
    ],
    "eva": [
        9.476300988353614e-08,
        0.9999998807907104,
        7.149110747839416e-10
    ]
}