{
    "captions": [
        "colorful wings",
        "white background"
    ],
    "metaclip": [
        0.9982802867889404,
        0.0017197823617607355
    ],
    "clip": [
        0.994140625,
        0.00609588623046875
    ],
    "eva": [
        1.0,
        3.4155754613518496e-11
    ]
}