{
    "captions": [
        "a dog",
        "a blanket",
        "that",
        "a picture"
    ],
    "metaclip": [
        0.02064765803515911,
        0.13040614128112793,
        0.32766035199165344,
        0.521285891532898
    ],
    "clip": [
        0.0994873046875,
        0.0255584716796875,
        0.0799560546875,
        0.794921875
    ],
    "eva": [
        2.301933506032583e-07,
        3.1961633339960827e-06,
        0.002795174950733781,
        0.9972014427185059
    ]
}