{
    "captions": [
        "a leaf",
        "a butterfly",
        "that"
    ],
    "metaclip": [
        0.005701040383428335,
        0.9908677339553833,
        0.0034311756025999784
    ],
    "clip": [
        0.002651214599609375,
        0.9970703125,
        0.0003674030303955078
    ],
    "eva": [
        2.2292577506188849e-10,
        1.0,
        2.876921444128211e-11
    ]
}