{
    "captions": [
        "grass",
        "trees",
        "painting",
        "a rabbit",
        "the background",
        "a field"
    ],
    "metaclip": [
        0.0023594535887241364,
        0.0008381258812732995,
        0.0027555725537240505,
        0.9913731217384338,
        0.00021205817756708711,
        0.0024616229347884655
    ],
    "clip": [
        0.0018167495727539062,
        6.16908073425293e-05,
        0.008941650390625,
        0.986328125,
        0.001068115234375,
        0.0012292861938476562
    ],
    "eva": [
        3.414762916875702e-10,
        9.171196788115843e-12,
        1.768974300375703e-08,
        1.0,
        5.489907486944112e-11,
        7.087120890147958e-10
    ]
}