{
    "captions": [
        "a rabbit",
        "a green background",
        "a painting"
    ],
    "metaclip": [
        0.9953426122665405,
        0.00031821991433389485,
        0.004339219536632299
    ],
    "clip": [
        0.91015625,
        0.01425933837890625,
        0.07586669921875
    ],
    "eva": [
        1.0,
        3.478472935039556e-15,
        2.100033758001274e-10
    ]
}