{
    "captions": [
        "a flower bed",
        "pink flowers",
        "squirrel",
        "the background"
    ],
    "metaclip": [
        0.0031798507552593946,
        0.0008219272131100297,
        0.9958129525184631,
        0.0001851958077168092
    ],
    "clip": [
        0.037628173828125,
        0.04986572265625,
        0.91162109375,
        0.0004811286926269531
    ],
    "eva": [
        1.5998177227416477e-09,
        5.2179718323941415e-08,
        1.0,
        4.748659148193224e-13
    ]
}