{
    "captions": [
        "painting",
        "fruit",
        "it",
        "a field",
        "a tree"
    ],
    "metaclip": [
        0.04438051953911781,
        0.0017424961552023888,
        0.0027292638551443815,
        0.0037260029930621386,
        0.947421669960022
    ],
    "clip": [
        0.1695556640625,
        0.002166748046875,
        0.0010814666748046875,
        0.005710601806640625,
        0.8212890625
    ],
    "eva": [
        9.002117451473168e-08,
        5.729965391054748e-09,
        2.7729292195743938e-09,
        3.35119917926896e-11,
        0.9999998807907104
    ]
}