{
    "captions": [
        "a smile",
        "arafed image",
        "a dog",
        "its face"
    ],
    "metaclip": [
        0.04794659465551376,
        0.015643665567040443,
        0.7447651028633118,
        0.19164469838142395
    ],
    "clip": [
        0.032928466796875,
        0.359619140625,
        0.440673828125,
        0.167236328125
    ],
    "eva": [
        0.0001253857190022245,
        0.00040418459684588015,
        0.933869481086731,
        0.06560094654560089
    ]
}