{
    "captions": [
        "a person",
        "a green plant",
        "a picture",
        "a vase"
    ],
    "metaclip": [
        0.053788620978593826,
        0.9118502140045166,
        0.02353174239397049,
        0.010829407721757889
    ],
    "clip": [
        0.0192413330078125,
        0.84423828125,
        0.0258941650390625,
        0.1107177734375
    ],
    "eva": [
        1.0529955379867673e-10,
        0.9973529577255249,
        0.002647062996402383,
        7.380519750910253e-09
    ]
}