{
    "captions": [
        "different colors",
        "a white background",
        "many squares"
    ],
    "metaclip": [
        0.006325833965092897,
        0.013114271685481071,
        0.9805599451065063
    ],
    "clip": [
        0.0258941650390625,
        0.1160888671875,
        0.857421875
    ],
    "eva": [
        1.263207423107815e-07,
        3.3980840363767584e-10,
        0.9999998807907104
    ]
}