{
    "captions": [
        "painting",
        "a red tail",
        "a rooster",
        "a black tail"
    ],
    "metaclip": [
        4.9031768867280334e-05,
        0.0006466840859502554,
        0.9985059499740601,
        0.0007983914692886174
    ],
    "clip": [
        0.0020751953125,
        0.000965118408203125,
        0.99462890625,
        0.0025043487548828125
    ],
    "eva": [
        1.3369948377583984e-11,
        6.294954835173172e-11,
        1.0,
        7.2111431409505045e-12
    ]
}