{
    "captions": [
        "a green wing and yellow wings",
        "painting",
        "a butterfly"
    ],
    "metaclip": [
        0.1591607928276062,
        0.027447260916233063,
        0.813391923904419
    ],
    "clip": [
        0.03521728515625,
        0.056304931640625,
        0.90869140625
    ],
    "eva": [
        0.00016378059808630496,
        1.0707130968512502e-06,
        0.9998351335525513
    ]
}