{
    "captions": [
        "a field",
        "a horse",
        "trees",
        "the background",
        "painting"
    ],
    "metaclip": [
        0.002417568117380142,
        0.9696999788284302,
        0.0018718041246756911,
        0.0002894436474889517,
        0.025721151381731033
    ],
    "clip": [
        0.0037899017333984375,
        0.95703125,
        0.0028171539306640625,
        0.008026123046875,
        0.0284576416015625
    ],
    "eva": [
        1.4893912492208727e-10,
        1.0,
        3.023991057560238e-10,
        5.4252755066208636e-11,
        5.5102784557448103e-08
    ]
}