{
    "captions": [
        "a snowy road",
        "arafed van",
        "a bright sun"
    ],
    "metaclip": [
        0.006039537955075502,
        0.9934248924255371,
        0.0005355325993150473
    ],
    "clip": [
        0.0002340078353881836,
        0.9990234375,
        0.0002956390380859375
    ],
    "eva": [
        0.9997591376304626,
        0.00024076974659692496,
        1.215633460560639e-07
    ]
}