{
    "captions": [
        "a tile",
        "a cat",
        "a picture",
        "that"
    ],
    "metaclip": [
        0.9527062177658081,
        0.005702529568225145,
        0.025536011904478073,
        0.016055306419730186
    ],
    "clip": [
        0.9912109375,
        0.00018799304962158203,
        0.007568359375,
        0.0008897781372070312
    ],
    "eva": [
        0.7560020089149475,
        1.5220062987708616e-09,
        0.24396677315235138,
        3.128277967334725e-05
    ]
}