{
    "captions": [
        "arafed factory",
        "the water",
        "a reflection",
        "sunset"
    ],
    "metaclip": [
        0.11707621067762375,
        0.08351322263479233,
        0.7915221452713013,
        0.007888415828347206
    ],
    "clip": [
        0.447509765625,
        0.26513671875,
        0.26318359375,
        0.0240936279296875
    ],
    "eva": [
        0.00436438899487257,
        0.0004782856849487871,
        0.9736277461051941,
        0.02152959071099758
    ]
}