{
    "captions": [
        "that",
        "the tree",
        "a branch",
        "a bird"
    ],
    "metaclip": [
        0.003967098891735077,
        0.0014243050245568156,
        0.07423291355371475,
        0.9203755855560303
    ],
    "clip": [
        0.0011072158813476562,
        0.013916015625,
        0.0826416015625,
        0.90234375
    ],
    "eva": [
        3.5244231639808277e-06,
        1.3431229461957628e-09,
        7.886977982707322e-06,
        0.9999885559082031
    ]
}