{
    "captions": [
        "a bear",
        "trees",
        "a sky background",
        "a forest",
        "painting"
    ],
    "metaclip": [
        0.981010377407074,
        0.002175811445340514,
        2.46295803663088e-05,
        0.009760892949998379,
        0.0070281485095620155
    ],
    "clip": [
        0.9658203125,
        0.0082244873046875,
        0.003376007080078125,
        0.0158538818359375,
        0.006114959716796875
    ],
    "eva": [
        0.9999998807907104,
        1.07747122855828e-12,
        3.2144555000394957e-18,
        1.4825515393113164e-07,
        2.3775732493902524e-09
    ]
}