{
    "captions": [
        "large tires",
        "a yellow monster truck",
        "painting",
        "a snowy day"
    ],
    "metaclip": [
        0.002961141290143132,
        0.9965929388999939,
        0.0004343359323684126,
        1.155899644800229e-05
    ],
    "clip": [
        0.0367431640625,
        0.96240234375,
        0.00046253204345703125,
        4.291534423828125e-06
    ],
    "eva": [
        8.104598236968741e-08,
        0.9999998807907104,
        1.9099134166561393e-12,
        1.9352041670528397e-12
    ]
}