{
    "captions": [
        "a camera",
        "a close",
        "a person",
        "a picture"
    ],
    "metaclip": [
        0.044801563024520874,
        0.20580162107944489,
        0.18867740035057068,
        0.5607194304466248
    ],
    "clip": [
        0.0180206298828125,
        0.08807373046875,
        0.2430419921875,
        0.650390625
    ],
    "eva": [
        9.858746125246398e-06,
        5.1006827561650425e-05,
        1.4204102853909717e-06,
        0.9999376535415649
    ]
}