{
    "captions": [
        "painting",
        "a shark",
        "it",
        "a fish skeleton"
    ],
    "metaclip": [
        0.00012941994646098465,
        0.9926323294639587,
        0.00021239681518636644,
        0.007025745697319508
    ],
    "clip": [
        0.0013837814331054688,
        0.9951171875,
        0.00013077259063720703,
        0.00347900390625
    ],
    "eva": [
        5.2740594552215525e-14,
        1.0,
        2.739761750802927e-09,
        2.187285197408073e-08
    ]
}