{
    "captions": [
        "a desk",
        "a mountain scene",
        "painting",
        "a computer screen"
    ],
    "metaclip": [
        0.026380516588687897,
        0.0526476614177227,
        0.18811145424842834,
        0.7328603267669678
    ],
    "clip": [
        0.05511474609375,
        0.0718994140625,
        0.5654296875,
        0.307373046875
    ],
    "eva": [
        0.0003117268206551671,
        0.04242421314120293,
        0.013067270629107952,
        0.9441968202590942
    ]
}