{
    "captions": [
        "a computer screen",
        "a desk",
        "painting",
        "a mountain scene"
    ],
    "metaclip": [
        0.7328603267669678,
        0.026380516588687897,
        0.18811145424842834,
        0.0526476614177227
    ],
    "clip": [
        0.307373046875,
        0.05511474609375,
        0.5654296875,
        0.0718994140625
    ],
    "eva": [
        0.9441967010498047,
        0.0003117267624475062,
        0.013067269697785378,
        0.04242420569062233
    ]
}