{
    "captions": [
        "painting",
        "a butterfly",
        "the grass",
        "a rabbit"
    ],
    "metaclip": [
        0.0029005371034145355,
        0.0019117193296551704,
        0.006315714213997126,
        0.9888719916343689
    ],
    "clip": [
        0.0157318115234375,
        0.0011491775512695312,
        0.0093994140625,
        0.9736328125
    ],
    "eva": [
        5.497843291735194e-10,
        3.964099881681449e-12,
        2.045366986891395e-09,
        1.0
    ]
}