{
    "captions": [
        "a living room",
        "a stand",
        "a television"
    ],
    "metaclip": [
        0.0010670577175915241,
        0.0014497666852548718,
        0.9974831938743591
    ],
    "clip": [
        0.016632080078125,
        0.0013227462768554688,
        0.98193359375
    ],
    "eva": [
        6.403528095688671e-05,
        7.42953204735386e-07,
        0.9999352693557739
    ]
}