{
    "captions": [
        "a small black refrigerator",
        "a yellow handle",
        "a counter"
    ],
    "metaclip": [
        0.9765027761459351,
        0.006998097989708185,
        0.016499076038599014
    ],
    "clip": [
        0.80712890625,
        0.0130462646484375,
        0.1800537109375
    ],
    "eva": [
        0.9996919631958008,
        9.929375099915205e-10,
        0.0003080800815951079
    ]
}