{
    "captions": [
        "a fish net",
        "the ocean",
        "a shark swimming"
    ],
    "metaclip": [
        0.0002767460246104747,
        0.0023031102027744055,
        0.997420072555542
    ],
    "clip": [
        0.0010137557983398438,
        0.00275421142578125,
        0.99609375
    ],
    "eva": [
        3.594735620282563e-11,
        1.9722583566306184e-09,
        1.0
    ]
}