{
    "captions": [
        "a window",
        "painting",
        "a dog",
        "front",
        "the camera"
    ],
    "metaclip": [
        0.037651967257261276,
        0.006754541303962469,
        0.9519082903862,
        0.0016641798429191113,
        0.0020211031660437584
    ],
    "clip": [
        0.0202789306640625,
        0.022613525390625,
        0.93212890625,
        0.0043182373046875,
        0.020599365234375
    ],
    "eva": [
        2.7275444836050156e-07,
        8.033573806187633e-11,
        0.9999825954437256,
        1.7133448636741377e-05,
        7.322385753294469e-11
    ]
}