{
    "captions": [
        "a desk",
        "a book",
        "a computer monitor"
    ],
    "metaclip": [
        0.6704110503196716,
        0.002702154451981187,
        0.3268868327140808
    ],
    "clip": [
        0.1219482421875,
        0.031341552734375,
        0.8466796875
    ],
    "eva": [
        0.00015310768503695726,
        2.474019795452309e-13,
        0.9998468160629272
    ]
}