{
    "captions": [
        "a turkey",
        "a long neck",
        "a long tail",
        "a close"
    ],
    "metaclip": [
        0.9943642616271973,
        0.0033073273953050375,
        0.0006486566853709519,
        0.0016797652933746576
    ],
    "clip": [
        0.9970703125,
        0.0009236335754394531,
        0.00029277801513671875,
        0.00180816650390625
    ],
    "eva": [
        1.0,
        4.1192182997917826e-10,
        1.374766728408361e-13,
        8.047286448320534e-11
    ]
}