{
    "captions": [
        "it",
        "zebra",
        "front",
        "a blurry image",
        "a purple background"
    ],
    "metaclip": [
        4.81856259284541e-05,
        0.9976957440376282,
        3.472295793471858e-05,
        0.002172184409573674,
        4.915128374705091e-05
    ],
    "clip": [
        2.282857894897461e-05,
        0.9921875,
        2.568960189819336e-05,
        0.007228851318359375,
        0.00038909912109375
    ],
    "eva": [
        6.0588298822494835e-09,
        1.0,
        6.139534020066506e-11,
        4.697590316737887e-09,
        1.7003218277800158e-10
    ]
}