{
    "captions": [
        "mountains",
        "a polar bear",
        "the background",
        "painting",
        "the snow"
    ],
    "metaclip": [
        0.0020601365249603987,
        0.9670278429985046,
        0.0006953852716833353,
        0.011109773069620132,
        0.019106799736618996
    ],
    "clip": [
        0.0021991729736328125,
        0.98193359375,
        0.0029354095458984375,
        0.002490997314453125,
        0.01024627685546875
    ],
    "eva": [
        4.71300359849991e-11,
        1.0,
        1.489840694389455e-13,
        2.472729486446834e-12,
        1.6281820336416786e-09
    ]
}