{
    "captions": [
        "many circles",
        "that",
        "the picture"
    ],
    "metaclip": [
        0.9538493156433105,
        0.014571134932339191,
        0.03157951310276985
    ],
    "clip": [
        0.2186279296875,
        0.36328125,
        0.418212890625
    ],
    "eva": [
        0.9300487041473389,
        0.0679023340344429,
        0.002048838883638382
    ]
}