{
    "captions": [
        "a tree branch",
        "that",
        "a squirrel"
    ],
    "metaclip": [
        0.005339906085282564,
        0.00016803039761725813,
        0.9944921731948853
    ],
    "clip": [
        0.00130462646484375,
        4.464387893676758e-05,
        0.9990234375
    ],
    "eva": [
        2.9862050610063307e-08,
        3.144694504797485e-09,
        1.0
    ]
}