{
    "captions": [
        "a cutting board",
        "a close",
        "a knife",
        "a table"
    ],
    "metaclip": [
        0.9947972893714905,
        0.00020025050616823137,
        0.003103773109614849,
        0.0018987103831022978
    ],
    "clip": [
        0.9951171875,
        3.516674041748047e-05,
        0.0011119842529296875,
        0.00342559814453125
    ],
    "eva": [
        1.0,
        3.142664600774836e-11,
        1.398438587152384e-10,
        3.558098260469933e-11
    ]
}