{
    "captions": [
        "a frog",
        "a surface",
        "its legs",
        "a close"
    ],
    "metaclip": [
        0.9971421360969543,
        0.0002474770590197295,
        0.0015554043930023909,
        0.0010549293365329504
    ],
    "clip": [
        0.9267578125,
        0.01148223876953125,
        0.041351318359375,
        0.0207977294921875
    ],
    "eva": [
        1.0,
        2.2434682150213048e-12,
        6.999862495193909e-11,
        1.0246656821644162e-11
    ]
}