{
    "captions": [
        "a duck",
        "a table",
        "that"
    ],
    "metaclip": [
        0.9997089505195618,
        1.2621453606698196e-05,
        0.00027838550158776343
    ],
    "clip": [
        0.9970703125,
        0.001079559326171875,
        0.0013866424560546875
    ],
    "eva": [
        1.0,
        3.6235423620916687e-16,
        4.329837269972936e-12
    ]
}