{
    "captions": [
        "a black and white background",
        "a tiger",
        "a close"
    ],
    "metaclip": [
        0.0007095421315170825,
        0.9978755712509155,
        0.0014149443013593554
    ],
    "clip": [
        0.01342010498046875,
        0.98583984375,
        0.0005202293395996094
    ],
    "eva": [
        7.371653634735686e-12,
        1.0,
        6.454380866577347e-12
    ]
}