{
    "captions": [
        "a blue stone",
        "a close",
        "a ring",
        "it"
    ],
    "metaclip": [
        0.2146798074245453,
        0.0019751160871237516,
        0.7830555438995361,
        0.0002894630597438663
    ],
    "clip": [
        0.51123046875,
        0.0006999969482421875,
        0.48779296875,
        0.0002117156982421875
    ],
    "eva": [
        0.08531653136014938,
        8.411433327637496e-07,
        0.914681613445282,
        1.0359726729802787e-06
    ]
}