{
    "captions": [
        "a desk",
        "a small printer",
        "a window"
    ],
    "metaclip": [
        0.00766002805903554,
        0.991057276725769,
        0.001282692770473659
    ],
    "clip": [
        0.004192352294921875,
        0.99462890625,
        0.0010938644409179688
    ],
    "eva": [
        4.567946376710097e-08,
        1.0,
        3.7422530894427875e-13
    ]
}