{
    "captions": [
        "painting",
        "a blue background",
        "flight",
        "a hummingbird"
    ],
    "metaclip": [
        0.008397864177823067,
        3.335209476063028e-05,
        0.017353929579257965,
        0.9742149114608765
    ],
    "clip": [
        0.0875244140625,
        0.00753021240234375,
        0.0875244140625,
        0.8173828125
    ],
    "eva": [
        1.0925307236675508e-07,
        1.702939919883805e-14,
        4.502404635786661e-07,
        0.9999994039535522
    ]
}