{
    "captions": [
        "a close",
        "a black background",
        "a butterfly"
    ],
    "metaclip": [
        0.017391018569469452,
        0.002388089196756482,
        0.9802209138870239
    ],
    "clip": [
        0.0014238357543945312,
        0.0060882568359375,
        0.99267578125
    ],
    "eva": [
        1.3002507959214427e-09,
        8.390843358671574e-13,
        1.0
    ]
}