{
    "captions": [
        "the snow",
        "that",
        "a bird"
    ],
    "metaclip": [
        0.02123579941689968,
        0.002049171132966876,
        0.9767150282859802
    ],
    "clip": [
        0.27490234375,
        0.000946044921875,
        0.72412109375
    ],
    "eva": [
        8.192155860342609e-07,
        1.9702656572917476e-07,
        0.999998927116394
    ]
}