{
    "captions": [
        "a pattern",
        "a lion's face",
        "it",
        "a close"
    ],
    "metaclip": [
        0.017537925392389297,
        0.9807468056678772,
        0.00021247719996608794,
        0.001502849510870874
    ],
    "clip": [
        0.003997802734375,
        0.9931640625,
        0.0010919570922851562,
        0.0017452239990234375
    ],
    "eva": [
        5.368061692934134e-07,
        0.9999971389770508,
        2.2518156583828386e-06,
        9.622807084497254e-08
    ]
}