{
    "captions": [
        "a white background",
        "a table",
        "a printer",
        "a close"
    ],
    "metaclip": [
        0.0021635936573147774,
        0.00020379845227580518,
        0.994967520236969,
        0.0026651364751160145
    ],
    "clip": [
        0.0007319450378417969,
        6.860494613647461e-05,
        0.9990234375,
        0.00030040740966796875
    ],
    "eva": [
        4.969998190773595e-09,
        2.5913045580833183e-12,
        1.0,
        7.313429861710574e-10
    ]
}