{
    "captions": [
        "the floor",
        "a black dog",
        "a red and white rug"
    ],
    "metaclip": [
        0.00040007606730796397,
        0.9995982050895691,
        1.7836675851867767e-06
    ],
    "clip": [
        0.0021648406982421875,
        0.9970703125,
        0.0004944801330566406
    ],
    "eva": [
        7.847349614738264e-13,
        1.0,
        7.685248515050883e-15
    ]
}