{
    "captions": [
        "a lady bug",
        "a blue surface",
        "that"
    ],
    "metaclip": [
        0.9980587363243103,
        0.0003779883263632655,
        0.0015632943250238895
    ],
    "clip": [
        1.0,
        8.678436279296875e-05,
        0.00012636184692382812
    ],
    "eva": [
        0.9999998807907104,
        1.2119645564911963e-13,
        6.576524214096935e-08
    ]
}