{
    "captions": [
        "a black center",
        "a black surface",
        "a white disc"
    ],
    "metaclip": [
        0.022818120196461678,
        0.027019204571843147,
        0.9501626491546631
    ],
    "clip": [
        0.1845703125,
        0.0380859375,
        0.77734375
    ],
    "eva": [
        1.5359558958039088e-08,
        1.8625603104283073e-07,
        0.9999997615814209
    ]
}