{
    "captions": [
        "a leaf",
        "a yellow background"
    ],
    "metaclip": [
        0.9156023859977722,
        0.08439762890338898
    ],
    "clip": [
        0.33447265625,
        0.66552734375
    ],
    "eva": [
        0.9990372657775879,
        0.0009627186227589846
    ]
}