{
    "captions": [
        "its head",
        "a red panda",
        "a camera",
        "a close"
    ],
    "metaclip": [
        0.008295671083033085,
        0.9907819628715515,
        0.0001476190227549523,
        0.0007747809868305922
    ],
    "clip": [
        0.01030731201171875,
        0.98779296875,
        0.00028133392333984375,
        0.0014619827270507812
    ],
    "eva": [
        3.90112081527505e-10,
        1.0,
        2.7245121374361476e-14,
        4.448416288105328e-11
    ]
}