{
    "captions": [
        "a tree trunk",
        "that",
        "a squirrel"
    ],
    "metaclip": [
        0.025352515280246735,
        0.0011047900188714266,
        0.9735426306724548
    ],
    "clip": [
        0.00690460205078125,
        8.761882781982422e-05,
        0.9931640625
    ],
    "eva": [
        1.5300284985642065e-06,
        7.096294107888923e-10,
        0.9999984502792358
    ]
}