{
    "captions": [
        "a blurry background",
        "a leaf"
    ],
    "metaclip": [
        0.2417759746313095,
        0.7582240104675293
    ],
    "clip": [
        0.62255859375,
        0.37744140625
    ],
    "eva": [
        0.025281662121415138,
        0.9747183322906494
    ]
}