{
    "captions": [
        "a wooden cutting board",
        "a white surface",
        "a close"
    ],
    "metaclip": [
        0.9998815059661865,
        8.417339995503426e-05,
        3.435682810959406e-05
    ],
    "clip": [
        1.0,
        2.7954578399658203e-05,
        3.159046173095703e-06
    ],
    "eva": [
        1.0,
        6.268928959111703e-15,
        7.913412980453671e-12
    ]
}