{
    "captions": [
        "a man",
        "a horse drawn carriage",
        "a field",
        "horses"
    ],
    "metaclip": [
        0.04072948545217514,
        0.017158247530460358,
        0.05977632850408554,
        0.8823359608650208
    ],
    "clip": [
        0.0017442703247070312,
        0.060546875,
        0.005290985107421875,
        0.9326171875
    ],
    "eva": [
        2.013546918533393e-06,
        9.846233297139406e-05,
        0.0003464955079834908,
        0.9995530247688293
    ]
}