{
    "captions": [
        "painting",
        "a polar bear",
        "a snowy surface"
    ],
    "metaclip": [
        0.0010863863863050938,
        0.9971672892570496,
        0.0017462692921981215
    ],
    "clip": [
        0.002269744873046875,
        0.990234375,
        0.007328033447265625
    ],
    "eva": [
        7.224948720893631e-13,
        1.0,
        8.621300895406137e-11
    ]
}