{
    "captions": [
        "a red background",
        "a close",
        "circles",
        "a square"
    ],
    "metaclip": [
        0.008582972921431065,
        0.030681045725941658,
        0.918656587600708,
        0.042079437524080276
    ],
    "clip": [
        0.18994140625,
        0.038604736328125,
        0.728515625,
        0.043060302734375
    ],
    "eva": [
        0.0003410255885683,
        0.0029930095188319683,
        0.9633364081382751,
        0.033329542726278305
    ]
}