{
    "captions": [
        "a counter",
        "a couple",
        "a knife block",
        "knives"
    ],
    "metaclip": [
        0.000426514889113605,
        5.715869065170409e-06,
        0.7306406497955322,
        0.26892712712287903
    ],
    "clip": [
        0.00016427040100097656,
        2.1457672119140625e-06,
        0.9892578125,
        0.0108184814453125
    ],
    "eva": [
        1.4060319748765426e-12,
        1.439331488969833e-19,
        0.9999078512191772,
        9.21725804801099e-05
    ]
}