{
    "captions": [
        "painting",
        "a hummingbird",
        "a pink background",
        "flight"
    ],
    "metaclip": [
        0.019517039880156517,
        0.9564358592033386,
        0.0024617169983685017,
        0.021585436537861824
    ],
    "clip": [
        0.039306640625,
        0.9375,
        0.0013875961303710938,
        0.0217132568359375
    ],
    "eva": [
        1.1763746243786954e-07,
        0.9999996423721313,
        1.3385162932460365e-13,
        2.1234824032489996e-07
    ]
}