{
    "captions": [
        "a forest",
        "painting",
        "trees",
        "rocks",
        "a bear"
    ],
    "metaclip": [
        0.010447281412780285,
        0.003786628134548664,
        0.0017701218603178859,
        0.00016086178948171437,
        0.9838351011276245
    ],
    "clip": [
        0.0145416259765625,
        0.016998291015625,
        0.007663726806640625,
        0.0031452178955078125,
        0.9580078125
    ],
    "eva": [
        7.140675006667152e-05,
        4.7092687083249984e-08,
        2.9334403794933905e-09,
        3.2068388743089482e-12,
        0.9999285936355591
    ]
}