{
    "captions": [
        "the water",
        "the beach",
        "that",
        "a rabbit"
    ],
    "metaclip": [
        0.0005225593340583146,
        0.007423429749906063,
        0.003102654591202736,
        0.9889513850212097
    ],
    "clip": [
        0.00035500526428222656,
        0.013214111328125,
        0.0002086162567138672,
        0.986328125
    ],
    "eva": [
        7.25996346373492e-12,
        2.8019010187563254e-06,
        3.4654892289154304e-08,
        0.9999971389770508
    ]
}