{
    "captions": [
        "painting",
        "a whale",
        "the water"
    ],
    "metaclip": [
        0.0032210079953074455,
        0.9946898221969604,
        0.0020891765598207712
    ],
    "clip": [
        0.005718231201171875,
        0.9921875,
        0.002071380615234375
    ],
    "eva": [
        1.866404097938812e-08,
        1.0,
        8.077446489451745e-10
    ]
}