{
    "captions": [
        "top",
        "a rabbit",
        "a green field",
        "a painting"
    ],
    "metaclip": [
        0.000182095289346762,
        0.9970638155937195,
        0.0001620265538804233,
        0.002592024626210332
    ],
    "clip": [
        0.002727508544921875,
        0.94140625,
        0.0018167495727539062,
        0.053924560546875
    ],
    "eva": [
        2.2615297221723063e-12,
        1.0,
        1.738297107981273e-15,
        1.6051062701194496e-08
    ]
}