{
    "captions": [
        "that",
        "a small bird",
        "a ledge"
    ],
    "metaclip": [
        0.001257730764336884,
        0.9984273910522461,
        0.00031487891101278365
    ],
    "clip": [
        0.0011339187622070312,
        0.9990234375,
        7.778406143188477e-05
    ],
    "eva": [
        7.6057212936575525e-06,
        0.9999923706054688,
        9.664048228330557e-09
    ]
}