{
    "captions": [
        "a branch",
        "the snow",
        "that",
        "a bird"
    ],
    "metaclip": [
        0.0010142206447198987,
        0.01764720119535923,
        0.0011513776844367385,
        0.9801871180534363
    ],
    "clip": [
        0.017578125,
        0.1904296875,
        0.002674102783203125,
        0.78955078125
    ],
    "eva": [
        6.001378505260391e-09,
        2.296208549523726e-06,
        3.7142976907489356e-06,
        0.9999940395355225
    ]
}