{
    "captions": [
        "a black and white photo",
        "a lens",
        "a camera"
    ],
    "metaclip": [
        0.00484176492318511,
        0.04817963019013405,
        0.9469785690307617
    ],
    "clip": [
        0.026611328125,
        0.0782470703125,
        0.89501953125
    ],
    "eva": [
        3.471487843853538e-06,
        2.9993177577125607e-06,
        0.9999935626983643
    ]
}