{
    "captions": [
        "a track",
        "arafed race car",
        "a red and yellow car"
    ],
    "metaclip": [
        0.03964371234178543,
        0.35668420791625977,
        0.6036720871925354
    ],
    "clip": [
        0.06866455078125,
        0.56591796875,
        0.365478515625
    ],
    "eva": [
        5.329656050889753e-05,
        0.025578105822205544,
        0.9743685722351074
    ]
}