{
    "captions": [
        "a large smile",
        "a dog",
        "photograph",
        "his face"
    ],
    "metaclip": [
        0.002015921054407954,
        0.9902377724647522,
        0.000846320588607341,
        0.006899978034198284
    ],
    "clip": [
        0.002910614013671875,
        0.98095703125,
        0.006114959716796875,
        0.00992584228515625
    ],
    "eva": [
        4.0006192802977125e-10,
        0.9999986886978149,
        1.050439891514543e-06,
        2.702336132642813e-07
    ]
}