{
    "captions": [
        "trees",
        "painting",
        "two elephants",
        "the background",
        "a field"
    ],
    "metaclip": [
        0.0010597911896184087,
        0.03921070322394371,
        0.9485509395599365,
        0.0008561849244870245,
        0.010322288610041142
    ],
    "clip": [
        0.0003032684326171875,
        0.0860595703125,
        0.9111328125,
        0.001651763916015625,
        0.0005364418029785156
    ],
    "eva": [
        1.2465473098188795e-09,
        0.04527260363101959,
        0.9547269344329834,
        8.370012238856361e-09,
        5.084882559458492e-07
    ]
}