{
    "captions": [
        "fruit",
        "painting",
        "it",
        "a lot",
        "a tree"
    ],
    "metaclip": [
        0.0008060756372287869,
        0.06828202307224274,
        0.0026598710101097822,
        0.004827274940907955,
        0.9234247207641602
    ],
    "clip": [
        0.0013599395751953125,
        0.10308837890625,
        0.00328826904296875,
        0.0020732879638671875,
        0.890625
    ],
    "eva": [
        3.749165214395056e-11,
        3.35942154094937e-08,
        1.5815586340561794e-10,
        4.755119631383309e-10,
        1.0
    ]
}