{
    "captions": [
        "two sharks",
        "the ocean"
    ],
    "metaclip": [
        0.9996902942657471,
        0.00030967083876021206
    ],
    "clip": [
        0.98779296875,
        0.012237548828125
    ],
    "eva": [
        1.0,
        7.87695689924428e-12
    ]
}