{
    "captions": [
        "a tree trunk",
        "that",
        "a squirrel"
    ],
    "metaclip": [
        0.03680067136883736,
        0.0005917923990637064,
        0.9626075625419617
    ],
    "clip": [
        0.0021495819091796875,
        2.3126602172851562e-05,
        0.998046875
    ],
    "eva": [
        1.3806410947836412e-07,
        4.537882916655356e-11,
        0.9999998807907104
    ]
}