{
    "captions": [
        "the wall",
        "a bicycle",
        "that",
        "a picture"
    ],
    "metaclip": [
        4.5505516027333215e-05,
        0.9980564117431641,
        0.000329356495058164,
        0.0015687295235693455
    ],
    "clip": [
        6.848573684692383e-05,
        0.9892578125,
        7.12275505065918e-05,
        0.01032257080078125
    ],
    "eva": [
        9.377595065025455e-17,
        0.9999973773956299,
        6.937118848110435e-12,
        2.603879920570762e-06
    ]
}