{
    "captions": [
        "a white rabbit",
        "a pink surface",
        "the ocean"
    ],
    "metaclip": [
        0.9995397329330444,
        8.253174746641889e-05,
        0.00037766501191072166
    ],
    "clip": [
        1.0,
        0.00017952919006347656,
        0.00020825862884521484
    ],
    "eva": [
        1.0,
        1.4037520035259377e-09,
        1.8193432316238045e-09
    ]
}