{
    "captions": [
        "a close",
        "a squirrel",
        "a tree trunk",
        "a blurry background"
    ],
    "metaclip": [
        0.0006632066215388477,
        0.9836295247077942,
        0.0021906690672039986,
        0.013516705483198166
    ],
    "clip": [
        0.0010471343994140625,
        0.87353515625,
        0.005359649658203125,
        0.12005615234375
    ],
    "eva": [
        2.391998274800522e-12,
        1.0,
        7.778222510523847e-09,
        4.524383001580645e-08
    ]
}