{
    "captions": [
        "arafed image",
        "a motorcycle",
        "a dog",
        "a black and white image"
    ],
    "metaclip": [
        0.004055454861372709,
        0.9948292374610901,
        0.0004995251656509936,
        0.0006157627794891596
    ],
    "clip": [
        0.01015472412109375,
        0.98828125,
        0.0005640983581542969,
        0.0005555152893066406
    ],
    "eva": [
        4.079501493559068e-12,
        1.0,
        3.049439520341757e-11,
        7.731802975641244e-10
    ]
}