{
    "captions": [
        "a tree stump",
        "a squirrel",
        "that"
    ],
    "metaclip": [
        0.003750636475160718,
        0.9944203495979309,
        0.0018289568834006786
    ],
    "clip": [
        0.00154876708984375,
        0.99853515625,
        7.18832015991211e-05
    ],
    "eva": [
        7.016769387746535e-08,
        0.9999998807907104,
        3.394014583268934e-11
    ]
}