{
    "captions": [
        "a mouse",
        "a desk",
        "a computer monitor"
    ],
    "metaclip": [
        0.00032582052517682314,
        0.010327164083719254,
        0.989346981048584
    ],
    "clip": [
        0.0006284713745117188,
        0.01186370849609375,
        0.9873046875
    ],
    "eva": [
        1.634268831374186e-09,
        1.069523386831861e-05,
        0.9999892711639404
    ]
}