{
    "captions": [
        "arafed view",
        "the background",
        "a factory",
        "a wind turbine"
    ],
    "metaclip": [
        0.0014463522238656878,
        0.00875610951334238,
        0.9206926226615906,
        0.06910490244626999
    ],
    "clip": [
        0.0159454345703125,
        0.01194000244140625,
        0.63671875,
        0.335693359375
    ],
    "eva": [
        1.1997273077213322e-06,
        1.835156581364572e-06,
        0.9998464584350586,
        0.00015051814261823893
    ]
}