{
    "captions": [
        "a red kite",
        "painting",
        "the sky",
        "a hummingbird"
    ],
    "metaclip": [
        0.004166946280747652,
        0.040902279317379,
        0.015250750817358494,
        0.9396799802780151
    ],
    "clip": [
        0.0171966552734375,
        0.69775390625,
        0.0034656524658203125,
        0.28173828125
    ],
    "eva": [
        1.439414454296184e-08,
        6.113994459155947e-05,
        4.588225077650776e-10,
        0.9999388456344604
    ]
}