{
    "captions": [
        "a horse",
        "the snow",
        "a painting"
    ],
    "metaclip": [
        0.9317145347595215,
        0.06640598177909851,
        0.0018795363139361143
    ],
    "clip": [
        0.69921875,
        0.28271484375,
        0.017791748046875
    ],
    "eva": [
        0.9999524354934692,
        4.755131885758601e-05,
        6.881974851102868e-11
    ]
}