{
    "captions": [
        "painting",
        "rocks",
        "a pile",
        "a bulldozer"
    ],
    "metaclip": [
        0.005928462836891413,
        0.029611973091959953,
        0.01722661405801773,
        0.9472329616546631
    ],
    "clip": [
        0.0010938644409179688,
        0.043701171875,
        0.006103515625,
        0.94921875
    ],
    "eva": [
        5.256494972627479e-08,
        2.8657534585363464e-06,
        5.395517277406725e-08,
        0.9999970197677612
    ]
}