{
    "captions": [
        "a tree branch",
        "that",
        "a squirrel"
    ],
    "metaclip": [
        0.0049141463823616505,
        0.000861423322930932,
        0.994224488735199
    ],
    "clip": [
        0.0016231536865234375,
        6.192922592163086e-05,
        0.99853515625
    ],
    "eva": [
        8.436886744789263e-09,
        4.300658495992593e-09,
        1.0
    ]
}