{
    "captions": [
        "a crowd",
        "a racing car",
        "a track",
        "a close"
    ],
    "metaclip": [
        0.0007005506195127964,
        0.9779491424560547,
        0.01980225183069706,
        0.0015481297159567475
    ],
    "clip": [
        0.00206756591796875,
        0.8603515625,
        0.1319580078125,
        0.005619049072265625
    ],
    "eva": [
        3.2599056787319114e-10,
        0.9997060894966125,
        0.00029390447889454663,
        2.7068981722777608e-08
    ]
}