{
    "captions": [
        "a stuffed rabbit",
        "a close",
        "a blue bow"
    ],
    "metaclip": [
        0.9982969164848328,
        0.0011812051525339484,
        0.0005218393635004759
    ],
    "clip": [
        0.99609375,
        5.8531761169433594e-05,
        0.003482818603515625
    ],
    "eva": [
        1.0,
        2.9077827927610767e-14,
        1.270446595147412e-11
    ]
}