{
    "captions": [
        "a printer",
        "a plant",
        "a close",
        "the background",
        "a table"
    ],
    "metaclip": [
        0.9998922348022461,
        3.4867505746660754e-05,
        2.5666227884357795e-05,
        2.4357790607609786e-05,
        2.2843827537144534e-05
    ],
    "clip": [
        1.0,
        3.647804260253906e-05,
        2.6047229766845703e-05,
        7.510185241699219e-06,
        5.435943603515625e-05
    ],
    "eva": [
        1.0,
        6.9663902874409975e-15,
        3.0299460856975102e-12,
        2.854505168150055e-19,
        3.11132716812601e-12
    ]
}