{
    "captions": [
        "a black and white face",
        "arafed photo",
        "a dog"
    ],
    "metaclip": [
        0.0959145650267601,
        0.1756708323955536,
        0.7284146547317505
    ],
    "clip": [
        0.203857421875,
        0.038909912109375,
        0.75732421875
    ],
    "eva": [
        0.30606308579444885,
        0.002000699518248439,
        0.6919362545013428
    ]
}