{
    "captions": [
        "a blurry background",
        "a leaf",
        "a butterfly",
        "a close"
    ],
    "metaclip": [
        0.0193787794560194,
        0.009591581299901009,
        0.967570960521698,
        0.0034587793052196503
    ],
    "clip": [
        0.017547607421875,
        0.00495147705078125,
        0.97314453125,
        0.004299163818359375
    ],
    "eva": [
        9.687149971071563e-10,
        2.3175188434976235e-09,
        1.0,
        4.914061935146208e-10
    ]
}