{
    "captions": [
        "arafed image",
        "a tiled wall",
        "a smile",
        "a dog"
    ],
    "metaclip": [
        0.020630815997719765,
        0.041082680225372314,
        0.17622196674346924,
        0.7620645761489868
    ],
    "clip": [
        0.18017578125,
        0.62890625,
        0.03179931640625,
        0.1590576171875
    ],
    "eva": [
        0.0017461092211306095,
        0.021150510758161545,
        0.029867762699723244,
        0.947235643863678
    ]
}