{
    "captions": [
        "a tree branch",
        "that",
        "a squirrel"
    ],
    "metaclip": [
        0.002890048548579216,
        0.0005225738859735429,
        0.9965872764587402
    ],
    "clip": [
        0.0022525787353515625,
        0.00011038780212402344,
        0.998046875
    ],
    "eva": [
        9.949958190702546e-09,
        3.4362797052267524e-09,
        1.0
    ]
}