{
    "captions": [
        "a black and white photo",
        "a chicken"
    ],
    "metaclip": [
        0.0002688960521481931,
        0.9997311234474182
    ],
    "clip": [
        0.01384735107421875,
        0.986328125
    ],
    "eva": [
        1.1493402780615725e-05,
        0.9999885559082031
    ]
}