{
    "captions": [
        "the background",
        "trees",
        "painting",
        "a horse",
        "a field"
    ],
    "metaclip": [
        0.000543061934877187,
        0.00377033744007349,
        0.027551740407943726,
        0.9630200862884521,
        0.005114760249853134
    ],
    "clip": [
        0.0090789794921875,
        0.0006222724914550781,
        0.1558837890625,
        0.82958984375,
        0.00449371337890625
    ],
    "eva": [
        1.5984626122733658e-10,
        1.022399595540513e-10,
        1.4559437033767608e-07,
        0.9999998807907104,
        1.700672824789251e-09
    ]
}