{
    "captions": [
        "a field",
        "a horse",
        "trees",
        "the background",
        "painting"
    ],
    "metaclip": [
        0.005114761181175709,
        0.9630202054977417,
        0.003770337672904134,
        0.0005430619930848479,
        0.027551742270588875
    ],
    "clip": [
        0.00449371337890625,
        0.82958984375,
        0.0006222724914550781,
        0.0090789794921875,
        0.1558837890625
    ],
    "eva": [
        1.700672824789251e-09,
        0.9999998807907104,
        1.022399595540513e-10,
        1.5984626122733658e-10,
        1.4559437033767608e-07
    ]
}