{
    "captions": [
        "a pink field",
        "a painting",
        "top",
        "a rabbit"
    ],
    "metaclip": [
        0.0006418952834792435,
        0.010197944939136505,
        0.0006179597112350166,
        0.9885421991348267
    ],
    "clip": [
        0.0012073516845703125,
        0.054656982421875,
        0.0053253173828125,
        0.93896484375
    ],
    "eva": [
        7.256879016974416e-13,
        4.2277044087768445e-09,
        3.3521690197962917e-12,
        1.0
    ]
}