{
    "captions": [
        "a monster truck",
        "painting",
        "a desert landscape"
    ],
    "metaclip": [
        0.9991357922554016,
        0.0008401814848184586,
        2.4000575649552047e-05
    ],
    "clip": [
        0.97607421875,
        0.0225982666015625,
        0.0015621185302734375
    ],
    "eva": [
        1.0,
        1.2024545248401353e-10,
        1.6692945853727381e-12
    ]
}