{
    "captions": [
        "a train",
        "blurry photograph",
        "smoke stacks",
        "a factory"
    ],
    "metaclip": [
        0.0018916790140792727,
        0.16868305206298828,
        0.12294502556324005,
        0.7064803242683411
    ],
    "clip": [
        0.027374267578125,
        0.08428955078125,
        0.371826171875,
        0.5166015625
    ],
    "eva": [
        2.247747994676974e-11,
        9.57488964559161e-07,
        0.9377373456954956,
        0.0622616708278656
    ]
}