{
    "captions": [
        "four black and silver trash cans",
        "a wooden floor"
    ],
    "metaclip": [
        0.9902318120002747,
        0.00976817961782217
    ],
    "clip": [
        1.0,
        8.64267349243164e-06
    ],
    "eva": [
        1.0,
        9.561970627184474e-14
    ]
}