{
    "captions": [
        "the ocean",
        "a sky background",
        "a shark swimming"
    ],
    "metaclip": [
        0.0019312124932184815,
        2.0063227566424757e-05,
        0.9980486631393433
    ],
    "clip": [
        0.0015726089477539062,
        5.6862831115722656e-05,
        0.99853515625
    ],
    "eva": [
        7.873768304023088e-09,
        2.3404178985456103e-13,
        1.0
    ]
}