{
    "captions": [
        "a tree branch",
        "that",
        "a squirrel"
    ],
    "metaclip": [
        0.004566673655062914,
        0.00021756005298811942,
        0.9952157735824585
    ],
    "clip": [
        0.0010814666748046875,
        4.291534423828125e-05,
        0.9990234375
    ],
    "eva": [
        9.461740724248102e-09,
        5.535174540938215e-10,
        1.0
    ]
}