{
    "captions": [
        "top",
        "a rabbit",
        "a green field",
        "a painting"
    ],
    "metaclip": [
        0.0001634176733205095,
        0.9972067475318909,
        0.00015267921844497323,
        0.0024771096650511026
    ],
    "clip": [
        0.0012807846069335938,
        0.98095703125,
        0.0004639625549316406,
        0.0171356201171875
    ],
    "eva": [
        3.0612928858531063e-11,
        1.0,
        2.060809137813084e-15,
        8.726811273618296e-09
    ]
}