{
    "captions": [
        "a shark swimming",
        "a close",
        "coral",
        "the ocean"
    ],
    "metaclip": [
        0.9943768382072449,
        0.00010755528637673706,
        0.0009439134737476707,
        0.0045716227032244205
    ],
    "clip": [
        0.9951171875,
        0.0008263587951660156,
        0.0007643699645996094,
        0.00342559814453125
    ],
    "eva": [
        1.0,
        4.3304730461268814e-12,
        2.232059692630628e-08,
        1.0755838442122467e-09
    ]
}