{
    "captions": [
        "a window",
        "a wall",
        "a camera",
        "a close"
    ],
    "metaclip": [
        0.0005387401906773448,
        0.014736587181687355,
        0.9770833253860474,
        0.007641405798494816
    ],
    "clip": [
        7.605552673339844e-05,
        0.0015630722045898438,
        0.984375,
        0.013824462890625
    ],
    "eva": [
        2.4237069240484743e-08,
        9.360862350149546e-06,
        0.9999872446060181,
        3.432664698266308e-06
    ]
}