{
    "captions": [
        "a dog",
        "a large open mouth",
        "arafed image"
    ],
    "metaclip": [
        0.042933329939842224,
        0.8942635655403137,
        0.06280308961868286
    ],
    "clip": [
        0.03936767578125,
        0.035858154296875,
        0.9248046875
    ],
    "eva": [
        0.00194533821195364,
        0.9973605275154114,
        0.0006941823521628976
    ]
}