{
    "captions": [
        "that",
        "a pot",
        "a plant"
    ],
    "metaclip": [
        0.05044110119342804,
        0.03403570130467415,
        0.915523111820221
    ],
    "clip": [
        0.004638671875,
        0.08349609375,
        0.91162109375
    ],
    "eva": [
        9.621964558448326e-09,
        2.0654096033467795e-07,
        0.9999997615814209
    ]
}