{
    "captions": [
        "a field",
        "a horse",
        "a mountain",
        "flowers",
        "the background",
        "painting"
    ],
    "metaclip": [
        0.012326537631452084,
        0.9493551850318909,
        0.009039383381605148,
        0.0005132801015861332,
        0.001021669595502317,
        0.02774396911263466
    ],
    "clip": [
        0.01617431640625,
        0.8037109375,
        0.0172119140625,
        0.0008568763732910156,
        0.033172607421875,
        0.129150390625
    ],
    "eva": [
        6.745913339045728e-08,
        0.9999997615814209,
        6.902213556259085e-08,
        2.6569992733760373e-11,
        2.560579248633843e-10,
        7.874941587715512e-08
    ]
}