{
    "captions": [
        "a blurry photo",
        "shoes",
        "a pair",
        "a rock"
    ],
    "metaclip": [
        0.34260988235473633,
        0.6192774772644043,
        0.016613978892564774,
        0.02149868942797184
    ],
    "clip": [
        0.12237548828125,
        0.87646484375,
        0.0008373260498046875,
        0.0005893707275390625
    ],
    "eva": [
        7.657375135750044e-06,
        0.9943323135375977,
        0.005588800646364689,
        7.122563692973927e-05
    ]
}