{
    "captions": [
        "mouth",
        "arafed dog",
        "open mouth",
        "a field"
    ],
    "metaclip": [
        0.09181174635887146,
        0.1497706174850464,
        0.7563679218292236,
        0.0020496747456490993
    ],
    "clip": [
        0.051239013671875,
        0.568359375,
        0.355712890625,
        0.02496337890625
    ],
    "eva": [
        0.811318039894104,
        0.16010786592960358,
        0.028574055060744286,
        4.941934506064172e-08
    ]
}