{
    "captions": [
        "it",
        "a dog",
        "arafed image",
        "a smile",
        "face"
    ],
    "metaclip": [
        0.03232906013727188,
        0.7857108116149902,
        0.024313772097229958,
        0.07145329564809799,
        0.08619306236505508
    ],
    "clip": [
        0.005504608154296875,
        0.404541015625,
        0.51123046875,
        0.045379638671875,
        0.033203125
    ],
    "eva": [
        0.06663298606872559,
        0.5633228421211243,
        0.0019657257944345474,
        0.00013870651309844106,
        0.36793971061706543
    ]
}