{
    "captions": [
        "a branch",
        "a white and brown tail",
        "squirrel"
    ],
    "metaclip": [
        0.0007391733815893531,
        0.006109340116381645,
        0.9931515455245972
    ],
    "clip": [
        0.001163482666015625,
        0.1754150390625,
        0.82373046875
    ],
    "eva": [
        2.2461947857266296e-09,
        5.991469126387372e-11,
        1.0
    ]
}