{
    "captions": [
        "that",
        "the dirt",
        "a picture",
        "a horse"
    ],
    "metaclip": [
        0.010528914630413055,
        0.0010072985896840692,
        0.07058382034301758,
        0.9178799986839294
    ],
    "clip": [
        0.01180267333984375,
        0.004276275634765625,
        0.339599609375,
        0.64453125
    ],
    "eva": [
        1.7805239167500986e-06,
        5.834411079264079e-12,
        0.06334324926137924,
        0.9366549849510193
    ]
}