{
    "captions": [
        "a shark",
        "the ocean",
        "that"
    ],
    "metaclip": [
        0.9981538653373718,
        0.0016868938691914082,
        0.00015920208534225821
    ],
    "clip": [
        0.9970703125,
        0.0025501251220703125,
        0.0002815723419189453
    ],
    "eva": [
        1.0,
        3.529616043884687e-10,
        4.506506834367485e-10
    ]
}