{
    "captions": [
        "a tree trunk",
        "that",
        "a squirrel"
    ],
    "metaclip": [
        0.00238241208717227,
        0.0007212097989395261,
        0.9968963861465454
    ],
    "clip": [
        0.0007433891296386719,
        0.0001252889633178711,
        0.9990234375
    ],
    "eva": [
        6.027615739867542e-09,
        5.661729751693656e-09,
        1.0
    ]
}