{
    "captions": [
        "a cutting board",
        "wood",
        "it",
        "a piece"
    ],
    "metaclip": [
        0.9904690384864807,
        0.007857006043195724,
        0.0005504711880348623,
        0.001123539637774229
    ],
    "clip": [
        0.97802734375,
        0.0216064453125,
        2.5272369384765625e-05,
        0.0007510185241699219
    ],
    "eva": [
        0.9999998807907104,
        1.034109615716261e-07,
        1.9651742039217268e-11,
        6.201025110064151e-11
    ]
}