{
    "captions": [
        "a black cat",
        "the camera",
        "that"
    ],
    "metaclip": [
        0.7519263029098511,
        0.07656412571668625,
        0.17150963842868805
    ],
    "clip": [
        0.78662109375,
        0.12445068359375,
        0.08892822265625
    ],
    "eva": [
        0.9998992681503296,
        3.7698330856983375e-07,
        0.00010041994391940534
    ]
}