{
    "captions": [
        "a tiled floor",
        "a tiger",
        "a room"
    ],
    "metaclip": [
        0.03155914694070816,
        0.9657888412475586,
        0.00265204138122499
    ],
    "clip": [
        0.0233001708984375,
        0.97509765625,
        0.0013141632080078125
    ],
    "eva": [
        2.697737727430649e-05,
        0.9999730587005615,
        2.0389958818589626e-11
    ]
}