{
    "captions": [
        "fruit",
        "knife",
        "a plate",
        "a table",
        "a fork"
    ],
    "metaclip": [
        0.005594409536570311,
        0.021514970809221268,
        0.18615472316741943,
        0.7542309165000916,
        0.032505009323358536
    ],
    "clip": [
        0.0010623931884765625,
        0.048858642578125,
        0.2442626953125,
        0.68505859375,
        0.0210113525390625
    ],
    "eva": [
        1.3675421541847754e-06,
        0.0005536000826396048,
        0.007770471274852753,
        0.9916742444038391,
        3.8167740967764985e-07
    ]
}