{
    "captions": [
        "a snowy surface",
        "painting",
        "the snow",
        "a bird"
    ],
    "metaclip": [
        0.01951117441058159,
        0.001967503223568201,
        0.08597788214683533,
        0.892543375492096
    ],
    "clip": [
        0.02545166015625,
        0.0085296630859375,
        0.1739501953125,
        0.7919921875
    ],
    "eva": [
        7.853574788896367e-05,
        8.547897500932322e-09,
        4.630759576684795e-05,
        0.9998751878738403
    ]
}