{
    "captions": [
        "a woman",
        "the snow",
        "that",
        "a ballerina"
    ],
    "metaclip": [
        0.0006293501355685294,
        0.00019150105072185397,
        0.0004997712094336748,
        0.9986793398857117
    ],
    "clip": [
        8.940696716308594e-05,
        0.0009388923645019531,
        0.0006976127624511719,
        0.998046875
    ],
    "eva": [
        4.328711868117896e-13,
        1.8584606509969293e-12,
        5.052065987776189e-10,
        1.0
    ]
}