{
    "captions": [
        "it",
        "head",
        "a bridle",
        "a horse"
    ],
    "metaclip": [
        0.00022544867533724755,
        0.0033795880153775215,
        0.09487301111221313,
        0.9015218615531921
    ],
    "clip": [
        0.00013267993927001953,
        0.0005946159362792969,
        0.1942138671875,
        0.80517578125
    ],
    "eva": [
        4.924540775164132e-09,
        5.834172043250874e-07,
        2.0240895537426695e-06,
        0.9999973773956299
    ]
}