{
    "captions": [
        "painting",
        "no leaves",
        "it",
        "a tree"
    ],
    "metaclip": [
        0.07710054516792297,
        0.06293530762195587,
        0.0010123690590262413,
        0.8589518666267395
    ],
    "clip": [
        0.041351318359375,
        0.07373046875,
        0.000942230224609375,
        0.8837890625
    ],
    "eva": [
        4.589162383439316e-10,
        1.1615997053127103e-10,
        2.4294374845190703e-10,
        1.0
    ]
}