{
    "captions": [
        "a brown rabbit",
        "the background",
        "painting",
        "a blue sky"
    ],
    "metaclip": [
        0.9965600371360779,
        3.974875289713964e-05,
        0.0031266920268535614,
        0.0002735676243901253
    ],
    "clip": [
        0.9990234375,
        5.137920379638672e-05,
        0.0008692741394042969,
        2.193450927734375e-05
    ],
    "eva": [
        1.0,
        9.36323284531082e-13,
        6.033573640706891e-09,
        1.814915981444929e-14
    ]
}