{
    "captions": [
        "front",
        "a person",
        "a picture",
        "a wall"
    ],
    "metaclip": [
        0.03820270672440529,
        0.14808489382266998,
        0.5710556507110596,
        0.24265673756599426
    ],
    "clip": [
        0.003589630126953125,
        0.1456298828125,
        0.40234375,
        0.44873046875
    ],
    "eva": [
        0.00033946571056731045,
        2.3227669032621634e-07,
        0.9969802498817444,
        0.0026800695341080427
    ]
}