{
    "captions": [
        "face",
        "it",
        "a dog",
        "a close",
        "a very big smile"
    ],
    "metaclip": [
        0.08583127707242966,
        0.0038048243150115013,
        0.8337579369544983,
        0.008628805167973042,
        0.067977175116539
    ],
    "clip": [
        0.0214385986328125,
        0.0037841796875,
        0.955078125,
        0.01406097412109375,
        0.0052947998046875
    ],
    "eva": [
        0.023814696818590164,
        0.0007482525543309748,
        0.975409984588623,
        8.186523700715043e-06,
        1.889616578409914e-05
    ]
}