{
    "captions": [
        "the air",
        "a close",
        "a colorful bird"
    ],
    "metaclip": [
        0.015886543318629265,
        0.00879025086760521,
        0.9753231406211853
    ],
    "clip": [
        0.00014889240264892578,
        0.00033020973205566406,
        1.0
    ],
    "eva": [
        5.1605456019565565e-12,
        7.284159386777844e-12,
        1.0
    ]
}