{
    "captions": [
        "a sky background",
        "a rabbit",
        "the grass",
        "a painting"
    ],
    "metaclip": [
        4.963124592904933e-05,
        0.9942761063575745,
        0.0032687238417565823,
        0.0024054618552327156
    ],
    "clip": [
        0.0029621124267578125,
        0.97509765625,
        0.00351715087890625,
        0.0178680419921875
    ],
    "eva": [
        9.700718447504392e-18,
        1.0,
        3.047987418014486e-10,
        2.308709312615065e-08
    ]
}