{
    "captions": [
        "the snow",
        "a small dog",
        "that"
    ],
    "metaclip": [
        0.27172067761421204,
        0.024600215256214142,
        0.703679084777832
    ],
    "clip": [
        0.08502197265625,
        0.6689453125,
        0.24609375
    ],
    "eva": [
        0.0019160336814820766,
        0.0004503130039665848,
        0.997633695602417
    ]
}