{
    "captions": [
        "painting",
        "a duck",
        "a green head",
        "yellow beak"
    ],
    "metaclip": [
        0.0002681383630260825,
        0.9485099911689758,
        0.0018207950051873922,
        0.049401186406612396
    ],
    "clip": [
        0.005878448486328125,
        0.9580078125,
        0.00882720947265625,
        0.0271759033203125
    ],
    "eva": [
        5.1924861979579795e-12,
        1.0,
        1.7786454253876371e-10,
        8.305403476072115e-09
    ]
}