{
    "captions": [
        "the tracks",
        "that",
        "the city",
        "a train"
    ],
    "metaclip": [
        0.8426438570022583,
        0.020948342978954315,
        0.05942276492714882,
        0.07698506116867065
    ],
    "clip": [
        0.219970703125,
        0.022125244140625,
        0.01406097412109375,
        0.744140625
    ],
    "eva": [
        0.9971534013748169,
        1.9692457499331795e-05,
        0.0008539280970580876,
        0.0019729130435734987
    ]
}