{
    "captions": [
        "a tree",
        "a branch",
        "a bird"
    ],
    "metaclip": [
        0.05745081603527069,
        0.12638172507286072,
        0.816167414188385
    ],
    "clip": [
        0.020538330078125,
        0.06427001953125,
        0.9150390625
    ],
    "eva": [
        1.1363503027439492e-08,
        8.751351742830593e-06,
        0.9999912977218628
    ]
}