{
    "captions": [
        "a painting",
        "the grass",
        "trees",
        "the background",
        "a rabbit"
    ],
    "metaclip": [
        0.00326342205516994,
        0.002720955293625593,
        0.0013031130656599998,
        0.0002934318908955902,
        0.9924190044403076
    ],
    "clip": [
        0.037628173828125,
        0.0024814605712890625,
        0.00024962425231933594,
        0.004222869873046875,
        0.95556640625
    ],
    "eva": [
        1.886968092890129e-08,
        9.615330233414543e-12,
        1.3507766953579914e-12,
        7.351056395543676e-12,
        1.0
    ]
}