{
    "captions": [
        "a black collar",
        "a black nose",
        "arafed black dog"
    ],
    "metaclip": [
        0.10160470753908157,
        0.07849188148975372,
        0.8199033737182617
    ],
    "clip": [
        0.01556396484375,
        0.006587982177734375,
        0.97802734375
    ],
    "eva": [
        7.317543804674642e-06,
        2.185523771913722e-05,
        0.9999709129333496
    ]
}