{
    "captions": [
        "a fish",
        "that",
        "a room",
        "a tile wall"
    ],
    "metaclip": [
        0.21117648482322693,
        0.0006194736924953759,
        0.002102274214848876,
        0.7861018180847168
    ],
    "clip": [
        0.6533203125,
        0.0021114349365234375,
        0.005565643310546875,
        0.3388671875
    ],
    "eva": [
        0.9999626874923706,
        2.347685585846193e-05,
        1.7862121781675455e-09,
        1.3819138075632509e-05
    ]
}