{
    "captions": [
        "arafed dog",
        "its mouth",
        "the grass"
    ],
    "metaclip": [
        0.85087651014328,
        0.14661943912506104,
        0.0025040784385055304
    ],
    "clip": [
        0.93310546875,
        0.053466796875,
        0.0134124755859375
    ],
    "eva": [
        0.9995750784873962,
        0.0004248779150657356,
        5.087365195777238e-09
    ]
}