{
    "captions": [
        "a fish",
        "a shark swimming",
        "the background",
        "the ocean"
    ],
    "metaclip": [
        0.006622709799557924,
        0.9895185828208923,
        7.885818922659382e-05,
        0.0037799605634063482
    ],
    "clip": [
        0.005451202392578125,
        0.9912109375,
        0.0003325939178466797,
        0.0028285980224609375
    ],
    "eva": [
        1.1729105153790442e-06,
        0.9999988079071045,
        1.670541201030662e-12,
        6.070506319844071e-09
    ]
}