{
    "captions": [
        "painting",
        "a big nose",
        "a long ear",
        "a rabbit"
    ],
    "metaclip": [
        0.004112081602215767,
        0.009371481835842133,
        0.07558749616146088,
        0.9109289646148682
    ],
    "clip": [
        0.010101318359375,
        0.0027599334716796875,
        0.01947021484375,
        0.9677734375
    ],
    "eva": [
        5.568641103792515e-10,
        1.4409752280286625e-09,
        1.2210443856019992e-06,
        0.9999988079071045
    ]
}