{
    "captions": [
        "many plates",
        "a counter",
        "a kitchen"
    ],
    "metaclip": [
        0.01171308383345604,
        0.30145934224128723,
        0.6868276000022888
    ],
    "clip": [
        0.0697021484375,
        0.52294921875,
        0.4072265625
    ],
    "eva": [
        7.560098310932517e-05,
        0.9082542657852173,
        0.09167016297578812
    ]
}