{
    "captions": [
        "a tree stump",
        "that",
        "a squirrel"
    ],
    "metaclip": [
        0.0010384677443653345,
        0.00045069571933709085,
        0.9985108971595764
    ],
    "clip": [
        0.0014104843139648438,
        4.094839096069336e-05,
        0.99853515625
    ],
    "eva": [
        4.8987072176487345e-09,
        2.6680724296568314e-10,
        1.0
    ]
}