{
    "captions": [
        "a horse",
        "the snow",
        "that"
    ],
    "metaclip": [
        0.9830953478813171,
        0.012533358298242092,
        0.004371283575892448
    ],
    "clip": [
        0.974609375,
        0.0243988037109375,
        0.00095367431640625
    ],
    "eva": [
        0.9999998807907104,
        8.875353785242623e-09,
        6.25445224500254e-08
    ]
}