{
    "captions": [
        "painting",
        "a small dog",
        "a purple surface"
    ],
    "metaclip": [
        0.12658552825450897,
        0.8201150894165039,
        0.053299352526664734
    ],
    "clip": [
        0.0604248046875,
        0.93017578125,
        0.0092620849609375
    ],
    "eva": [
        1.2992938536626752e-05,
        0.9999865293502808,
        5.145647605786507e-07
    ]
}