{
    "captions": [
        "a red race car",
        "a painting",
        "a green field"
    ],
    "metaclip": [
        0.9996528625488281,
        0.000247087242314592,
        0.00010007534001488239
    ],
    "clip": [
        0.990234375,
        0.0084381103515625,
        0.001560211181640625
    ],
    "eva": [
        1.0,
        1.0118248600088364e-10,
        4.24311708815614e-13
    ]
}