{
    "captions": [
        "painting",
        "a garden",
        "leaves",
        "flowers",
        "a cat"
    ],
    "metaclip": [
        0.009815266355872154,
        0.0037676081992685795,
        0.038222361356019974,
        0.0017378091579303145,
        0.9464570879936218
    ],
    "clip": [
        0.0909423828125,
        0.0131072998046875,
        0.0026416778564453125,
        0.0024242401123046875,
        0.890625
    ],
    "eva": [
        3.4598613751768426e-07,
        3.9601619761242546e-09,
        3.183646185789257e-05,
        1.4294926353741744e-10,
        0.9999678134918213
    ]
}