{
    "captions": [
        "a wooden table",
        "a cat",
        "that"
    ],
    "metaclip": [
        0.9732882380485535,
        0.0021649273112416267,
        0.024546876549720764
    ],
    "clip": [
        1.0,
        0.00017952919006347656,
        3.4809112548828125e-05
    ],
    "eva": [
        1.0,
        1.3598633330502707e-08,
        8.44802983124282e-09
    ]
}