{
    "captions": [
        "the beach",
        "a rabbit",
        "the water"
    ],
    "metaclip": [
        0.0003816287498921156,
        0.9995529055595398,
        6.544758070958778e-05
    ],
    "clip": [
        0.007343292236328125,
        0.9921875,
        0.0005931854248046875
    ],
    "eva": [
        1.3497543527307698e-08,
        1.0,
        5.4646457647053275e-15
    ]
}