{
    "captions": [
        "a hummingbird",
        "painting",
        "a blue flower"
    ],
    "metaclip": [
        0.943009614944458,
        0.044692669063806534,
        0.012297648936510086
    ],
    "clip": [
        0.58935546875,
        0.3154296875,
        0.0947265625
    ],
    "eva": [
        0.999180018901825,
        0.0008199586300179362,
        6.851581080269398e-09
    ]
}