{
    "captions": [
        "trees",
        "painting",
        "a forest",
        "grass",
        "a bear"
    ],
    "metaclip": [
        0.0009160147747024894,
        0.001688940217718482,
        0.01257409993559122,
        0.0009610892157070339,
        0.9838597774505615
    ],
    "clip": [
        0.0030117034912109375,
        0.0113677978515625,
        0.006374359130859375,
        0.0034122467041015625,
        0.97607421875
    ],
    "eva": [
        3.5134829073912854e-13,
        7.96462826246902e-11,
        1.0486748891480602e-07,
        9.829722756246606e-13,
        0.9999998807907104
    ]
}