{
    "captions": [
        "a fish",
        "a shark swimming",
        "the bottom",
        "the ocean"
    ],
    "metaclip": [
        0.004286809358745813,
        0.9929532408714294,
        0.00014121945423539728,
        0.0026186853647232056
    ],
    "clip": [
        0.006679534912109375,
        0.9912109375,
        0.00020015239715576172,
        0.0018835067749023438
    ],
    "eva": [
        1.1930828236472735e-07,
        0.9999998807907104,
        4.411184145822894e-13,
        2.366286722121913e-08
    ]
}