{
    "captions": [
        "the camera",
        "a tree",
        "the woods"
    ],
    "metaclip": [
        0.08288714289665222,
        0.0283785630017519,
        0.8887343406677246
    ],
    "clip": [
        0.428466796875,
        0.0300750732421875,
        0.54150390625
    ],
    "eva": [
        0.001355091342702508,
        0.005361647345125675,
        0.9932832717895508
    ]
}