{
    "captions": [
        "photograph",
        "a rabbit",
        "the ocean",
        "a beach"
    ],
    "metaclip": [
        0.00016260291158687323,
        0.9817062020301819,
        0.011804685927927494,
        0.006326455622911453
    ],
    "clip": [
        0.0203094482421875,
        0.96337890625,
        0.005382537841796875,
        0.01103973388671875
    ],
    "eva": [
        1.1622963569379863e-07,
        0.9999992847442627,
        1.1379815312295705e-08,
        5.76910622385185e-07
    ]
}