{
    "captions": [
        "its mouth",
        "a dog"
    ],
    "metaclip": [
        0.9403126239776611,
        0.05968738719820976
    ],
    "clip": [
        0.9248046875,
        0.07476806640625
    ],
    "eva": [
        0.9972149133682251,
        0.0027851120103150606
    ]
}