{
    "captions": [
        "that",
        "a squirrel",
        "a tree trunk"
    ],
    "metaclip": [
        0.00017973377543967217,
        0.9984764456748962,
        0.001343835610896349
    ],
    "clip": [
        2.2649765014648438e-05,
        0.9990234375,
        0.0009851455688476562
    ],
    "eva": [
        1.1722003923075874e-10,
        1.0,
        1.4323452424136462e-09
    ]
}