{
    "captions": [
        "arafed rabbit",
        "the beach"
    ],
    "metaclip": [
        0.9939656853675842,
        0.006034348625689745
    ],
    "clip": [
        0.99609375,
        0.003765106201171875
    ],
    "eva": [
        0.9999978542327881,
        2.1948803805571515e-06
    ]
}