{
    "captions": [
        "a pattern",
        "a dog's face",
        "a close",
        "it"
    ],
    "metaclip": [
        0.8284821510314941,
        0.058637432754039764,
        0.08984699845314026,
        0.023033414036035538
    ],
    "clip": [
        0.1448974609375,
        0.279296875,
        0.2109375,
        0.364501953125
    ],
    "eva": [
        0.21567663550376892,
        0.10979145020246506,
        0.06037236377596855,
        0.6141595244407654
    ]
}