{
    "captions": [
        "a pattern",
        "a white surface",
        "three gold colored spirals"
    ],
    "metaclip": [
        0.6334576606750488,
        0.004495611414313316,
        0.3620468080043793
    ],
    "clip": [
        0.39990234375,
        0.05328369140625,
        0.546875
    ],
    "eva": [
        0.16860604286193848,
        2.9938962597952923e-06,
        0.8313909769058228
    ]
}