{
    "captions": [
        "painting",
        "a frame",
        "a green background",
        "a hummingbird"
    ],
    "metaclip": [
        0.011088773608207703,
        0.0029349615797400475,
        7.282348815351725e-05,
        0.9859035015106201
    ],
    "clip": [
        0.0149688720703125,
        0.0128021240234375,
        0.0017881393432617188,
        0.970703125
    ],
    "eva": [
        4.929413766063817e-09,
        9.154608051176183e-06,
        1.143305827615293e-13,
        0.9999908208847046
    ]
}