{
    "captions": [
        "a rabbit",
        "a painting",
        "a field",
        "purple flowers"
    ],
    "metaclip": [
        0.9956549406051636,
        0.0034645432606339455,
        0.0007242918945848942,
        0.00015620290650986135
    ],
    "clip": [
        0.98876953125,
        0.01081085205078125,
        0.0003020763397216797,
        0.0001761913299560547
    ],
    "eva": [
        1.0,
        3.315644647727822e-08,
        3.958868233233659e-10,
        4.550959609161964e-09
    ]
}