{
    "captions": [
        "it",
        "a tie",
        "circles",
        "a pattern",
        "a close"
    ],
    "metaclip": [
        0.008324085734784603,
        0.004194740206003189,
        0.820858895778656,
        0.13874708116054535,
        0.027875244617462158
    ],
    "clip": [
        0.008544921875,
        0.0034809112548828125,
        0.763671875,
        0.134765625,
        0.08978271484375
    ],
    "eva": [
        0.00906534492969513,
        1.8770881524687866e-06,
        0.9260864853858948,
        0.06470377743244171,
        0.00014255192945711315
    ]
}