{
    "captions": [
        "the ground",
        "a squirrel",
        "the grass",
        "that"
    ],
    "metaclip": [
        0.00046444719191640615,
        0.9981447458267212,
        8.802800584817305e-05,
        0.0013027581153437495
    ],
    "clip": [
        0.0007786750793457031,
        0.99853515625,
        0.0007786750793457031,
        7.128715515136719e-05
    ],
    "eva": [
        3.8657705508926554e-12,
        1.0,
        9.832349778110538e-13,
        3.2559002161036688e-09
    ]
}