{
    "captions": [
        "a red comb",
        "painting",
        "a rooster",
        "its head"
    ],
    "metaclip": [
        0.002952313981950283,
        0.0004287992778699845,
        0.9929324388504028,
        0.003686428302899003
    ],
    "clip": [
        0.007381439208984375,
        0.0033779144287109375,
        0.98193359375,
        0.007266998291015625
    ],
    "eva": [
        1.3910604224065537e-08,
        3.7952592180090505e-09,
        1.0,
        5.795441015976621e-09
    ]
}