{
    "captions": [
        "araffe",
        "it",
        "a dress",
        "a feather"
    ],
    "metaclip": [
        0.8210123777389526,
        0.08435636013746262,
        0.0042514135129749775,
        0.09037990123033524
    ],
    "clip": [
        0.78955078125,
        0.06182861328125,
        0.01358795166015625,
        0.135009765625
    ],
    "eva": [
        0.2606487274169922,
        0.010881834663450718,
        1.4526030099659692e-05,
        0.7284548878669739
    ]
}