{
    "captions": [
        "painting",
        "a field",
        "the grass",
        "a rabbit"
    ],
    "metaclip": [
        0.002349823247641325,
        0.0008317300816997886,
        0.0036933659575879574,
        0.9931250810623169
    ],
    "clip": [
        0.0111083984375,
        0.001033782958984375,
        0.003086090087890625,
        0.98486328125
    ],
    "eva": [
        1.7652482253716073e-10,
        3.4253188393312817e-13,
        1.4507960804932551e-11,
        1.0
    ]
}