{
    "captions": [
        "a wire",
        "eggs",
        "a table",
        "a plate"
    ],
    "metaclip": [
        0.0011903943959623575,
        0.945007860660553,
        0.0013699447736144066,
        0.052431702613830566
    ],
    "clip": [
        0.0147705078125,
        0.96533203125,
        0.011322021484375,
        0.0083465576171875
    ],
    "eva": [
        6.177994042993323e-14,
        0.9999997615814209,
        1.904557844767396e-09,
        2.57968196137881e-07
    ]
}