{
    "captions": [
        "the ground",
        "that",
        "a squirrel",
        "the grass"
    ],
    "metaclip": [
        0.0007954033790156245,
        0.0017793818842619658,
        0.9969742298126221,
        0.00045088352635502815
    ],
    "clip": [
        0.0016660690307617188,
        0.00017833709716796875,
        0.9931640625,
        0.004673004150390625
    ],
    "eva": [
        2.917269897872998e-11,
        4.384555912784194e-11,
        1.0,
        8.07965500060348e-12
    ]
}