{
    "captions": [
        "a blanket",
        "that",
        "a crab"
    ],
    "metaclip": [
        0.00019708623585756868,
        0.0013077870244160295,
        0.9984951019287109
    ],
    "clip": [
        0.00376129150390625,
        0.0007762908935546875,
        0.9951171875
    ],
    "eva": [
        3.103280132865649e-11,
        4.4204054305829743e-10,
        1.0
    ]
}