{
    "captions": [
        "a black and white photo",
        "notes",
        "music",
        "a sheet"
    ],
    "metaclip": [
        0.0018937642453238368,
        0.13109931349754333,
        0.8555991649627686,
        0.01140779722481966
    ],
    "clip": [
        0.001155853271484375,
        0.02215576171875,
        0.9716796875,
        0.0050201416015625
    ],
    "eva": [
        4.6303558209892515e-11,
        0.00022418324078898877,
        0.9997757077217102,
        1.279367296547207e-07
    ]
}