{
    "captions": [
        "white background",
        "multicolored wings"
    ],
    "metaclip": [
        0.0016101243672892451,
        0.9983899593353271
    ],
    "clip": [
        0.033599853515625,
        0.96630859375
    ],
    "eva": [
        4.6293918698481207e-10,
        1.0
    ]
}