{
    "captions": [
        "a beach",
        "a rabbit",
        "the ocean",
        "a close"
    ],
    "metaclip": [
        0.0005209443042986095,
        0.999127209186554,
        0.00013737093831878155,
        0.00021453527733683586
    ],
    "clip": [
        5.918741226196289e-05,
        1.0,
        9.834766387939453e-06,
        0.0001621246337890625
    ],
    "eva": [
        6.603916719027936e-11,
        1.0,
        3.491884786963745e-13,
        4.659897467895746e-12
    ]
}