{
    "captions": [
        "the counter",
        "knives",
        "many cutting boards"
    ],
    "metaclip": [
        0.0038187443278729916,
        0.06154424697160721,
        0.9346370697021484
    ],
    "clip": [
        0.0094757080078125,
        0.039276123046875,
        0.95166015625
    ],
    "eva": [
        1.6484613674094817e-10,
        0.030655615031719208,
        0.9693443179130554
    ]
}