{
    "captions": [
        "the background",
        "a shark swimming",
        "the ocean",
        "a fish"
    ],
    "metaclip": [
        9.087297803489491e-05,
        0.9864113926887512,
        0.005683188326656818,
        0.007814541459083557
    ],
    "clip": [
        0.00035190582275390625,
        0.9853515625,
        0.007762908935546875,
        0.006435394287109375
    ],
    "eva": [
        8.061290350525052e-12,
        0.9999998807907104,
        1.6404268166070324e-08,
        8.68371117235256e-08
    ]
}