{
    "captions": [
        "a desk",
        "a window",
        "front",
        "a laptop"
    ],
    "metaclip": [
        0.5986000895500183,
        0.022394416853785515,
        0.0987907201051712,
        0.2802148461341858
    ],
    "clip": [
        0.76318359375,
        0.0051422119140625,
        0.002391815185546875,
        0.2291259765625
    ],
    "eva": [
        0.9990115165710449,
        2.5168046136059274e-07,
        0.0009682283853180707,
        1.9991719454992563e-05
    ]
}