{
    "captions": [
        "painting",
        "a dog",
        "a happy face",
        "a field"
    ],
    "metaclip": [
        0.0006212636944837868,
        0.892660915851593,
        0.10526379942893982,
        0.0014540540287271142
    ],
    "clip": [
        0.0357666015625,
        0.7294921875,
        0.22607421875,
        0.00849151611328125
    ],
    "eva": [
        3.657025376968548e-11,
        0.9969833493232727,
        0.003016639733687043,
        2.7433108562568975e-10
    ]
}