{
    "captions": [
        "a stove",
        "this",
        "a picture",
        "wood floors",
        "a kitchen"
    ],
    "metaclip": [
        0.08892140537500381,
        0.0017641970189288259,
        0.014194748364388943,
        0.09456503391265869,
        0.8005545735359192
    ],
    "clip": [
        0.0133514404296875,
        6.788969039916992e-05,
        0.001194000244140625,
        0.39013671875,
        0.59521484375
    ],
    "eva": [
        2.3688045985181816e-05,
        1.8531883805295024e-09,
        8.196352609957103e-06,
        0.05547105148434639,
        0.9444970488548279
    ]
}