{
    "captions": [
        "a yellow wing",
        "a blue background",
        "painting",
        "a butterfly"
    ],
    "metaclip": [
        0.14278246462345123,
        0.0017271324759349227,
        0.019416164606809616,
        0.8360742330551147
    ],
    "clip": [
        0.049835205078125,
        0.0214385986328125,
        0.09912109375,
        0.82958984375
    ],
    "eva": [
        0.00015266647096723318,
        3.462966025047365e-12,
        5.062256605015136e-07,
        0.9998468160629272
    ]
}