{
    "captions": [
        "a blurry background",
        "arafed image",
        "a dog"
    ],
    "metaclip": [
        0.04470013082027435,
        0.006193968467414379,
        0.9491059184074402
    ],
    "clip": [
        0.032470703125,
        0.0185089111328125,
        0.94921875
    ],
    "eva": [
        2.8480112632678356e-06,
        1.52880332393579e-07,
        0.9999970197677612
    ]
}