{
    "captions": [
        "araffe panda bear",
        "a field",
        "tall grass"
    ],
    "metaclip": [
        0.9708976149559021,
        0.0026366333477199078,
        0.026465704664587975
    ],
    "clip": [
        0.9912109375,
        0.0015134811401367188,
        0.007450103759765625
    ],
    "eva": [
        1.0,
        8.414222096853052e-10,
        5.133320879480152e-09
    ]
}