{
    "captions": [
        "a dog",
        "arafed image",
        "a large open mouth"
    ],
    "metaclip": [
        0.049059297889471054,
        0.2451154887676239,
        0.7058252096176147
    ],
    "clip": [
        0.158203125,
        0.69775390625,
        0.14404296875
    ],
    "eva": [
        0.005136617459356785,
        0.00030169138335622847,
        0.9945616126060486
    ]
}