{
    "captions": [
        "a wall",
        "a skateboard",
        "arafed image",
        "front",
        "a person"
    ],
    "metaclip": [
        0.411615252494812,
        0.018216285854578018,
        0.10514266043901443,
        0.14536376297473907,
        0.31966203451156616
    ],
    "clip": [
        0.3095703125,
        0.032623291015625,
        0.63525390625,
        0.0018548965454101562,
        0.0205841064453125
    ],
    "eva": [
        0.9998216032981873,
        9.082430665330321e-07,
        6.267101707635447e-05,
        0.00011281653860351071,
        2.025830781349214e-06
    ]
}