{
    "captions": [
        "a colorful background",
        "a colorful bird",
        "a close"
    ],
    "metaclip": [
        0.015266199596226215,
        0.9781675934791565,
        0.006566235795617104
    ],
    "clip": [
        0.007785797119140625,
        0.98876953125,
        0.003650665283203125
    ],
    "eva": [
        4.219722882226051e-08,
        1.0,
        1.5044106405071034e-08
    ]
}