{
    "captions": [
        "a painting",
        "a bicycle",
        "a pink background",
        "a teddy bear"
    ],
    "metaclip": [
        0.0007170859607867897,
        0.9630413055419922,
        0.03614372760057449,
        9.786976443137974e-05
    ],
    "clip": [
        0.0004572868347167969,
        0.9970703125,
        0.00243377685546875,
        6.020069122314453e-06
    ],
    "eva": [
        1.1756406395266317e-12,
        1.0,
        1.0229605607037229e-08,
        1.0555307848473042e-13
    ]
}