{
    "captions": [
        "a camera",
        "a window",
        "a close",
        "a wall"
    ],
    "metaclip": [
        0.9754384756088257,
        0.0023146318271756172,
        0.009227878414094448,
        0.01301902998238802
    ],
    "clip": [
        0.90869140625,
        0.0157623291015625,
        0.021697998046875,
        0.0537109375
    ],
    "eva": [
        0.9994670748710632,
        6.778941497032065e-06,
        0.00020167924230918288,
        0.00032445357646793127
    ]
}