{
    "captions": [
        "a shadow",
        "arafed image",
        "a square pattern",
        "a vase"
    ],
    "metaclip": [
        0.0010320026194676757,
        0.0055016023106873035,
        0.9929723739624023,
        0.0004940131329931319
    ],
    "clip": [
        0.005046844482421875,
        0.2978515625,
        0.69287109375,
        0.004215240478515625
    ],
    "eva": [
        3.6682902191387257e-06,
        0.00018671774887479842,
        0.9998095631599426,
        7.775406984933397e-09
    ]
}