{
    "captions": [
        "a blurry photo",
        "a kitchen",
        "a stove",
        "a microwave"
    ],
    "metaclip": [
        0.5266393423080444,
        0.04582812637090683,
        0.3183232843875885,
        0.10920929163694382
    ],
    "clip": [
        0.8759765625,
        0.0012369155883789062,
        0.10137939453125,
        0.0215911865234375
    ],
    "eva": [
        0.2278861701488495,
        0.26015961170196533,
        0.510414719581604,
        0.0015394773799926043
    ]
}