{
    "captions": [
        "a flower",
        "a hummingbird",
        "painting",
        "a blue background"
    ],
    "metaclip": [
        0.0007251480710692704,
        0.9895917773246765,
        0.009614886716008186,
        6.818892143201083e-05
    ],
    "clip": [
        0.0003426074981689453,
        0.95166015625,
        0.046661376953125,
        0.0015964508056640625
    ],
    "eva": [
        8.086736141832418e-12,
        0.999992847442627,
        7.121244379959535e-06,
        2.261736804787251e-13
    ]
}