{
    "captions": [
        "photograph",
        "a white wolf",
        "a green background"
    ],
    "metaclip": [
        1.1342546713422053e-05,
        0.999969482421875,
        1.92158404388465e-05
    ],
    "clip": [
        0.0001634359359741211,
        1.0,
        7.605552673339844e-05
    ],
    "eva": [
        2.2145139387075123e-14,
        1.0,
        3.5992544864225397e-16
    ]
}