{
    "captions": [
        "a scarf",
        "a hat",
        "a dog",
        "a picture"
    ],
    "metaclip": [
        0.052210260182619095,
        0.07972130179405212,
        0.19165118038654327,
        0.6764172911643982
    ],
    "clip": [
        0.0132293701171875,
        0.07208251953125,
        0.022674560546875,
        0.89208984375
    ],
    "eva": [
        3.926683689314814e-07,
        1.1126451937570891e-07,
        2.733034136781498e-07,
        0.9999991655349731
    ]
}