{
    "captions": [
        "a painting",
        "antlers",
        "a pink background",
        "a deer"
    ],
    "metaclip": [
        0.0009823981672525406,
        0.14937029778957367,
        0.006184906233102083,
        0.8434624075889587
    ],
    "clip": [
        0.003742218017578125,
        0.06329345703125,
        0.0032520294189453125,
        0.93017578125
    ],
    "eva": [
        7.672978918904505e-10,
        0.006388198584318161,
        3.056402775314382e-08,
        0.993611752986908
    ]
}