{
    "captions": [
        "a metal object",
        "a brown surface",
        "a close"
    ],
    "metaclip": [
        0.3291056454181671,
        0.13379549980163574,
        0.5370988845825195
    ],
    "clip": [
        0.41162109375,
        0.58056640625,
        0.008026123046875
    ],
    "eva": [
        0.008311958983540535,
        0.3289584219455719,
        0.6627296209335327
    ]
}