{
    "captions": [
        "a smile",
        "a dog",
        "arafed image",
        "a colorful background"
    ],
    "metaclip": [
        0.164979487657547,
        0.41159114241600037,
        0.26331183314323425,
        0.16011755168437958
    ],
    "clip": [
        0.0279541015625,
        0.81689453125,
        0.151123046875,
        0.004058837890625
    ],
    "eva": [
        0.03751824423670769,
        0.6347182393074036,
        0.006580912042409182,
        0.32118260860443115
    ]
}