{
    "captions": [
        "a close",
        "a blurry background",
        "a leaf",
        "a butterfly"
    ],
    "metaclip": [
        0.004366711247712374,
        0.03772910684347153,
        0.006139181088656187,
        0.9517650604248047
    ],
    "clip": [
        0.0016317367553710938,
        0.00855255126953125,
        0.001194000244140625,
        0.98828125
    ],
    "eva": [
        2.0793728960910585e-09,
        5.840096406473094e-08,
        8.367230519557012e-11,
        1.0
    ]
}