{
    "captions": [
        "the woods",
        "a large brown bear"
    ],
    "metaclip": [
        0.011364173144102097,
        0.9886358976364136
    ],
    "clip": [
        0.0206451416015625,
        0.97900390625
    ],
    "eva": [
        2.879845029113426e-09,
        1.0
    ]
}