{
    "captions": [
        "a camera",
        "a circular pattern",
        "it",
        "arafed image"
    ],
    "metaclip": [
        0.007465782109647989,
        0.9698912501335144,
        0.005775726865977049,
        0.016867198050022125
    ],
    "clip": [
        0.0007624626159667969,
        0.9326171875,
        0.0001399517059326172,
        0.0665283203125
    ],
    "eva": [
        8.919802348827943e-05,
        0.9997826218605042,
        9.911689994623885e-05,
        2.9023385650361888e-05
    ]
}