{
    "captions": [
        "a snowy surface",
        "painting",
        "a blurry background",
        "a bird"
    ],
    "metaclip": [
        0.02770773135125637,
        0.0012185659725219011,
        0.031104428693652153,
        0.9399692416191101
    ],
    "clip": [
        0.022216796875,
        0.010498046875,
        0.007213592529296875,
        0.95947265625
    ],
    "eva": [
        1.915636403282406e-06,
        2.97366646861974e-08,
        8.151335606498833e-09,
        0.9999980926513672
    ]
}