{
    "captions": [
        "painting",
        "a couple",
        "a dirt road",
        "elephants"
    ],
    "metaclip": [
        0.0020947677548974752,
        6.654371827607974e-05,
        7.58727837819606e-05,
        0.99776291847229
    ],
    "clip": [
        0.20654296875,
        0.0012674331665039062,
        5.9723854064941406e-05,
        0.7919921875
    ],
    "eva": [
        2.1635822122334503e-05,
        4.9989196809763214e-11,
        6.435319399762662e-13,
        0.9999784231185913
    ]
}