{
    "captions": [
        "a colorful bird",
        "painting",
        "the air",
        "a green background"
    ],
    "metaclip": [
        0.9042762517929077,
        0.08728639781475067,
        0.006478126160800457,
        0.0019592689350247383
    ],
    "clip": [
        0.89404296875,
        0.08990478515625,
        0.0011949539184570312,
        0.0149078369140625
    ],
    "eva": [
        0.9999830722808838,
        1.694201819191221e-05,
        2.4091275849236204e-12,
        2.6557544358096763e-11
    ]
}