{
    "captions": [
        "araffes head",
        "a blurry background",
        "a yellow duck",
        "neck"
    ],
    "metaclip": [
        0.05202583968639374,
        0.03383023291826248,
        0.9061012268066406,
        0.008042668923735619
    ],
    "clip": [
        0.01032257080078125,
        0.028045654296875,
        0.95849609375,
        0.00319671630859375
    ],
    "eva": [
        2.2094907847769463e-10,
        3.937288965971675e-06,
        0.9999948740005493,
        1.1880225656568655e-06
    ]
}