{
    "captions": [
        "a small bird",
        "the snow",
        "a branch"
    ],
    "metaclip": [
        0.988120436668396,
        0.009058590047061443,
        0.002820924622938037
    ],
    "clip": [
        0.9853515625,
        0.0134124755859375,
        0.0010347366333007812
    ],
    "eva": [
        0.9999439716339111,
        5.5539028835482895e-05,
        4.487939406772057e-07
    ]
}