{
    "captions": [
        "painting",
        "a log",
        "a cat",
        "the woods"
    ],
    "metaclip": [
        0.023349877446889877,
        0.02132931351661682,
        0.9179058074951172,
        0.037415049970149994
    ],
    "clip": [
        0.043487548828125,
        0.023284912109375,
        0.83349609375,
        0.09954833984375
    ],
    "eva": [
        9.900051054501091e-07,
        3.6725091945299937e-07,
        0.9999982118606567,
        4.2096448282791243e-07
    ]
}