{
    "captions": [
        "the side",
        "arafed van",
        "a sun",
        "a highway"
    ],
    "metaclip": [
        0.004065779969096184,
        0.9759860634803772,
        0.005630400497466326,
        0.014317715540528297
    ],
    "clip": [
        6.657838821411133e-05,
        1.0,
        1.2814998626708984e-05,
        8.547306060791016e-05
    ],
    "eva": [
        0.1865576058626175,
        0.005384993273764849,
        4.790431830770103e-06,
        0.808052659034729
    ]
}