{
    "captions": [
        "a rabbit",
        "a tree",
        "painting",
        "the grass"
    ],
    "metaclip": [
        0.9945656061172485,
        0.0006018693675287068,
        0.003538107965141535,
        0.0012944150948897004
    ],
    "clip": [
        0.97705078125,
        0.0013589859008789062,
        0.01329803466796875,
        0.00832366943359375
    ],
    "eva": [
        1.0,
        1.551985623349239e-11,
        7.238324384317707e-10,
        3.5367490186510864e-12
    ]
}