{
    "captions": [
        "a whale",
        "painting",
        "the water"
    ],
    "metaclip": [
        0.9938198924064636,
        0.0048302290961146355,
        0.001349819009192288
    ],
    "clip": [
        0.89599609375,
        0.07830810546875,
        0.025421142578125
    ],
    "eva": [
        1.0,
        2.8324365075604874e-08,
        3.8555625359038e-09
    ]
}