{
    "captions": [
        "painting",
        "a sun",
        "a field",
        "trees",
        "a rabbit"
    ],
    "metaclip": [
        0.03129952773451805,
        0.02135321870446205,
        0.008630854077637196,
        0.007119467481970787,
        0.9315968751907349
    ],
    "clip": [
        0.0604248046875,
        0.0024547576904296875,
        0.006366729736328125,
        0.0003349781036376953,
        0.9306640625
    ],
    "eva": [
        1.5244336282194126e-07,
        2.2866743165650405e-07,
        2.706123893858603e-07,
        8.682440322260732e-10,
        0.9999994039535522
    ]
}