{
    "captions": [
        "a white collar",
        "a black nose",
        "arafed black dog"
    ],
    "metaclip": [
        0.0002156266273232177,
        0.1050102561712265,
        0.8947740793228149
    ],
    "clip": [
        0.00012612342834472656,
        0.0015249252319335938,
        0.99853515625
    ],
    "eva": [
        6.98238302800978e-19,
        1.4831782664259663e-06,
        0.9999985694885254
    ]
}