{
    "captions": [
        "a couch",
        "a stuffed rabbit",
        "a pillow"
    ],
    "metaclip": [
        0.0017347655957564712,
        0.984431803226471,
        0.013833428733050823
    ],
    "clip": [
        0.00010877847671508789,
        0.9990234375,
        0.0006875991821289062
    ],
    "eva": [
        8.58457228913867e-12,
        1.0,
        1.5567595823551272e-10
    ]
}