{
    "captions": [
        "a tiled surface",
        "a blue background",
        "arafed shark"
    ],
    "metaclip": [
        0.005159290507435799,
        2.654445415828377e-05,
        0.9948141574859619
    ],
    "clip": [
        0.0191192626953125,
        0.0005507469177246094,
        0.98046875
    ],
    "eva": [
        2.2934829591036987e-09,
        2.4156309006047316e-14,
        1.0
    ]
}