{
    "captions": [
        "a butterfly",
        "a tiled surface",
        "that",
        "a picture"
    ],
    "metaclip": [
        0.6829934120178223,
        0.3051775097846985,
        0.0023311213590204716,
        0.009497926570475101
    ],
    "clip": [
        0.8662109375,
        0.11541748046875,
        0.002285003662109375,
        0.0163726806640625
    ],
    "eva": [
        0.9991876482963562,
        1.931091446749633e-06,
        6.387649591488298e-07,
        0.0008098757243715227
    ]
}