{
    "captions": [
        "a tree branch",
        "that",
        "a squirrel"
    ],
    "metaclip": [
        0.0033510993234813213,
        0.0004824834759347141,
        0.996166467666626
    ],
    "clip": [
        0.0008969306945800781,
        7.361173629760742e-05,
        0.9990234375
    ],
    "eva": [
        1.3959509104211065e-08,
        1.6769648170100737e-10,
        1.0
    ]
}