{
    "captions": [
        "painting",
        "a horse",
        "grass",
        "a field"
    ],
    "metaclip": [
        0.007507518399506807,
        0.9858900308609009,
        0.0035066166892647743,
        0.0030957709532231092
    ],
    "clip": [
        0.11700439453125,
        0.8779296875,
        0.0019512176513671875,
        0.0029754638671875
    ],
    "eva": [
        1.2289464166315156e-06,
        0.9999988079071045,
        5.7629283567450784e-09,
        7.666201895517588e-09
    ]
}