{
    "captions": [
        "a table",
        "a glass",
        "a crab",
        "that"
    ],
    "metaclip": [
        9.55483628786169e-05,
        7.56868248572573e-05,
        0.9982491731643677,
        0.0015796386869624257
    ],
    "clip": [
        0.0006246566772460938,
        0.0006346702575683594,
        0.9970703125,
        0.0018796920776367188
    ],
    "eva": [
        1.2787907973483507e-14,
        3.375363826128527e-15,
        1.0,
        4.2688974577487215e-10
    ]
}