{
    "captions": [
        "a green field",
        "a large bird"
    ],
    "metaclip": [
        0.003390008583664894,
        0.9966099858283997
    ],
    "clip": [
        0.006336212158203125,
        0.9931640625
    ],
    "eva": [
        1.331600107956632e-10,
        1.0
    ]
}