{
    "captions": [
        "a rabbit",
        "a painting",
        "the grass"
    ],
    "metaclip": [
        0.9935874938964844,
        0.005257408134639263,
        0.001155075617134571
    ],
    "clip": [
        0.955078125,
        0.043304443359375,
        0.001873016357421875
    ],
    "eva": [
        1.0,
        1.92224347550507e-09,
        1.339097019034674e-12
    ]
}