{
    "captions": [
        "flight",
        "a blue background",
        "painting",
        "a hummingbird"
    ],
    "metaclip": [
        0.020203545689582825,
        7.793254189891741e-05,
        0.010917427949607372,
        0.9688010215759277
    ],
    "clip": [
        0.01003265380859375,
        0.0006723403930664062,
        0.0277099609375,
        0.96142578125
    ],
    "eva": [
        0.0004440666234586388,
        1.8508630392211067e-11,
        7.46781297493726e-05,
        0.9994812607765198
    ]
}