{
    "captions": [
        "a shark",
        "that",
        "the water"
    ],
    "metaclip": [
        0.9960887432098389,
        0.00175408273935318,
        0.002157159149646759
    ],
    "clip": [
        0.99169921875,
        0.0015382766723632812,
        0.006786346435546875
    ],
    "eva": [
        0.9999998807907104,
        9.575487069923838e-08,
        4.1662139016462874e-11
    ]
}