{
    "captions": [
        "a shark swimming",
        "the water",
        "a fish"
    ],
    "metaclip": [
        0.9961001873016357,
        0.00026782284840010107,
        0.003632017644122243
    ],
    "clip": [
        0.9970703125,
        0.00014388561248779297,
        0.00251007080078125
    ],
    "eva": [
        0.9999955892562866,
        5.579003838768193e-12,
        4.351365532784257e-06
    ]
}