{
    "captions": [
        "a squirrel",
        "a tree branch",
        "that"
    ],
    "metaclip": [
        0.9977107048034668,
        0.0019345985492691398,
        0.0003546615189407021
    ],
    "clip": [
        0.99853515625,
        0.001674652099609375,
        3.2901763916015625e-05
    ],
    "eva": [
        1.0,
        1.548809258622441e-08,
        8.554817410022508e-10
    ]
}