{
    "captions": [
        "his hand",
        "arafed man",
        "a camera",
        "the water"
    ],
    "metaclip": [
        0.05357106775045395,
        0.1547660380601883,
        0.03263342007994652,
        0.7590295076370239
    ],
    "clip": [
        0.0126800537109375,
        0.11212158203125,
        0.020263671875,
        0.85498046875
    ],
    "eva": [
        5.163577498024097e-06,
        0.0022298500407487154,
        0.21035286784172058,
        0.787412166595459
    ]
}