{
    "captions": [
        "a table",
        "a cat",
        "that",
        "a picture"
    ],
    "metaclip": [
        0.19930852949619293,
        0.059185463935136795,
        0.17092791199684143,
        0.5705780982971191
    ],
    "clip": [
        0.0312347412109375,
        0.10565185546875,
        0.018951416015625,
        0.84423828125
    ],
    "eva": [
        4.927210284222383e-07,
        1.3060222272542887e-06,
        0.016411589458584785,
        0.9835866093635559
    ]
}