{
    "captions": [
        "top",
        "a wooden table",
        "a white printer",
        "a white wall"
    ],
    "metaclip": [
        3.620190545916557e-05,
        4.485316821956076e-06,
        0.9999539852142334,
        5.28477312400355e-06
    ],
    "clip": [
        0.00028252601623535156,
        4.76837158203125e-07,
        1.0,
        7.748603820800781e-07
    ],
    "eva": [
        7.385632383449803e-11,
        4.917571536271008e-16,
        1.0,
        1.4040100496332062e-15
    ]
}