{
    "captions": [
        "a chair",
        "panda bear",
        "the background",
        "the snow",
        "a building"
    ],
    "metaclip": [
        0.0004486043471843004,
        0.9979503750801086,
        8.696293662069365e-05,
        0.0013752779923379421,
        0.0001388418604619801
    ],
    "clip": [
        0.0012598037719726562,
        0.9951171875,
        0.0015926361083984375,
        0.0020294189453125,
        7.992982864379883e-05
    ],
    "eva": [
        3.0829720287089968e-12,
        1.0,
        7.145144393684577e-14,
        1.3548424806098663e-13,
        1.3497926734662435e-12
    ]
}