{
    "captions": [
        "a tiled floor",
        "a cat",
        "that"
    ],
    "metaclip": [
        0.5101278424263,
        0.44480058550834656,
        0.04507153108716011
    ],
    "clip": [
        0.36865234375,
        0.626953125,
        0.004360198974609375
    ],
    "eva": [
        0.975361704826355,
        0.024381915107369423,
        0.0002563894959166646
    ]
}