{
    "captions": [
        "a flat bed",
        "a trailer",
        "semi truck"
    ],
    "metaclip": [
        0.5195170044898987,
        0.023543909192085266,
        0.45693910121917725
    ],
    "clip": [
        0.0296630859375,
        0.1680908203125,
        0.8017578125
    ],
    "eva": [
        5.039571624365635e-05,
        0.00022149112191982567,
        0.9997280240058899
    ]
}