{
    "captions": [
        "trees",
        "the background",
        "araffe",
        "a field"
    ],
    "metaclip": [
        0.026420408859848976,
        0.10772440582513809,
        0.754065990447998,
        0.11178919672966003
    ],
    "clip": [
        0.0030231475830078125,
        0.0234222412109375,
        0.9501953125,
        0.0234222412109375
    ],
    "eva": [
        2.951082080926426e-07,
        0.013984153978526592,
        0.9857630729675293,
        0.0002523916191421449
    ]
}