{
    "captions": [
        "a pink flower",
        "a field",
        "flowers",
        "squirrel"
    ],
    "metaclip": [
        0.0009931065142154694,
        0.0005952275241725147,
        0.0025169760920107365,
        0.9958946704864502
    ],
    "clip": [
        0.006328582763671875,
        0.00041747093200683594,
        0.00838470458984375,
        0.984375
    ],
    "eva": [
        1.2273996219391847e-07,
        7.647447670781904e-13,
        1.2329421679169172e-06,
        0.9999986886978149
    ]
}