{
    "captions": [
        "a lion's face",
        "different colors",
        "squares",
        "arafed image"
    ],
    "metaclip": [
        0.5922555923461914,
        0.0008094111108221114,
        0.4059777557849884,
        0.0009572822600603104
    ],
    "clip": [
        0.88134765625,
        0.0004761219024658203,
        0.08587646484375,
        0.0325927734375
    ],
    "eva": [
        0.9919202327728271,
        2.828395295750852e-09,
        0.008079718798398972,
        1.7939976171277294e-09
    ]
}