{
    "captions": [
        "a person's face",
        "arafed image",
        "a square pattern"
    ],
    "metaclip": [
        0.0001286073966184631,
        0.0009390567429363728,
        0.9989323019981384
    ],
    "clip": [
        0.0011539459228515625,
        0.036163330078125,
        0.96240234375
    ],
    "eva": [
        8.54026529850671e-06,
        1.9752899333980167e-06,
        0.99998939037323
    ]
}