{
    "captions": [
        "a blue background",
        "painting",
        "a colorful wing",
        "a butterfly"
    ],
    "metaclip": [
        0.0008869243320077658,
        0.020637989044189453,
        0.48473986983299255,
        0.4937351644039154
    ],
    "clip": [
        0.00717926025390625,
        0.0809326171875,
        0.1910400390625,
        0.72119140625
    ],
    "eva": [
        1.5644901823694268e-14,
        2.764156477041979e-07,
        0.0025122370570898056,
        0.9974875450134277
    ]
}