{
    "captions": [
        "a blurry background",
        "a shark",
        "a close",
        "a blue surface"
    ],
    "metaclip": [
        5.900595351704396e-05,
        0.9993107318878174,
        0.00012256589252501726,
        0.000507677614223212
    ],
    "clip": [
        0.0007319450378417969,
        0.9990234375,
        0.0001271963119506836,
        8.881092071533203e-05
    ],
    "eva": [
        2.082759312238558e-12,
        1.0,
        1.0757469567912459e-11,
        1.8129371430735536e-14
    ]
}