{
    "captions": [
        "a bear",
        "that",
        "the woods"
    ],
    "metaclip": [
        0.9947361350059509,
        0.0008196819107979536,
        0.004444201942533255
    ],
    "clip": [
        0.9560546875,
        0.00079345703125,
        0.0433349609375
    ],
    "eva": [
        1.0,
        4.310401688356613e-11,
        9.789834720663748e-09
    ]
}