{
    "captions": [
        "a blue background",
        "painting",
        "a red and yellow wing",
        "a butterfly"
    ],
    "metaclip": [
        0.0017008759314194322,
        0.012927722185850143,
        0.09822505712509155,
        0.8871462941169739
    ],
    "clip": [
        0.017547607421875,
        0.09942626953125,
        0.01081085205078125,
        0.8720703125
    ],
    "eva": [
        2.31723884872026e-12,
        1.684038397797849e-05,
        7.573176844744012e-05,
        0.9999074935913086
    ]
}