{
    "captions": [
        "a tiled wall",
        "a shark",
        "a blue background"
    ],
    "metaclip": [
        0.11691740155220032,
        0.8807567358016968,
        0.0023258475121110678
    ],
    "clip": [
        0.201416015625,
        0.7841796875,
        0.0141448974609375
    ],
    "eva": [
        8.658866512689656e-09,
        1.0,
        2.654709351651574e-12
    ]
}