{
    "captions": [
        "a yellow head",
        "a giraffe",
        "a yellow face",
        "a close"
    ],
    "metaclip": [
        0.7128719687461853,
        0.005306336097419262,
        0.2615865170955658,
        0.02023523673415184
    ],
    "clip": [
        0.32421875,
        0.173583984375,
        0.443115234375,
        0.059051513671875
    ],
    "eva": [
        0.10301649570465088,
        4.560914756979173e-09,
        0.8969783782958984,
        5.110445272293873e-06
    ]
}