{
    "captions": [
        "a wooden block",
        "a room",
        "a knife",
        "it"
    ],
    "metaclip": [
        0.062299102544784546,
        0.0005932575440965593,
        0.9344934225082397,
        0.002614256925880909
    ],
    "clip": [
        0.058319091796875,
        0.00047016143798828125,
        0.94140625,
        9.334087371826172e-05
    ],
    "eva": [
        0.0004338154976721853,
        5.345925728761358e-07,
        0.9947212934494019,
        0.00484444061294198
    ]
}