{
    "captions": [
        "a pattern",
        "a dog's face",
        "a close",
        "it"
    ],
    "metaclip": [
        0.9124399423599243,
        0.019136350601911545,
        0.05012999847531319,
        0.018293745815753937
    ],
    "clip": [
        0.25537109375,
        0.280517578125,
        0.2939453125,
        0.1700439453125
    ],
    "eva": [
        0.09693077206611633,
        0.02696140669286251,
        0.023538505658507347,
        0.8525692820549011
    ]
}