{
    "captions": [
        "a camera",
        "a close",
        "a yellow background",
        "a dog"
    ],
    "metaclip": [
        0.07728099077939987,
        0.34347715973854065,
        0.26040953397750854,
        0.3188323378562927
    ],
    "clip": [
        0.10260009765625,
        0.17041015625,
        0.225830078125,
        0.5009765625
    ],
    "eva": [
        0.0005839653313159943,
        0.09613602608442307,
        1.4880644130244036e-06,
        0.9032785892486572
    ]
}