{
    "captions": [
        "a large alligator",
        "a tile",
        "that",
        "a picture"
    ],
    "metaclip": [
        0.6824674606323242,
        0.28471839427948,
        0.006049064919352531,
        0.026765072718262672
    ],
    "clip": [
        0.63818359375,
        0.35791015625,
        0.00034737586975097656,
        0.00397491455078125
    ],
    "eva": [
        0.2979337275028229,
        0.6490390300750732,
        1.3867470443074126e-05,
        0.05301341414451599
    ]
}