{
    "captions": [
        "a long ear",
        "a rabbit",
        "a green background",
        "a painting"
    ],
    "metaclip": [
        0.04424552619457245,
        0.9530525803565979,
        0.00016366536146961153,
        0.0025382477324455976
    ],
    "clip": [
        0.01041412353515625,
        0.966796875,
        0.004207611083984375,
        0.018280029296875
    ],
    "eva": [
        6.118722239989438e-07,
        0.9999994039535522,
        4.29712477284668e-15,
        1.1028375261623591e-11
    ]
}