{
    "captions": [
        "a field",
        "a white background",
        "araffe chicken"
    ],
    "metaclip": [
        0.00026640118448995054,
        0.00027523015160113573,
        0.999458372592926
    ],
    "clip": [
        0.0012407302856445312,
        0.01168060302734375,
        0.9873046875
    ],
    "eva": [
        2.3776697624655618e-11,
        3.3912056096596643e-07,
        0.9999996423721313
    ]
}