{
    "captions": [
        "a white background",
        "a close",
        "a floor",
        "a dog"
    ],
    "metaclip": [
        0.0015960971359163523,
        0.01730787381529808,
        0.00425794767215848,
        0.9768379926681519
    ],
    "clip": [
        0.1644287109375,
        0.041259765625,
        0.00957489013671875,
        0.78466796875
    ],
    "eva": [
        3.566703981050523e-07,
        5.193363904254511e-06,
        8.76396413218572e-08,
        0.9999942779541016
    ]
}