{
    "captions": [
        "a floor",
        "a dog",
        "a white background",
        "a close"
    ],
    "metaclip": [
        0.004257979802787304,
        0.9768379926681519,
        0.0015960938762873411,
        0.01730797067284584
    ],
    "clip": [
        0.0096435546875,
        0.7841796875,
        0.164306640625,
        0.04156494140625
    ],
    "eva": [
        8.764030212660145e-08,
        0.9999942779541016,
        3.566646000763285e-07,
        5.193412562221056e-06
    ]
}