{
    "captions": [
        "the dirt",
        "that",
        "a horse"
    ],
    "metaclip": [
        0.004979368764907122,
        0.006282410118728876,
        0.9887381792068481
    ],
    "clip": [
        0.0006613731384277344,
        0.0004303455352783203,
        0.9990234375
    ],
    "eva": [
        4.306364726619494e-12,
        1.713471988296078e-06,
        0.9999983310699463
    ]
}