{
    "captions": [
        "painting",
        "the grass",
        "the ground",
        "a rabbit"
    ],
    "metaclip": [
        0.004976389463990927,
        0.0018766580615192652,
        0.0004460217314772308,
        0.9927009344100952
    ],
    "clip": [
        0.0131378173828125,
        0.004329681396484375,
        0.0023555755615234375,
        0.97998046875
    ],
    "eva": [
        4.251015983669504e-09,
        5.330879509525543e-13,
        1.7401624439377164e-14,
        1.0
    ]
}