{
    "captions": [
        "a post",
        "a squirrel",
        "that"
    ],
    "metaclip": [
        0.0005092258215881884,
        0.9986063838005066,
        0.0008843824616633356
    ],
    "clip": [
        0.0006165504455566406,
        0.99951171875,
        2.485513687133789e-05
    ],
    "eva": [
        2.2903048346734067e-09,
        1.0,
        1.466189392118622e-09
    ]
}