{
    "captions": [
        "a fence",
        "a horse",
        "the grass",
        "that"
    ],
    "metaclip": [
        0.00014183200255502015,
        0.9974467754364014,
        0.00021064696193207055,
        0.0022008479572832584
    ],
    "clip": [
        5.7756900787353516e-05,
        0.9990234375,
        0.00045800209045410156,
        0.00015461444854736328
    ],
    "eva": [
        2.087516964843772e-11,
        1.0,
        1.0796916312394433e-11,
        2.241564045490918e-09
    ]
}