{
    "captions": [
        "arafed image",
        "a tiled wall",
        "a plane"
    ],
    "metaclip": [
        0.014078439213335514,
        0.9697791337966919,
        0.016142457723617554
    ],
    "clip": [
        0.00498199462890625,
        0.9951171875,
        8.183717727661133e-05
    ],
    "eva": [
        6.948155350983143e-05,
        0.9998477697372437,
        8.272854029200971e-05
    ]
}