{
    "captions": [
        "a rabbit",
        "a rock",
        "painting",
        "a forest"
    ],
    "metaclip": [
        0.9955292344093323,
        0.0011602567974478006,
        0.0015205744421109557,
        0.0017899052472785115
    ],
    "clip": [
        0.97998046875,
        0.001129150390625,
        0.006603240966796875,
        0.01233673095703125
    ],
    "eva": [
        1.0,
        5.611346109990478e-11,
        3.8907339572347155e-09,
        5.890443133260703e-10
    ]
}