{
    "captions": [
        "painting",
        "the snow",
        "trees",
        "the background",
        "a rabbit"
    ],
    "metaclip": [
        0.000964866834692657,
        0.0026518343947827816,
        0.0008597759297117591,
        6.494607077911496e-05,
        0.9954586029052734
    ],
    "clip": [
        0.001674652099609375,
        0.00411224365234375,
        0.0005478858947753906,
        0.0030078887939453125,
        0.99072265625
    ],
    "eva": [
        2.850939706533495e-09,
        8.717894850462926e-09,
        6.390507155569491e-13,
        5.135409025108784e-12,
        1.0
    ]
}