{
    "captions": [
        "a cutting board",
        "a knife"
    ],
    "metaclip": [
        0.9849776029586792,
        0.01502236444503069
    ],
    "clip": [
        0.994140625,
        0.00555419921875
    ],
    "eva": [
        1.0,
        6.373422622996117e-11
    ]
}