{
    "captions": [
        "a hummingbird",
        "painting",
        "the sky",
        "a blue background"
    ],
    "metaclip": [
        0.9733282327651978,
        0.024457870051264763,
        0.0021171357948333025,
        9.677154594101012e-05
    ],
    "clip": [
        0.8720703125,
        0.119873046875,
        0.00440216064453125,
        0.0031948089599609375
    ],
    "eva": [
        0.9999792575836182,
        2.072223105642479e-05,
        1.3685723561362995e-12,
        2.758212495207468e-13
    ]
}