{
    "captions": [
        "flowers",
        "a field"
    ],
    "metaclip": [
        0.7949849367141724,
        0.20501500368118286
    ],
    "clip": [
        0.7509765625,
        0.24951171875
    ],
    "eva": [
        0.9999051094055176,
        9.49323657550849e-05
    ]
}