{
    "captions": [
        "a pink comb",
        "its head",
        "araffe chicken"
    ],
    "metaclip": [
        0.00109136663377285,
        0.008325138129293919,
        0.9905835390090942
    ],
    "clip": [
        0.0011301040649414062,
        0.01114654541015625,
        0.98779296875
    ],
    "eva": [
        5.130447334522614e-06,
        4.530854494078085e-05,
        0.99994957447052
    ]
}