{
    "captions": [
        "a banana plant",
        "a green leaf",
        "a close"
    ],
    "metaclip": [
        0.3820972144603729,
        0.6004655957221985,
        0.01743721216917038
    ],
    "clip": [
        0.32958984375,
        0.64501953125,
        0.0254058837890625
    ],
    "eva": [
        0.008431585505604744,
        0.991563081741333,
        5.33276852365816e-06
    ]
}