{
    "captions": [
        "the water",
        "dolphin"
    ],
    "metaclip": [
        0.00020870371372438967,
        0.9997913241386414
    ],
    "clip": [
        0.00844573974609375,
        0.99169921875
    ],
    "eva": [
        1.2804804417308746e-13,
        1.0
    ]
}