{
    "captions": [
        "painting",
        "a monster truck",
        "a yellow top and green tires"
    ],
    "metaclip": [
        0.0016984508838504553,
        0.9809442162513733,
        0.01735740527510643
    ],
    "clip": [
        0.0192413330078125,
        0.9716796875,
        0.0092315673828125
    ],
    "eva": [
        2.06572892125223e-09,
        0.9999533891677856,
        4.6552107960451394e-05
    ]
}