{
    "captions": [
        "a long beak",
        "a long tail",
        "arafed duck"
    ],
    "metaclip": [
        0.005898349918425083,
        0.0005914434441365302,
        0.9935101866722107
    ],
    "clip": [
        0.0214691162109375,
        0.006862640380859375,
        0.9716796875
    ],
    "eva": [
        1.867088315066212e-07,
        7.769764107275201e-14,
        0.9999997615814209
    ]
}