{
    "captions": [
        "a kitchen",
        "three knives",
        "a table"
    ],
    "metaclip": [
        0.003355439519509673,
        0.9964906573295593,
        0.00015390440239571035
    ],
    "clip": [
        0.55078125,
        0.396484375,
        0.052825927734375
    ],
    "eva": [
        2.7693116862792522e-05,
        0.9999723434448242,
        1.0754316548400311e-08
    ]
}