{
    "captions": [
        "the background",
        "a grassy hill",
        "a rabbit",
        "painting",
        "trees"
    ],
    "metaclip": [
        6.4044252212625e-05,
        0.0004831237019971013,
        0.9975072741508484,
        0.0016943371156230569,
        0.00025124341482296586
    ],
    "clip": [
        0.0024242401123046875,
        0.001209259033203125,
        0.99365234375,
        0.00266265869140625,
        0.00010323524475097656
    ],
    "eva": [
        3.7842141529728646e-13,
        1.1286851444788915e-12,
        1.0,
        5.48078749051939e-10,
        1.5317183082335685e-14
    ]
}