{
    "captions": [
        "a field",
        "a rabbit",
        "trees",
        "the background",
        "grass",
        "a painting"
    ],
    "metaclip": [
        0.0012173125287517905,
        0.9905270338058472,
        0.0012633854057639837,
        0.00019283729488961399,
        0.0018242752412334085,
        0.004975208081305027
    ],
    "clip": [
        0.0004892349243164062,
        0.986328125,
        5.233287811279297e-05,
        0.0007576942443847656,
        0.0010356903076171875,
        0.01113128662109375
    ],
    "eva": [
        7.274429669745786e-11,
        1.0,
        1.1450349349240163e-11,
        5.174580815919816e-12,
        4.5185566399652544e-10,
        3.371367185422969e-08
    ]
}