{
    "captions": [
        "a group",
        "circles",
        "a white background",
        "arafed image"
    ],
    "metaclip": [
        0.0018772997427731752,
        0.9902960658073425,
        0.0072187925688922405,
        0.0006078690639697015
    ],
    "clip": [
        0.00881195068359375,
        0.91259765625,
        0.01343536376953125,
        0.0650634765625
    ],
    "eva": [
        2.1835314112372828e-10,
        1.0,
        2.6079968740155834e-10,
        1.7752110545443678e-11
    ]
}