{
    "captions": [
        "yellow beak",
        "a table",
        "arafed duck"
    ],
    "metaclip": [
        0.10795421153306961,
        7.61271730880253e-05,
        0.8919696807861328
    ],
    "clip": [
        0.0240325927734375,
        0.00036215782165527344,
        0.97509765625
    ],
    "eva": [
        0.0001259201962966472,
        2.5119397325536717e-14,
        0.9998741149902344
    ]
}