{
    "captions": [
        "a wall",
        "front",
        "a shadow",
        "a person"
    ],
    "metaclip": [
        0.19536533951759338,
        0.07777412235736847,
        0.6218238472938538,
        0.10503669083118439
    ],
    "clip": [
        0.04083251953125,
        0.0005059242248535156,
        0.94384765625,
        0.0147857666015625
    ],
    "eva": [
        0.0022470722906291485,
        5.7089033361990005e-05,
        0.9976951479911804,
        7.609087333548814e-07
    ]
}