{
    "captions": [
        "a white stuffed rabbit",
        "a black bow tie"
    ],
    "metaclip": [
        0.9995203018188477,
        0.00047966305282898247
    ],
    "clip": [
        0.99853515625,
        0.0015249252319335938
    ],
    "eva": [
        1.0,
        1.6697627438708174e-12
    ]
}