{
    "captions": [
        "a snowy surface",
        "large tires",
        "a white jeep",
        "a close"
    ],
    "metaclip": [
        0.0001592469634488225,
        0.5052551627159119,
        0.4943065047264099,
        0.0002790588478092104
    ],
    "clip": [
        1.6391277313232422e-05,
        0.82666015625,
        0.1732177734375,
        0.00012111663818359375
    ],
    "eva": [
        1.9534575346202843e-11,
        0.0042203264310956,
        0.9957796335220337,
        1.5900174232807984e-10
    ]
}