{
    "captions": [
        "a snowy surface",
        "a small bird",
        "that"
    ],
    "metaclip": [
        0.01148349791765213,
        0.98653244972229,
        0.0019839690066874027
    ],
    "clip": [
        0.0081787109375,
        0.99072265625,
        0.0010004043579101562
    ],
    "eva": [
        3.713615660672076e-05,
        0.9999586343765259,
        4.2268106881238054e-06
    ]
}