{
    "captions": [
        "painting",
        "the grass",
        "a frisbee",
        "a rabbit"
    ],
    "metaclip": [
        0.0056273746304214,
        0.001168089802376926,
        0.00044460935168899596,
        0.9927599430084229
    ],
    "clip": [
        0.017608642578125,
        0.0038089752197265625,
        0.0017995834350585938,
        0.9765625
    ],
    "eva": [
        6.27283336385176e-10,
        4.652160275932238e-13,
        1.1444562847049127e-15,
        1.0
    ]
}