{
    "captions": [
        "the air",
        "a flower",
        "a close",
        "a hummingbird",
        "the background"
    ],
    "metaclip": [
        0.0015093338442966342,
        0.00043344046571291983,
        0.0005346836987882853,
        0.9974086880683899,
        0.00011384789104340598
    ],
    "clip": [
        0.0004291534423828125,
        0.0013427734375,
        0.0005097389221191406,
        0.99609375,
        0.001544952392578125
    ],
    "eva": [
        6.887669688065978e-12,
        2.8742544368881573e-12,
        6.771803257032971e-11,
        1.0,
        5.903013690513161e-15
    ]
}