{
    "captions": [
        "a knife",
        "a cutting board",
        "a counter",
        "a close"
    ],
    "metaclip": [
        0.0004382945771794766,
        0.9991810917854309,
        0.00032716605346649885,
        5.3539049986284226e-05
    ],
    "clip": [
        0.001094818115234375,
        0.9951171875,
        0.0033721923828125,
        1.823902130126953e-05
    ],
    "eva": [
        2.6998883684292707e-10,
        1.0,
        3.4850313745948824e-09,
        3.035699192022179e-10
    ]
}