{
    "captions": [
        "a green background",
        "a squirrel",
        "a tree branch"
    ],
    "metaclip": [
        4.823700510314666e-05,
        0.997343122959137,
        0.0026086787693202496
    ],
    "clip": [
        0.0003247261047363281,
        0.99853515625,
        0.0011510848999023438
    ],
    "eva": [
        4.907377494750803e-16,
        1.0,
        1.117577475007181e-09
    ]
}