{
    "captions": [
        "that",
        "a wall",
        "a bird",
        "front",
        "a plate"
    ],
    "metaclip": [
        0.036390285938978195,
        0.050454821437597275,
        0.8883861899375916,
        0.006069838535040617,
        0.018698809668421745
    ],
    "clip": [
        0.04345703125,
        0.0289459228515625,
        0.74658203125,
        0.00666046142578125,
        0.174560546875
    ],
    "eva": [
        0.0017374693416059017,
        1.4866103583699442e-06,
        0.9968560934066772,
        9.905161277856678e-05,
        0.0013058246113359928
    ]
}