{
    "captions": [
        "a refrigerator",
        "a kitchen",
        "blurry photo",
        "a large island"
    ],
    "metaclip": [
        0.03732239827513695,
        0.903066873550415,
        0.03848246484994888,
        0.02112824097275734
    ],
    "clip": [
        0.0022640228271484375,
        0.90625,
        0.09112548828125,
        0.00029468536376953125
    ],
    "eva": [
        0.0009473426616750658,
        0.9990519881248474,
        6.330212727334583e-07,
        1.6347190268106715e-09
    ]
}