{
    "captions": [
        "some vegetables",
        "a knife",
        "a cutting board",
        "a close"
    ],
    "metaclip": [
        9.709686855785549e-05,
        0.02986704185605049,
        0.9699379205703735,
        9.792431956157088e-05
    ],
    "clip": [
        0.027008056640625,
        0.049652099609375,
        0.92236328125,
        0.0006866455078125
    ],
    "eva": [
        1.5747653018833435e-13,
        7.049177241924554e-08,
        0.9999998807907104,
        1.604889311723756e-11
    ]
}