{
    "captions": [
        "a pink beak",
        "yellow duck",
        "a brown bow tie"
    ],
    "metaclip": [
        0.0070447796024382114,
        0.9929021000862122,
        5.313749352353625e-05
    ],
    "clip": [
        0.00911712646484375,
        0.990234375,
        0.00017786026000976562
    ],
    "eva": [
        1.2964215811983593e-10,
        1.0,
        2.597255140932391e-17
    ]
}