{
    "captions": [
        "a dog",
        "arafed image",
        "a blurry background"
    ],
    "metaclip": [
        0.033952370285987854,
        0.02342129498720169,
        0.942626416683197
    ],
    "clip": [
        0.024871826171875,
        0.75,
        0.2252197265625
    ],
    "eva": [
        0.09894131124019623,
        0.7378673553466797,
        0.16319136321544647
    ]
}