{
    "captions": [
        "a close",
        "a monster truck",
        "a large tire"
    ],
    "metaclip": [
        1.3227323506725952e-05,
        0.99875807762146,
        0.0012287212302908301
    ],
    "clip": [
        2.2113323211669922e-05,
        0.99853515625,
        0.0013885498046875
    ],
    "eva": [
        5.758514189579608e-14,
        1.0,
        8.41008318541725e-10
    ]
}