{
    "captions": [
        "a long beak",
        "a long tail"
    ],
    "metaclip": [
        0.8436471223831177,
        0.15635280311107635
    ],
    "clip": [
        0.60009765625,
        0.39990234375
    ],
    "eva": [
        0.9999997615814209,
        2.458139078953536e-07
    ]
}