{
    "captions": [
        "a blue sky",
        "painting",
        "clouds",
        "a dock",
        "a boat"
    ],
    "metaclip": [
        0.0023585730232298374,
        0.00819486565887928,
        0.0018434885423630476,
        0.23813216388225555,
        0.7494708895683289
    ],
    "clip": [
        0.0159454345703125,
        0.0128173828125,
        0.00246429443359375,
        0.09771728515625,
        0.87060546875
    ],
    "eva": [
        6.020798970496344e-09,
        2.3180252810561797e-06,
        1.0226867096230219e-12,
        0.00094756850739941,
        0.9990500807762146
    ]
}