{
    "captions": [
        "a large trunk",
        "a tree",
        "painting"
    ],
    "metaclip": [
        0.05691977217793465,
        0.9069115519523621,
        0.03616867586970329
    ],
    "clip": [
        0.0732421875,
        0.85107421875,
        0.0755615234375
    ],
    "eva": [
        2.296212187502533e-06,
        0.999997615814209,
        4.2932082777724645e-08
    ]
}