{
    "captions": [
        "a duck",
        "a small object",
        "that"
    ],
    "metaclip": [
        0.9960576295852661,
        0.002941710641607642,
        0.0010005994699895382
    ],
    "clip": [
        0.98095703125,
        0.01824951171875,
        0.0006647109985351562
    ],
    "eva": [
        0.999825656414032,
        0.0001743847969919443,
        7.841127747099108e-11
    ]
}