{
    "captions": [
        "arafed dog",
        "teeth",
        "open mouth"
    ],
    "metaclip": [
        0.31349238753318787,
        0.02751125767827034,
        0.6589963436126709
    ],
    "clip": [
        0.84716796875,
        0.048553466796875,
        0.1043701171875
    ],
    "eva": [
        0.935936689376831,
        0.06041118502616882,
        0.0036521207075566053
    ]
}