{
    "captions": [
        "that",
        "a squirrel",
        "a tree trunk"
    ],
    "metaclip": [
        0.0003238279605284333,
        0.998623251914978,
        0.0010529175633564591
    ],
    "clip": [
        3.701448440551758e-05,
        0.9990234375,
        0.0005702972412109375
    ],
    "eva": [
        1.607601690656324e-10,
        1.0,
        6.633748411699614e-11
    ]
}