{
    "captions": [
        "a man",
        "a scuba suit",
        "the water"
    ],
    "metaclip": [
        0.01200194749981165,
        0.9559111595153809,
        0.03208685293793678
    ],
    "clip": [
        0.00039649009704589844,
        0.97265625,
        0.027587890625
    ],
    "eva": [
        2.5884539809339913e-06,
        0.9999949932098389,
        2.47114530793624e-06
    ]
}