{
    "captions": [
        "a rabbit",
        "painting",
        "the grass",
        "a tree"
    ],
    "metaclip": [
        0.9964033365249634,
        0.001903702737763524,
        0.0006903452449478209,
        0.0010026126401498914
    ],
    "clip": [
        0.990234375,
        0.00870513916015625,
        0.0009174346923828125,
        0.0003705024719238281
    ],
    "eva": [
        1.0,
        3.759910605083405e-09,
        1.2897888486407272e-11,
        1.0319733512176299e-08
    ]
}