{
    "captions": [
        "a table",
        "green plants",
        "a green apple",
        "a bunch"
    ],
    "metaclip": [
        0.0014609720092266798,
        0.048574090003967285,
        0.9425691366195679,
        0.0073958467692136765
    ],
    "clip": [
        0.005695343017578125,
        0.71142578125,
        0.2420654296875,
        0.040771484375
    ],
    "eva": [
        3.721242758381038e-11,
        0.0007690286729484797,
        0.9992309808731079,
        5.704553718288707e-09
    ]
}