{
    "captions": [
        "a ring",
        "a white oplite",
        "diamonds",
        "a close"
    ],
    "metaclip": [
        0.9216243028640747,
        0.049421943724155426,
        0.026375871151685715,
        0.002577788894996047
    ],
    "clip": [
        0.994140625,
        0.003116607666015625,
        0.002208709716796875,
        0.00032830238342285156
    ],
    "eva": [
        0.9999995231628418,
        4.202398145025654e-07,
        1.1280648415379346e-08,
        2.043725544353947e-08
    ]
}