{
    "captions": [
        "the floor",
        "the ground",
        "its paws",
        "a cat"
    ],
    "metaclip": [
        0.06376469135284424,
        0.02458704262971878,
        0.571310818195343,
        0.3403374254703522
    ],
    "clip": [
        0.090087890625,
        0.1212158203125,
        0.403564453125,
        0.38525390625
    ],
    "eva": [
        0.002790906000882387,
        0.002533246297389269,
        0.04640137031674385,
        0.9482744336128235
    ]
}