{
    "captions": [
        "a stuffed animal",
        "a table",
        "a close"
    ],
    "metaclip": [
        0.9958838820457458,
        0.0009420663700439036,
        0.0031740483827888966
    ],
    "clip": [
        0.9970703125,
        0.0017528533935546875,
        0.0012426376342773438
    ],
    "eva": [
        1.0,
        1.412361616548452e-10,
        5.511177070260942e-10
    ]
}