{
    "captions": [
        "a small bird",
        "the forest",
        "a branch"
    ],
    "metaclip": [
        0.9072105884552002,
        0.009037450887262821,
        0.08375196158885956
    ],
    "clip": [
        0.9873046875,
        0.0056915283203125,
        0.0073089599609375
    ],
    "eva": [
        0.9999997615814209,
        1.5216543303164798e-10,
        2.7445597083897155e-07
    ]
}