{
    "captions": [
        "the background",
        "trees",
        "yellow truck",
        "a snowy road"
    ],
    "metaclip": [
        0.0006893611280247569,
        5.631229578284547e-05,
        0.9957876801490784,
        0.0034667369909584522
    ],
    "clip": [
        3.647804260253906e-05,
        3.2782554626464844e-06,
        1.0,
        0.00019109249114990234
    ],
    "eva": [
        1.668078730698852e-10,
        4.6832728667345336e-12,
        0.9753798246383667,
        0.024620188400149345
    ]
}