{
    "captions": [
        "large tires",
        "a truck",
        "a white background",
        "a close"
    ],
    "metaclip": [
        0.09597063064575195,
        0.9019635915756226,
        0.00041999577661044896,
        0.001645694486796856
    ],
    "clip": [
        0.5380859375,
        0.46044921875,
        0.001007080078125,
        0.00023186206817626953
    ],
    "eva": [
        0.044754281640052795,
        0.9552457332611084,
        2.4279682708794326e-09,
        1.5430405397864888e-08
    ]
}