{
    "captions": [
        "a blue background",
        "a cage",
        "a tiger",
        "arafed image"
    ],
    "metaclip": [
        0.00043751002522185445,
        0.010256092995405197,
        0.9847858548164368,
        0.0045204791240394115
    ],
    "clip": [
        0.00024819374084472656,
        0.0003285408020019531,
        0.9794921875,
        0.01971435546875
    ],
    "eva": [
        1.7325288136104712e-14,
        3.957365823925585e-10,
        1.0,
        8.645623106318112e-11
    ]
}