{
    "captions": [
        "a man",
        "a yellow scuba suit",
        "a yellow shirt"
    ],
    "metaclip": [
        0.038951415568590164,
        0.9594036340713501,
        0.0016449957620352507
    ],
    "clip": [
        0.00018358230590820312,
        0.9990234375,
        0.0009398460388183594
    ],
    "eva": [
        2.508795660105534e-05,
        0.9999749660491943,
        2.0874021955386013e-10
    ]
}