{
    "captions": [
        "a flower bed",
        "that",
        "a squirrel"
    ],
    "metaclip": [
        0.005632040556520224,
        0.0003773296484723687,
        0.9939906597137451
    ],
    "clip": [
        0.08270263671875,
        9.101629257202148e-05,
        0.91748046875
    ],
    "eva": [
        4.6186102053979994e-07,
        3.060196984705499e-09,
        0.9999995231628418
    ]
}