{
    "captions": [
        "a brick wall",
        "a cage",
        "a tiger",
        "a close"
    ],
    "metaclip": [
        0.00019095782772637904,
        0.0050199911929667,
        0.9936835765838623,
        0.001105544506572187
    ],
    "clip": [
        0.00029087066650390625,
        0.0013875961303710938,
        0.998046875,
        0.0006871223449707031
    ],
    "eva": [
        6.2146887808178005e-15,
        2.628796312575954e-11,
        1.0,
        5.261871494077752e-10
    ]
}