{
    "captions": [
        "a wall",
        "a cat figurine",
        "a shelf",
        "front"
    ],
    "metaclip": [
        0.00800477247685194,
        0.9903910160064697,
        0.0010750002693384886,
        0.000529192911926657
    ],
    "clip": [
        0.0009465217590332031,
        0.998046875,
        0.00024509429931640625,
        0.0005521774291992188
    ],
    "eva": [
        1.2983553006051807e-06,
        0.9999929666519165,
        9.386428301283445e-10,
        5.673092346114572e-06
    ]
}