{
    "captions": [
        "painting",
        "a purple background",
        "a duck",
        "a yellow beak"
    ],
    "metaclip": [
        0.00034531482378952205,
        5.209567825659178e-05,
        0.9857102632522583,
        0.013892299495637417
    ],
    "clip": [
        0.0009522438049316406,
        0.0005774497985839844,
        0.92138671875,
        0.07684326171875
    ],
    "eva": [
        5.9953267292367236e-15,
        1.129775853770236e-16,
        0.9999990463256836,
        9.808077265915927e-07
    ]
}