{
    "captions": [
        "the background",
        "a fish",
        "the ocean",
        "a shark swimming"
    ],
    "metaclip": [
        1.628927930141799e-05,
        0.0062519642524421215,
        0.003593215486034751,
        0.9901385307312012
    ],
    "clip": [
        0.0002084970474243164,
        0.00460052490234375,
        0.0019168853759765625,
        0.9931640625
    ],
    "eva": [
        3.6721414103935146e-11,
        5.682102823811874e-07,
        4.346223825280049e-09,
        0.9999994039535522
    ]
}