{
    "captions": [
        "a dog's face",
        "a square pattern",
        "a close"
    ],
    "metaclip": [
        0.06007496640086174,
        0.9148365259170532,
        0.025088487192988396
    ],
    "clip": [
        0.8564453125,
        0.1334228515625,
        0.0101318359375
    ],
    "eva": [
        0.23336566984653473,
        0.36115026473999023,
        0.40548405051231384
    ]
}