{
    "captions": [
        "a close",
        "a white background",
        "a blue surface",
        "a shark"
    ],
    "metaclip": [
        0.00019023306958843023,
        9.591151319909841e-05,
        0.0008612523670308292,
        0.9988526105880737
    ],
    "clip": [
        0.00013506412506103516,
        0.0029811859130859375,
        4.184246063232422e-05,
        0.9970703125
    ],
    "eva": [
        3.219886163252639e-11,
        1.3665532464304797e-12,
        1.5115477432540124e-14,
        1.0
    ]
}