{
    "captions": [
        "a rabbit",
        "the grass",
        "a collar",
        "a painting"
    ],
    "metaclip": [
        0.9920753240585327,
        0.001934632658958435,
        0.00020129498443566263,
        0.005788770969957113
    ],
    "clip": [
        0.9482421875,
        0.0092926025390625,
        0.0010929107666015625,
        0.041015625
    ],
    "eva": [
        1.0,
        1.6622895768203527e-11,
        1.628564687619627e-12,
        3.0495475034086894e-09
    ]
}