{
    "captions": [
        "trees",
        "painting",
        "a horse",
        "a dog",
        "a field"
    ],
    "metaclip": [
        0.0017253612168133259,
        0.0019349718932062387,
        0.9937228560447693,
        0.001469756942242384,
        0.0011470912722870708
    ],
    "clip": [
        0.0016717910766601562,
        0.027618408203125,
        0.94384765625,
        0.024383544921875,
        0.0024700164794921875
    ],
    "eva": [
        1.5423331015118613e-11,
        3.131355086338772e-08,
        1.0,
        1.300531016212858e-09,
        8.803740375595837e-11
    ]
}