{
    "captions": [
        "a wall",
        "front",
        "that",
        "a giraffe"
    ],
    "metaclip": [
        0.3146233856678009,
        0.17791232466697693,
        0.4565292000770569,
        0.05093512311577797
    ],
    "clip": [
        0.32421875,
        0.1077880859375,
        0.34521484375,
        0.222900390625
    ],
    "eva": [
        0.04876416176557541,
        0.6450760960578918,
        0.30602866411209106,
        0.00013105645484756678
    ]
}