{
    "captions": [
        "squares",
        "a white dress",
        "front",
        "a wall"
    ],
    "metaclip": [
        0.9312952756881714,
        0.0019752716179937124,
        0.014951460994780064,
        0.05177794024348259
    ],
    "clip": [
        0.748046875,
        0.052520751953125,
        0.021728515625,
        0.1776123046875
    ],
    "eva": [
        0.9992181062698364,
        3.9265179907488346e-07,
        3.628470494732028e-06,
        0.000777948705945164
    ]
}