{
    "captions": [
        "painting",
        "a red tail",
        "a rooster",
        "a white background"
    ],
    "metaclip": [
        0.0003441940643824637,
        0.001299361465498805,
        0.9982613921165466,
        9.51236579567194e-05
    ],
    "clip": [
        0.0007715225219726562,
        0.000659942626953125,
        0.9970703125,
        0.001262664794921875
    ],
    "eva": [
        3.7760270604758617e-11,
        1.4166133543991322e-10,
        1.0,
        5.697727988203394e-13
    ]
}