{
    "captions": [
        "a close",
        "a computer motherboard",
        "many electronic components"
    ],
    "metaclip": [
        0.0029516913928091526,
        0.8863781094551086,
        0.11067017167806625
    ],
    "clip": [
        0.0007815361022949219,
        0.168701171875,
        0.83056640625
    ],
    "eva": [
        1.7971103771774466e-10,
        0.044475018978118896,
        0.9555249214172363
    ]
}