{
    "captions": [
        "a wooden block",
        "a black top",
        "a brown base"
    ],
    "metaclip": [
        0.9079985618591309,
        0.017352599650621414,
        0.07464886456727982
    ],
    "clip": [
        0.61767578125,
        0.0016689300537109375,
        0.380615234375
    ],
    "eva": [
        0.40083086490631104,
        8.114501724776346e-06,
        0.5991610288619995
    ]
}