{
    "captions": [
        "two people",
        "a scuba board",
        "the water"
    ],
    "metaclip": [
        0.005438026040792465,
        0.9304782152175903,
        0.06408382207155228
    ],
    "clip": [
        0.000972747802734375,
        0.94140625,
        0.057403564453125
    ],
    "eva": [
        2.450693259437031e-10,
        0.9999985694885254,
        1.410066261087195e-06
    ]
}