{
    "captions": [
        "a bear",
        "leaves",
        "trees",
        "a forest",
        "painting"
    ],
    "metaclip": [
        0.9916092753410339,
        0.00014939146058168262,
        0.0007264767773449421,
        0.005646436475217342,
        0.0018683936214074492
    ],
    "clip": [
        0.966796875,
        0.0010557174682617188,
        0.00933074951171875,
        0.0116119384765625,
        0.0107421875
    ],
    "eva": [
        0.9999985694885254,
        3.369565885604571e-17,
        3.352381523422099e-12,
        1.4661111435998464e-06,
        7.3774635289680646e-09
    ]
}