{
    "captions": [
        "a bicycle",
        "a picture",
        "that",
        "the wall"
    ],
    "metaclip": [
        0.996715784072876,
        0.0025733255315572023,
        0.0006677470519207418,
        4.313814133638516e-05
    ],
    "clip": [
        0.9990234375,
        0.0008692741394042969,
        2.9265880584716797e-05,
        8.344650268554688e-06
    ],
    "eva": [
        0.9999995231628418,
        4.5708486595685827e-07,
        3.701978827652663e-12,
        7.787759056218334e-18
    ]
}