{
    "captions": [
        "a building",
        "arafed van",
        "a snowy road",
        "front"
    ],
    "metaclip": [
        0.0010886212112382054,
        0.9628140330314636,
        0.026371456682682037,
        0.0097258435562253
    ],
    "clip": [
        4.941225051879883e-05,
        0.99951171875,
        6.920099258422852e-05,
        0.0006070137023925781
    ],
    "eva": [
        2.4965504508145386e-06,
        8.931721822591498e-06,
        0.4555254280567169,
        0.5444630980491638
    ]
}