{
    "captions": [
        "a mouse",
        "painting",
        "its hind legs"
    ],
    "metaclip": [
        0.9994879961013794,
        5.269985558697954e-05,
        0.00045929107000119984
    ],
    "clip": [
        0.9912109375,
        0.0003075599670410156,
        0.0087127685546875
    ],
    "eva": [
        1.0,
        1.4001506117716778e-12,
        7.78790781863492e-11
    ]
}