{
    "captions": [
        "its hind legs",
        "painting",
        "a mouse"
    ],
    "metaclip": [
        0.00045929107000119984,
        5.269985558697954e-05,
        0.9994879961013794
    ],
    "clip": [
        0.0087127685546875,
        0.0003075599670410156,
        0.9912109375
    ],
    "eva": [
        7.78790781863492e-11,
        1.4001506117716778e-12,
        1.0
    ]
}