{
    "captions": [
        "painting",
        "a butterfly",
        "a blue and red wing",
        "a white background"
    ],
    "metaclip": [
        0.025944117456674576,
        0.8165711164474487,
        0.15715034306049347,
        0.0003344880242366344
    ],
    "clip": [
        0.07452392578125,
        0.921875,
        0.0016984939575195312,
        0.0019855499267578125
    ],
    "eva": [
        1.1439872338314672e-07,
        0.9999998807907104,
        5.302759120695555e-09,
        7.467864624214823e-14
    ]
}