{
    "captions": [
        "a bird",
        "painting",
        "it",
        "a tree"
    ],
    "metaclip": [
        0.005185281857848167,
        0.04682137817144394,
        0.009565813466906548,
        0.9384275674819946
    ],
    "clip": [
        0.01055145263671875,
        0.10992431640625,
        0.0012998580932617188,
        0.87841796875
    ],
    "eva": [
        1.3111031704760023e-10,
        5.398059221839446e-10,
        1.8256209877165475e-09,
        1.0
    ]
}