{
    "captions": [
        "a black background",
        "a close",
        "a green flower"
    ],
    "metaclip": [
        0.009864943102002144,
        0.019459979608654976,
        0.9706750512123108
    ],
    "clip": [
        0.034881591796875,
        0.00708770751953125,
        0.9580078125
    ],
    "eva": [
        3.0697871328255744e-11,
        7.291596375580411e-07,
        0.9999992847442627
    ]
}