{
    "captions": [
        "a colorful background",
        "a hummingbird",
        "painting",
        "flight"
    ],
    "metaclip": [
        0.0007806190405972302,
        0.9844635725021362,
        0.005757409147918224,
        0.008998406119644642
    ],
    "clip": [
        0.00603485107421875,
        0.8818359375,
        0.09149169921875,
        0.0207366943359375
    ],
    "eva": [
        4.2198289307293635e-09,
        0.9999970197677612,
        3.350889130615542e-07,
        2.6530842660577036e-06
    ]
}