{
    "captions": [
        "painting",
        "a hummingbird",
        "a flower",
        "a blue background"
    ],
    "metaclip": [
        0.021686410531401634,
        0.9772865176200867,
        0.0009525654604658484,
        7.45789657230489e-05
    ],
    "clip": [
        0.0229339599609375,
        0.97509765625,
        7.712841033935547e-05,
        0.0017414093017578125
    ],
    "eva": [
        7.591292501274438e-07,
        0.9999992847442627,
        1.6473371278191706e-11,
        5.996197479106501e-15
    ]
}