{
    "captions": [
        "a cyb",
        "a close",
        "a white background"
    ],
    "metaclip": [
        0.8854414820671082,
        0.08334368467330933,
        0.031214801594614983
    ],
    "clip": [
        0.8935546875,
        0.00630950927734375,
        0.10028076171875
    ],
    "eva": [
        0.8001707792282104,
        0.19979825615882874,
        3.104286952293478e-05
    ]
}