{
    "captions": [
        "a wooden table",
        "a knife holder",
        "a knife"
    ],
    "metaclip": [
        0.0004284610040485859,
        0.9682531952857971,
        0.031318340450525284
    ],
    "clip": [
        0.0002067089080810547,
        0.43017578125,
        0.56982421875
    ],
    "eva": [
        4.659228189894671e-13,
        0.9999904632568359,
        9.493570360064041e-06
    ]
}