{
    "captions": [
        "a blurry background",
        "a leaf",
        "a butterfly",
        "a close"
    ],
    "metaclip": [
        0.004461317323148251,
        0.003433612175285816,
        0.9894780516624451,
        0.002627069130539894
    ],
    "clip": [
        0.0089263916015625,
        0.0025386810302734375,
        0.984375,
        0.004024505615234375
    ],
    "eva": [
        4.246908380522996e-12,
        6.263065066569595e-10,
        1.0,
        3.2366092445057504e-11
    ]
}