{
    "captions": [
        "a squirrel",
        "a tree branch",
        "that"
    ],
    "metaclip": [
        0.9947579503059387,
        0.004859019070863724,
        0.00038306464557535946
    ],
    "clip": [
        0.99169921875,
        0.0083160400390625,
        0.0001571178436279297
    ],
    "eva": [
        0.9999998807907104,
        1.7285540820921597e-07,
        1.0668304434302556e-10
    ]
}