{
    "captions": [
        "a shelf",
        "a room",
        "several glass vases"
    ],
    "metaclip": [
        0.6489238142967224,
        0.044006116688251495,
        0.3070700168609619
    ],
    "clip": [
        0.97607421875,
        0.00934600830078125,
        0.01436614990234375
    ],
    "eva": [
        0.9999984502792358,
        7.931266168270668e-07,
        6.911100172146689e-07
    ]
}