{
    "captions": [
        "arafed photo",
        "a blurry background",
        "a track",
        "a racing car"
    ],
    "metaclip": [
        0.026924733072519302,
        0.003014798741787672,
        0.033402640372514725,
        0.9366577863693237
    ],
    "clip": [
        0.1124267578125,
        0.00801849365234375,
        0.0992431640625,
        0.7802734375
    ],
    "eva": [
        4.9592856044000655e-08,
        6.35365395851295e-08,
        0.0019063681829720736,
        0.9980934262275696
    ]
}