{
    "captions": [
        "a cutting board",
        "a knife",
        "a counter"
    ],
    "metaclip": [
        0.964952290058136,
        0.03324546664953232,
        0.0018023391021415591
    ],
    "clip": [
        0.9921875,
        0.00647735595703125,
        0.001422882080078125
    ],
    "eva": [
        1.0,
        1.124527226892269e-08,
        2.880370773708854e-14
    ]
}