{
    "captions": [
        "a rabbit",
        "a painting",
        "the background",
        "a bird",
        "the grass"
    ],
    "metaclip": [
        0.9955025315284729,
        0.0035163352731615305,
        7.661573181394488e-05,
        0.00034177032648585737,
        0.0005627150530926883
    ],
    "clip": [
        0.98828125,
        0.00896453857421875,
        0.0006003379821777344,
        0.0004749298095703125,
        0.0015096664428710938
    ],
    "eva": [
        0.9999997615814209,
        2.0412880985531956e-07,
        1.4936851668728712e-12,
        2.087828104846423e-10,
        1.09564711470167e-10
    ]
}