{
    "captions": [
        "painting",
        "a yellow background",
        "a butterfly"
    ],
    "metaclip": [
        0.015570277348160744,
        0.0038797720335423946,
        0.9805499911308289
    ],
    "clip": [
        0.07647705078125,
        0.07525634765625,
        0.84814453125
    ],
    "eva": [
        1.3739051674122038e-08,
        6.410082187269239e-11,
        1.0
    ]
}