{
    "captions": [
        "butterfly painting",
        "yellow background",
        "black and orange wings"
    ],
    "metaclip": [
        0.9995935559272766,
        1.9796148990280926e-05,
        0.0003866920596919954
    ],
    "clip": [
        0.9990234375,
        0.0006875991821289062,
        0.0002777576446533203
    ],
    "eva": [
        1.0,
        6.371683796492543e-15,
        1.0700538545516114e-11
    ]
}