{
    "captions": [
        "a tree",
        "a large trunk",
        "a painting"
    ],
    "metaclip": [
        0.8540759086608887,
        0.1363944709300995,
        0.009529711678624153
    ],
    "clip": [
        0.80078125,
        0.1678466796875,
        0.031524658203125
    ],
    "eva": [
        0.9999239444732666,
        7.6079617429059e-05,
        4.6392372582415575e-11
    ]
}