{
    "captions": [
        "that",
        "a squirrel",
        "a tree"
    ],
    "metaclip": [
        0.0001581619872013107,
        0.9991262555122375,
        0.000715547357685864
    ],
    "clip": [
        7.545948028564453e-05,
        1.0,
        0.0003743171691894531
    ],
    "eva": [
        5.6174041113132844e-12,
        1.0,
        1.1040353520286317e-08
    ]
}