{
    "captions": [
        "a tree",
        "that",
        "a squirrel"
    ],
    "metaclip": [
        0.000715547357685864,
        0.0001581619872013107,
        0.9991262555122375
    ],
    "clip": [
        0.0003743171691894531,
        7.545948028564453e-05,
        1.0
    ],
    "eva": [
        1.1040353520286317e-08,
        5.6174041113132844e-12,
        1.0
    ]
}