{
    "captions": [
        "painting",
        "the grass",
        "trees",
        "the background",
        "a rabbit"
    ],
    "metaclip": [
        0.0012620320776477456,
        0.0008756075403653085,
        0.0002181368472520262,
        0.00011350254499120638,
        0.9975307583808899
    ],
    "clip": [
        0.00521087646484375,
        0.0009198188781738281,
        4.267692565917969e-05,
        0.0006837844848632812,
        0.9931640625
    ],
    "eva": [
        3.932964620645407e-09,
        9.17369912672994e-12,
        2.2699676611049463e-14,
        1.6439844277571503e-13,
        1.0
    ]
}