{
    "captions": [
        "a bed",
        "a stuffed rabbit",
        "a bow tie"
    ],
    "metaclip": [
        0.0012169276596978307,
        0.993022620677948,
        0.005760468542575836
    ],
    "clip": [
        0.00446319580078125,
        0.994140625,
        0.0010595321655273438
    ],
    "eva": [
        2.1170758288807656e-12,
        1.0,
        2.0106810660891483e-10
    ]
}