{
    "captions": [
        "painting",
        "a colorful bird",
        "a yellow background"
    ],
    "metaclip": [
        0.08419106900691986,
        0.9155258536338806,
        0.0002830358571372926
    ],
    "clip": [
        0.0367431640625,
        0.96240234375,
        0.0007276535034179688
    ],
    "eva": [
        1.263228227799118e-06,
        0.9999986886978149,
        1.7572228945173679e-15
    ]
}