{
    "captions": [
        "a bear",
        "the woods",
        "that"
    ],
    "metaclip": [
        0.9883589744567871,
        0.01081753708422184,
        0.0008234128472395241
    ],
    "clip": [
        0.96044921875,
        0.039031982421875,
        0.0006823539733886719
    ],
    "eva": [
        0.9999997615814209,
        2.2596205440095218e-07,
        2.655359265801849e-10
    ]
}