{
    "captions": [
        "a dog's face",
        "many circles",
        "a close"
    ],
    "metaclip": [
        0.03449581563472748,
        0.9451079368591309,
        0.020396269857883453
    ],
    "clip": [
        0.002651214599609375,
        0.9814453125,
        0.015869140625
    ],
    "eva": [
        0.00849915761500597,
        0.9822106957435608,
        0.009290174581110477
    ]
}