{
    "captions": [
        "a lion's face",
        "a close",
        "squares",
        "a grid"
    ],
    "metaclip": [
        0.9747304320335388,
        0.0006393903167918324,
        0.02126074768602848,
        0.0033694100566208363
    ],
    "clip": [
        0.98095703125,
        0.0031223297119140625,
        0.01421356201171875,
        0.0018072128295898438
    ],
    "eva": [
        1.0,
        1.4220453259383703e-08,
        2.77086731337306e-09,
        7.784095590324114e-10
    ]
}