{
    "captions": [
        "a white bowl",
        "a table",
        "eggs",
        "a brown background"
    ],
    "metaclip": [
        0.004851479083299637,
        0.0014980325940996408,
        0.9929397106170654,
        0.0007106678676791489
    ],
    "clip": [
        0.02825927734375,
        0.08306884765625,
        0.87890625,
        0.009918212890625
    ],
    "eva": [
        9.292898672796923e-10,
        6.4585643499981416e-09,
        1.0,
        1.4862418208031608e-13
    ]
}