{
    "captions": [
        "a train station",
        "a close",
        "a train"
    ],
    "metaclip": [
        0.7744272351264954,
        0.17560595273971558,
        0.049966905266046524
    ],
    "clip": [
        0.88720703125,
        0.028076171875,
        0.08447265625
    ],
    "eva": [
        0.5901981592178345,
        0.4097777307033539,
        2.416602728771977e-05
    ]
}