{
    "captions": [
        "a rabbit",
        "painting",
        "a snowy hill",
        "the woods"
    ],
    "metaclip": [
        0.9826409220695496,
        0.010336389765143394,
        0.004404858686029911,
        0.002617888618260622
    ],
    "clip": [
        0.98095703125,
        0.01512908935546875,
        0.0012617111206054688,
        0.0032215118408203125
    ],
    "eva": [
        0.9999998807907104,
        4.13222744910513e-09,
        6.185712919659636e-08,
        3.4573549578809093e-10
    ]
}