{
    "captions": [
        "the dirt",
        "a plant",
        "that",
        "a picture"
    ],
    "metaclip": [
        0.017232980579137802,
        0.8681210875511169,
        0.06384865939617157,
        0.05079721659421921
    ],
    "clip": [
        0.08380126953125,
        0.75830078125,
        0.010986328125,
        0.1470947265625
    ],
    "eva": [
        1.754187350933023e-10,
        0.999919056892395,
        2.2104929442434695e-08,
        8.099458500510082e-05
    ]
}