{
    "captions": [
        "a duck",
        "that",
        "a white surface"
    ],
    "metaclip": [
        0.999528169631958,
        0.00043501981417648494,
        3.6815770727116615e-05
    ],
    "clip": [
        0.9970703125,
        0.0013332366943359375,
        0.0011138916015625
    ],
    "eva": [
        1.0,
        6.2652092715220764e-12,
        1.3246387426074473e-14
    ]
}