{
    "captions": [
        "that",
        "a white surface",
        "a duck"
    ],
    "metaclip": [
        0.00043501981417648494,
        3.6815770727116615e-05,
        0.999528169631958
    ],
    "clip": [
        0.0013332366943359375,
        0.0011138916015625,
        0.9970703125
    ],
    "eva": [
        6.2652092715220764e-12,
        1.3246387426074473e-14,
        1.0
    ]
}