{
    "captions": [
        "a shark swimming",
        "the water",
        "a pink flower"
    ],
    "metaclip": [
        0.9997275471687317,
        0.00019694223010446876,
        7.548541179858148e-05
    ],
    "clip": [
        1.0,
        0.0001780986785888672,
        5.364418029785156e-06
    ],
    "eva": [
        1.0,
        2.5571320234896167e-12,
        1.2919094960484045e-10
    ]
}