{
    "captions": [
        "a dog's face",
        "many circles",
        "the background",
        "a close"
    ],
    "metaclip": [
        0.7975286245346069,
        0.19342464208602905,
        0.004497698973864317,
        0.004549050237983465
    ],
    "clip": [
        0.8701171875,
        0.1253662109375,
        0.00366973876953125,
        0.0006632804870605469
    ],
    "eva": [
        0.774691104888916,
        0.22530652582645416,
        2.2598080704483436e-06,
        1.770227839870131e-07
    ]
}