{
    "captions": [
        "a tie",
        "a table",
        "painting",
        "a cat"
    ],
    "metaclip": [
        0.00030949158826842904,
        0.000412904832046479,
        0.0008116235258057714,
        0.9984660148620605
    ],
    "clip": [
        0.0037479400634765625,
        0.01287841796875,
        0.007167816162109375,
        0.97607421875
    ],
    "eva": [
        3.0002178519339395e-10,
        2.324154202426598e-09,
        1.3363930621845821e-11,
        1.0
    ]
}