{
    "captions": [
        "painting",
        "a bird",
        "a snowy surface",
        "a white background"
    ],
    "metaclip": [
        0.002666405402123928,
        0.9855906963348389,
        0.010684077627956867,
        0.0010588763980194926
    ],
    "clip": [
        0.0200653076171875,
        0.95166015625,
        0.004993438720703125,
        0.0234527587890625
    ],
    "eva": [
        2.4163134071386594e-07,
        0.9999986886978149,
        1.047446858137846e-06,
        2.2623458661996665e-09
    ]
}