{
    "captions": [
        "a colorful headdress",
        "a blue background",
        "painting",
        "a bird"
    ],
    "metaclip": [
        0.03338969498872757,
        0.0038579271640628576,
        0.48883745074272156,
        0.4739149510860443
    ],
    "clip": [
        0.1424560546875,
        0.02325439453125,
        0.80712890625,
        0.027618408203125
    ],
    "eva": [
        0.012705394998192787,
        1.2434227869562164e-07,
        0.9649959802627563,
        0.022298406809568405
    ]
}