{
    "captions": [
        "a table",
        "that",
        "a white rabbit"
    ],
    "metaclip": [
        0.0005522043793462217,
        0.004475900437682867,
        0.9949718713760376
    ],
    "clip": [
        0.0007038116455078125,
        0.0007548332214355469,
        0.99853515625
    ],
    "eva": [
        7.843094229631475e-11,
        4.9104123434062785e-08,
        1.0
    ]
}