{
    "captions": [
        "painting",
        "a window",
        "a ledge",
        "front",
        "a rabbit"
    ],
    "metaclip": [
        0.002198385540395975,
        5.5105141655076295e-05,
        4.130413435632363e-05,
        8.538270776625723e-05,
        0.9976199269294739
    ],
    "clip": [
        0.0262908935546875,
        0.0016813278198242188,
        8.112192153930664e-05,
        0.0002968311309814453,
        0.9716796875
    ],
    "eva": [
        8.865130296520363e-10,
        2.5724358420861106e-14,
        4.213752014415456e-13,
        1.4771439627025984e-10,
        1.0
    ]
}