{
    "captions": [
        "flight",
        "red flowers",
        "painting",
        "a hummingbird",
        "a background"
    ],
    "metaclip": [
        0.006097549106925726,
        0.001327168196439743,
        0.010327902622520924,
        0.981268584728241,
        0.000978706288151443
    ],
    "clip": [
        0.005611419677734375,
        0.00010526180267333984,
        0.048492431640625,
        0.94384765625,
        0.0019397735595703125
    ],
    "eva": [
        8.854737387764544e-09,
        1.1807227287899402e-13,
        5.878698061678733e-07,
        0.9999994039535522,
        3.438200245342582e-12
    ]
}