{
    "captions": [
        "painting",
        "a bush",
        "the grass",
        "a white rabbit"
    ],
    "metaclip": [
        0.000494793988764286,
        0.00014317058958113194,
        0.00040959034231491387,
        0.9989525079727173
    ],
    "clip": [
        0.004058837890625,
        0.0011997222900390625,
        0.001857757568359375,
        0.99267578125
    ],
    "eva": [
        4.256689185161422e-12,
        7.888329746352785e-14,
        3.724463500196645e-14,
        1.0
    ]
}