{
    "captions": [
        "a skateboard",
        "a person",
        "a picture"
    ],
    "metaclip": [
        0.19053253531455994,
        0.3248104155063629,
        0.4846571087837219
    ],
    "clip": [
        0.09368896484375,
        0.0308990478515625,
        0.875
    ],
    "eva": [
        2.54368733294541e-05,
        1.2069193871866446e-05,
        0.999962568283081
    ]
}