{
    "captions": [
        "a cutting board",
        "a wooden table",
        "a close"
    ],
    "metaclip": [
        0.8746589422225952,
        0.12065257877111435,
        0.004688471555709839
    ],
    "clip": [
        0.4921875,
        0.5078125,
        0.00021529197692871094
    ],
    "eva": [
        0.9997777342796326,
        0.00022221899416763335,
        6.143622055532205e-09
    ]
}