{
    "captions": [
        "a blurry photo",
        "a cow",
        "a field"
    ],
    "metaclip": [
        0.21291664242744446,
        0.7758840322494507,
        0.011199387721717358
    ],
    "clip": [
        0.493408203125,
        0.5009765625,
        0.00565338134765625
    ],
    "eva": [
        0.055796343833208084,
        0.9442025423049927,
        1.1533896895343787e-06
    ]
}