{
    "captions": [
        "painting",
        "a dolphin",
        "the water",
        "a blurry background"
    ],
    "metaclip": [
        0.0002475197543390095,
        0.9973883032798767,
        0.0013650249456986785,
        0.0009992698905989528
    ],
    "clip": [
        0.004962921142578125,
        0.9755859375,
        0.0094146728515625,
        0.0101776123046875
    ],
    "eva": [
        4.889661267028222e-13,
        1.0,
        1.130425831066817e-12,
        1.351138211730385e-11
    ]
}