{
    "captions": [
        "a tree trunk",
        "that",
        "a squirrel"
    ],
    "metaclip": [
        0.004478179384022951,
        0.00037725933361798525,
        0.9951445460319519
    ],
    "clip": [
        0.0010652542114257812,
        2.6881694793701172e-05,
        0.9990234375
    ],
    "eva": [
        1.0863720945053501e-07,
        6.151301690238142e-11,
        0.9999998807907104
    ]
}