{
    "captions": [
        "a white stuffed rabbit",
        "a blue bow tie"
    ],
    "metaclip": [
        0.9994620680809021,
        0.0005379348294809461
    ],
    "clip": [
        1.0,
        5.424022674560547e-06
    ],
    "eva": [
        1.0,
        4.4335834747152424e-15
    ]
}