{
    "captions": [
        "a close",
        "the background",
        "a boat",
        "a crab",
        "a beach"
    ],
    "metaclip": [
        0.00010085578833241016,
        0.0001503076491644606,
        3.0035278541618027e-05,
        0.999398946762085,
        0.00031983383814804256
    ],
    "clip": [
        0.002796173095703125,
        0.0006852149963378906,
        3.987550735473633e-05,
        0.99560546875,
        0.00080108642578125
    ],
    "eva": [
        4.682849594206395e-12,
        1.1055197894822323e-14,
        2.1236637999992407e-16,
        1.0,
        3.429779247068887e-12
    ]
}