{
    "captions": [
        "the sky",
        "yellow and red wings"
    ],
    "metaclip": [
        0.009220323525369167,
        0.9907797574996948
    ],
    "clip": [
        0.09136962890625,
        0.90869140625
    ],
    "eva": [
        2.947184157164884e-06,
        0.9999970197677612
    ]
}