{
    "captions": [
        "a giraffe",
        "front",
        "that",
        "a wall"
    ],
    "metaclip": [
        0.9991039633750916,
        8.373626769753173e-05,
        0.000732249638531357,
        7.997443753993139e-05
    ],
    "clip": [
        0.97705078125,
        0.0007214546203613281,
        0.0212554931640625,
        0.0013065338134765625
    ],
    "eva": [
        0.9999997615814209,
        1.618157696725575e-08,
        2.480344960531511e-07,
        3.1984720861438776e-12
    ]
}