{
    "captions": [
        "arafed image",
        "a shadow",
        "a square pattern",
        "a person"
    ],
    "metaclip": [
        0.0008592798840254545,
        0.01772272400557995,
        0.976658046245575,
        0.004760009702295065
    ],
    "clip": [
        0.04742431640625,
        0.0274505615234375,
        0.92333984375,
        0.001956939697265625
    ],
    "eva": [
        1.1768241847676109e-07,
        1.0755639777926262e-05,
        0.9999889135360718,
        2.1457952925629797e-07
    ]
}