{
    "captions": [
        "a wooden bench",
        "that",
        "a squirrel"
    ],
    "metaclip": [
        6.838977424195036e-05,
        0.0014096148079261184,
        0.9985219836235046
    ],
    "clip": [
        0.0010004043579101562,
        7.778406143188477e-05,
        0.9990234375
    ],
    "eva": [
        1.2795012716438486e-13,
        8.939547713193718e-11,
        1.0
    ]
}