{
    "captions": [
        "painting",
        "a quarry",
        "a large excavator moving logs"
    ],
    "metaclip": [
        0.019101202487945557,
        0.9608252644538879,
        0.020073480904102325
    ],
    "clip": [
        0.0928955078125,
        0.89501953125,
        0.011993408203125
    ],
    "eva": [
        7.720799999333394e-07,
        0.9999915361404419,
        7.678188012505416e-06
    ]
}