{
    "captions": [
        "a painting",
        "a blue and purple coat",
        "a rabbit"
    ],
    "metaclip": [
        0.005228559020906687,
        0.0015893004601821303,
        0.9931821227073669
    ],
    "clip": [
        0.04058837890625,
        0.0062255859375,
        0.953125
    ],
    "eva": [
        8.63257632044423e-10,
        2.022431527803903e-10,
        1.0
    ]
}