{
    "captions": [
        "sun",
        "the ocean",
        "a close",
        "a shark swimming"
    ],
    "metaclip": [
        6.433713133446872e-05,
        0.0014072991907596588,
        8.425511623499915e-05,
        0.998444139957428
    ],
    "clip": [
        0.0003845691680908203,
        0.002628326416015625,
        0.0009670257568359375,
        0.99609375
    ],
    "eva": [
        7.350887260004768e-12,
        2.0293182689812284e-09,
        2.7559549087285973e-10,
        1.0
    ]
}