{
    "captions": [
        "that",
        "the ground",
        "a plant"
    ],
    "metaclip": [
        0.030121197924017906,
        0.004012511111795902,
        0.9658663272857666
    ],
    "clip": [
        0.00914764404296875,
        0.0207672119140625,
        0.97021484375
    ],
    "eva": [
        9.259538558126224e-08,
        2.915669372605123e-10,
        0.9999998807907104
    ]
}