{
    "captions": [
        "a close",
        "a dog",
        "a square pattern",
        "a tie"
    ],
    "metaclip": [
        0.008379586972296238,
        0.007971661165356636,
        0.9792351126670837,
        0.004413627553731203
    ],
    "clip": [
        0.05279541015625,
        0.1785888671875,
        0.763671875,
        0.0046844482421875
    ],
    "eva": [
        0.30937251448631287,
        0.06495365500450134,
        0.6256307363510132,
        4.311422162572853e-05
    ]
}