{
    "captions": [
        "a hummingbird",
        "a painting",
        "a rainbow swirl"
    ],
    "metaclip": [
        0.8734690546989441,
        0.012956728227436543,
        0.11357420682907104
    ],
    "clip": [
        0.8662109375,
        0.1287841796875,
        0.004547119140625
    ],
    "eva": [
        0.9999998807907104,
        8.141768148561823e-08,
        1.4593264374695991e-08
    ]
}