{
    "captions": [
        "a plant",
        "a table",
        "it",
        "a vase"
    ],
    "metaclip": [
        0.8971502780914307,
        0.01021384634077549,
        0.06576193869113922,
        0.026873892173171043
    ],
    "clip": [
        0.984375,
        0.0007500648498535156,
        0.0009860992431640625,
        0.013824462890625
    ],
    "eva": [
        0.9999945163726807,
        2.4094138142971566e-11,
        5.426771167549305e-06,
        1.5894618954348516e-09
    ]
}