{
    "captions": [
        "a large smile",
        "photograph",
        "a dog",
        "his face"
    ],
    "metaclip": [
        0.21509259939193726,
        0.04227111488580704,
        0.26184195280075073,
        0.4807943105697632
    ],
    "clip": [
        0.11236572265625,
        0.09246826171875,
        0.59814453125,
        0.197265625
    ],
    "eva": [
        0.0452568419277668,
        0.7846698760986328,
        0.049774933606386185,
        0.1202983558177948
    ]
}