{
    "captions": [
        "a close",
        "a white background",
        "a butterfly"
    ],
    "metaclip": [
        0.004927377216517925,
        0.0010724732419475913,
        0.9940001964569092
    ],
    "clip": [
        0.002655029296875,
        0.006992340087890625,
        0.990234375
    ],
    "eva": [
        8.801411821579563e-10,
        8.799602214427937e-13,
        1.0
    ]
}