{
    "captions": [
        "a tree",
        "the branch",
        "it",
        "a bird",
        "painting"
    ],
    "metaclip": [
        0.7792964577674866,
        0.21346673369407654,
        0.0018416536040604115,
        0.0008970710332505405,
        0.004498103633522987
    ],
    "clip": [
        0.62939453125,
        0.3369140625,
        0.004047393798828125,
        0.009857177734375,
        0.0199127197265625
    ],
    "eva": [
        0.9995299577713013,
        0.00047002144856378436,
        3.798449554892613e-09,
        2.187568598488454e-10,
        1.975630103956405e-09
    ]
}