{
    "captions": [
        "open mouth",
        "arafed black cat",
        "mouth"
    ],
    "metaclip": [
        0.6484208106994629,
        0.22449380159378052,
        0.1270853877067566
    ],
    "clip": [
        0.0286712646484375,
        0.96435546875,
        0.006809234619140625
    ],
    "eva": [
        1.665039576437266e-06,
        0.9999030828475952,
        9.52621121541597e-05
    ]
}