{
    "captions": [
        "the woods",
        "a bear",
        "that"
    ],
    "metaclip": [
        0.0022749609779566526,
        0.9970292448997498,
        0.0006958529120311141
    ],
    "clip": [
        0.0263519287109375,
        0.97314453125,
        0.0003342628479003906
    ],
    "eva": [
        2.9560455416799414e-08,
        1.0,
        3.503891898848366e-10
    ]
}