{
    "captions": [
        "a bear",
        "water",
        "trees",
        "a forest",
        "painting"
    ],
    "metaclip": [
        0.9914150834083557,
        6.551090336870402e-05,
        0.0004633624921552837,
        0.007390476297587156,
        0.0006655260804109275
    ],
    "clip": [
        0.9931640625,
        0.0002987384796142578,
        0.0006031990051269531,
        0.0018014907836914062,
        0.004459381103515625
    ],
    "eva": [
        0.9999986886978149,
        1.7601158974322323e-13,
        1.2644809678497015e-11,
        1.2899405419375398e-06,
        2.2124540047241403e-11
    ]
}