{
    "captions": [
        "that",
        "a butterfly",
        "a leaf"
    ],
    "metaclip": [
        0.00020011230662930757,
        0.99779212474823,
        0.002007780596613884
    ],
    "clip": [
        0.0010471343994140625,
        0.990234375,
        0.00870513916015625
    ],
    "eva": [
        1.7767499971288458e-10,
        1.0,
        6.126538165673878e-11
    ]
}