{
    "captions": [
        "a leaf",
        "yellow and blue wings"
    ],
    "metaclip": [
        0.05771184712648392,
        0.9422881603240967
    ],
    "clip": [
        0.021942138671875,
        0.97802734375
    ],
    "eva": [
        6.016947509124293e-07,
        0.9999994039535522
    ]
}