{
    "captions": [
        "a golden horse",
        "a blue and white tiled room",
        "arafed image"
    ],
    "metaclip": [
        0.9974043965339661,
        5.790839350083843e-05,
        0.0025376570411026478
    ],
    "clip": [
        0.84814453125,
        0.1341552734375,
        0.017608642578125
    ],
    "eva": [
        1.0,
        1.1976809518102205e-12,
        6.64242549852645e-10
    ]
}