{
    "captions": [
        "a whale",
        "painting",
        "a dolphin",
        "the ocean"
    ],
    "metaclip": [
        0.83918297290802,
        0.021771956235170364,
        0.09836781769990921,
        0.040677230805158615
    ],
    "clip": [
        0.69482421875,
        0.0209808349609375,
        0.2476806640625,
        0.03680419921875
    ],
    "eva": [
        0.9971761703491211,
        2.451445766382676e-07,
        0.002822221489623189,
        1.2943103229190456e-06
    ]
}