{
    "captions": [
        "a coral reef",
        "a blue shark"
    ],
    "metaclip": [
        0.04004407674074173,
        0.9599558711051941
    ],
    "clip": [
        0.00284576416015625,
        0.9970703125
    ],
    "eva": [
        5.307660444486828e-07,
        0.9999995231628418
    ]
}