{
    "captions": [
        "a fence",
        "grass",
        "panda bear",
        "a field"
    ],
    "metaclip": [
        0.0001378283923259005,
        0.0051178052090108395,
        0.9941487312316895,
        0.0005956171662546694
    ],
    "clip": [
        0.0081329345703125,
        0.01617431640625,
        0.97021484375,
        0.00554656982421875
    ],
    "eva": [
        2.2502568385041055e-12,
        7.143814428900441e-09,
        1.0,
        5.28541654887249e-11
    ]
}