{
    "captions": [
        "a snow covered ground",
        "that",
        "a crab"
    ],
    "metaclip": [
        9.917446004692465e-05,
        0.0006101776962168515,
        0.9992905855178833
    ],
    "clip": [
        0.0015478134155273438,
        0.0003428459167480469,
        0.998046875
    ],
    "eva": [
        3.9657634814949105e-12,
        7.401793761241393e-11,
        1.0
    ]
}