{
    "captions": [
        "a diamond ring",
        "a table",
        "a close"
    ],
    "metaclip": [
        0.9830579161643982,
        0.006529500242322683,
        0.010412660427391529
    ],
    "clip": [
        0.9990234375,
        0.0001685619354248047,
        0.0011882781982421875
    ],
    "eva": [
        1.0,
        3.642977863815844e-10,
        9.948972312656679e-09
    ]
}