{
    "captions": [
        "a wall",
        "front",
        "that",
        "a dog"
    ],
    "metaclip": [
        0.01401109155267477,
        0.0033573107793927193,
        0.001984343398362398,
        0.9806473255157471
    ],
    "clip": [
        0.0102386474609375,
        0.003246307373046875,
        0.005695343017578125,
        0.98095703125
    ],
    "eva": [
        0.0001610947510926053,
        0.000133550216560252,
        5.71676209801808e-05,
        0.9996480941772461
    ]
}