{
    "captions": [
        "arafed photo",
        "a blue background",
        "a dog"
    ],
    "metaclip": [
        0.0018138955347239971,
        0.003971164580434561,
        0.9942149519920349
    ],
    "clip": [
        0.004650115966796875,
        0.00698089599609375,
        0.98828125
    ],
    "eva": [
        7.14817316449512e-09,
        2.0292966951274138e-07,
        0.9999997615814209
    ]
}