{
    "captions": [
        "a kitchen",
        "a stove",
        "refrigerator"
    ],
    "metaclip": [
        0.9306980967521667,
        0.03818417340517044,
        0.03111773356795311
    ],
    "clip": [
        0.96728515625,
        0.0296783447265625,
        0.0029850006103515625
    ],
    "eva": [
        0.9999152421951294,
        2.195314664277248e-06,
        8.266298391390592e-05
    ]
}