{
    "captions": [
        "a rabbit",
        "the water",
        "the beach",
        "that"
    ],
    "metaclip": [
        0.9982864260673523,
        4.060565697727725e-05,
        0.0002702069759834558,
        0.0014026530552655458
    ],
    "clip": [
        0.9912109375,
        0.0003173351287841797,
        0.007808685302734375,
        0.00036525726318359375
    ],
    "eva": [
        1.0,
        1.2079627662725523e-13,
        1.07080273537008e-08,
        3.852359498068836e-08
    ]
}