{
    "captions": [
        "painting",
        "a brown background",
        "a cat",
        "a white surface"
    ],
    "metaclip": [
        0.0006239155773073435,
        0.0005996396066620946,
        0.9987229704856873,
        5.3532872698269784e-05
    ],
    "clip": [
        0.00688934326171875,
        0.10443115234375,
        0.88818359375,
        0.0005478858947753906
    ],
    "eva": [
        7.037100069329227e-12,
        5.016805859625606e-10,
        1.0,
        1.5580137006920847e-13
    ]
}