{
    "captions": [
        "a man",
        "a scuba suit",
        "the water"
    ],
    "metaclip": [
        0.004309751559048891,
        0.9704113006591797,
        0.02527892403304577
    ],
    "clip": [
        0.0013990402221679688,
        0.9453125,
        0.0533447265625
    ],
    "eva": [
        1.1772225434469874e-06,
        0.9999988079071045,
        3.497801515095489e-08
    ]
}