{
    "captions": [
        "a nut",
        "a tree branch",
        "a squirrel",
        "its mouth"
    ],
    "metaclip": [
        0.10829032957553864,
        0.006323459092527628,
        0.8837392926216125,
        0.0016468566609546542
    ],
    "clip": [
        0.0015211105346679688,
        0.002178192138671875,
        0.99609375,
        0.0006647109985351562
    ],
    "eva": [
        0.0003726490249391645,
        2.3069224308613911e-10,
        0.9996273517608643,
        1.5352424886927452e-09
    ]
}