{
    "captions": [
        "a rabbit",
        "the woods",
        "trees",
        "the background",
        "painting"
    ],
    "metaclip": [
        0.9962992072105408,
        0.0017998138209804893,
        0.0007321659941226244,
        6.0060883697588e-05,
        0.0011087104212492704
    ],
    "clip": [
        0.97509765625,
        0.0128631591796875,
        0.0004649162292480469,
        0.001972198486328125,
        0.00955963134765625
    ],
    "eva": [
        1.0,
        6.228273539271578e-12,
        2.6685605290723176e-14,
        1.707876190731178e-13,
        9.468446859894897e-11
    ]
}