{
    "captions": [
        "a living room",
        "a picture",
        "a television",
        "the wall"
    ],
    "metaclip": [
        0.0029920637607574463,
        0.0061147864907979965,
        0.9816150069236755,
        0.009278166107833385
    ],
    "clip": [
        0.0628662109375,
        0.01238250732421875,
        0.92431640625,
        0.0004916191101074219
    ],
    "eva": [
        0.000862650980707258,
        2.9856679248041473e-05,
        0.9991074204444885,
        1.100896665495732e-10
    ]
}