{
    "captions": [
        "the background",
        "a printer",
        "a plant",
        "a close",
        "a desk"
    ],
    "metaclip": [
        3.0386901926249266e-05,
        0.999527096748352,
        1.8775288481265306e-05,
        2.2300884666037746e-05,
        0.00040148390689864755
    ],
    "clip": [
        5.125999450683594e-06,
        0.994140625,
        6.735324859619141e-06,
        6.318092346191406e-05,
        0.00572967529296875
    ],
    "eva": [
        8.173783899453763e-17,
        1.0,
        1.4259467630110823e-14,
        1.781015520610149e-13,
        4.264809685960991e-11
    ]
}