{
    "captions": [
        "a rabbit",
        "a painting",
        "a tree",
        "a field"
    ],
    "metaclip": [
        0.9791673421859741,
        0.008912606164813042,
        0.0005747486720792949,
        0.011345256119966507
    ],
    "clip": [
        0.9521484375,
        0.040557861328125,
        0.00033736228942871094,
        0.006832122802734375
    ],
    "eva": [
        0.9999995231628418,
        3.851882866001688e-07,
        3.6043223961002013e-09,
        5.309713202450439e-08
    ]
}