{
    "captions": [
        "a snowy surface",
        "a small bird"
    ],
    "metaclip": [
        0.009535446763038635,
        0.9904645681381226
    ],
    "clip": [
        0.037322998046875,
        0.96240234375
    ],
    "eva": [
        0.000639640842564404,
        0.9993603825569153
    ]
}