{
    "captions": [
        "boxes",
        "food",
        "zebra",
        "a lot",
        "a wall"
    ],
    "metaclip": [
        0.0001394762221025303,
        1.0947672308248002e-05,
        0.9994171857833862,
        0.000217211214476265,
        0.00021520088193938136
    ],
    "clip": [
        6.014108657836914e-05,
        2.2470951080322266e-05,
        1.0,
        2.86102294921875e-06,
        2.9802322387695312e-05
    ],
    "eva": [
        2.3244752477002972e-15,
        3.84455278213975e-14,
        1.0,
        6.272664609952017e-10,
        9.99629524121859e-13
    ]
}