{
    "captions": [
        "a white surface",
        "a small toy bike"
    ],
    "metaclip": [
        0.001200033468194306,
        0.9987999200820923
    ],
    "clip": [
        1.430511474609375e-06,
        1.0
    ],
    "eva": [
        2.3960768485558346e-15,
        1.0
    ]
}