{
    "captions": [
        "a black and white elephant",
        "painting",
        "a dirt road"
    ],
    "metaclip": [
        0.9920084476470947,
        0.007901237346231937,
        9.034232789417729e-05
    ],
    "clip": [
        0.931640625,
        0.06854248046875,
        8.153915405273438e-05
    ],
    "eva": [
        0.9999997615814209,
        2.004656352028178e-07,
        9.597557530617237e-15
    ]
}