{
    "captions": [
        "a skateboard",
        "a mouse",
        "arafed image"
    ],
    "metaclip": [
        4.4186752347741276e-05,
        0.9989235997200012,
        0.001032185391522944
    ],
    "clip": [
        0.0082855224609375,
        0.8447265625,
        0.1468505859375
    ],
    "eva": [
        6.612737267486235e-12,
        1.0,
        2.0009867374159995e-10
    ]
}