{
    "captions": [
        "the air",
        "water",
        "its head",
        "dolphin"
    ],
    "metaclip": [
        0.0002553058438934386,
        0.0007768828654661775,
        0.0016420093597844243,
        0.9973257780075073
    ],
    "clip": [
        0.0028095245361328125,
        0.004421234130859375,
        0.00800323486328125,
        0.98486328125
    ],
    "eva": [
        8.384655795697375e-16,
        1.8338749407931232e-09,
        3.3775475472008765e-11,
        1.0
    ]
}