{
    "captions": [
        "a blue sky",
        "a white rabbit",
        "the background",
        "painting",
        "the grass"
    ],
    "metaclip": [
        2.7472799047245644e-05,
        0.9995018243789673,
        1.2762033293256536e-05,
        0.00023993129434529692,
        0.00021795798966195434
    ],
    "clip": [
        0.00028705596923828125,
        0.9921875,
        0.0015392303466796875,
        0.004055023193359375,
        0.00213623046875
    ],
    "eva": [
        5.153921852695785e-17,
        1.0,
        1.3601496671848418e-14,
        4.89805418446565e-12,
        8.04026170728861e-14
    ]
}