{
    "captions": [
        "a cat",
        "arafed image",
        "a colorful background",
        "circles"
    ],
    "metaclip": [
        0.024897370487451553,
        0.008278494700789452,
        0.0376734733581543,
        0.9291506409645081
    ],
    "clip": [
        0.8720703125,
        0.0963134765625,
        0.0006961822509765625,
        0.030792236328125
    ],
    "eva": [
        1.5571336220432386e-08,
        6.904817837494193e-07,
        0.00011116261885035783,
        0.9998880624771118
    ]
}