{
    "captions": [
        "that",
        "a cat",
        "the floor"
    ],
    "metaclip": [
        0.09035377204418182,
        0.6445655226707458,
        0.2650807201862335
    ],
    "clip": [
        0.07708740234375,
        0.56103515625,
        0.362060546875
    ],
    "eva": [
        0.047459978610277176,
        0.9510779976844788,
        0.0014619805151596665
    ]
}