{
    "captions": [
        "a butterfly",
        "leaves",
        "a close",
        "a plant"
    ],
    "metaclip": [
        0.9856374859809875,
        0.004437123890966177,
        0.0031585979741066694,
        0.0067667607218027115
    ],
    "clip": [
        0.97509765625,
        0.0081787109375,
        0.00856781005859375,
        0.007564544677734375
    ],
    "eva": [
        1.0,
        1.6094802157695653e-09,
        7.862973605554657e-10,
        5.388364598957196e-08
    ]
}