{
    "captions": [
        "a blue background",
        "painting",
        "a colorful butterfly"
    ],
    "metaclip": [
        0.00028110246057622135,
        0.014639266766607761,
        0.9850795865058899
    ],
    "clip": [
        0.0017728805541992188,
        0.036163330078125,
        0.96240234375
    ],
    "eva": [
        1.746885005626895e-14,
        8.129243269650033e-07,
        0.9999991655349731
    ]
}