{
    "captions": [
        "a camera",
        "araffes",
        "a fence",
        "a pattern"
    ],
    "metaclip": [
        0.03516194969415665,
        0.19936226308345795,
        0.010523054748773575,
        0.7549527287483215
    ],
    "clip": [
        0.1478271484375,
        0.78662109375,
        0.0103759765625,
        0.0556640625
    ],
    "eva": [
        0.03927088528871536,
        5.587338819168508e-06,
        0.000852093449793756,
        0.9598714113235474
    ]
}