{
    "captions": [
        "a fish swimming",
        "the water",
        "a picture"
    ],
    "metaclip": [
        0.5937544703483582,
        0.23714561760425568,
        0.16909997165203094
    ],
    "clip": [
        0.7822265625,
        0.1199951171875,
        0.097900390625
    ],
    "eva": [
        0.0017584296874701977,
        2.871276194582606e-07,
        0.9982413053512573
    ]
}