{
    "captions": [
        "painting",
        "a branch",
        "a bird",
        "the snow"
    ],
    "metaclip": [
        0.0018120439490303397,
        0.004734264686703682,
        0.9872599840164185,
        0.006193612702190876
    ],
    "clip": [
        0.0123443603515625,
        0.009613037109375,
        0.9072265625,
        0.071044921875
    ],
    "eva": [
        1.225131729398754e-08,
        2.270974697182737e-08,
        0.9999998807907104,
        8.887351299335933e-08
    ]
}