{
    "captions": [
        "the grass",
        "that",
        "a giraffe"
    ],
    "metaclip": [
        0.00040993050788529217,
        0.0005399556248448789,
        0.9990500807762146
    ],
    "clip": [
        0.01401519775390625,
        0.0033817291259765625,
        0.982421875
    ],
    "eva": [
        2.4822122981181527e-13,
        2.294133771840734e-10,
        1.0
    ]
}