{
    "captions": [
        "a yellow and green wing",
        "a butterfly",
        "painting",
        "a blue background"
    ],
    "metaclip": [
        0.18104073405265808,
        0.8052538633346558,
        0.01323950756341219,
        0.00046586935059167445
    ],
    "clip": [
        0.0158233642578125,
        0.9052734375,
        0.06561279296875,
        0.01311492919921875
    ],
    "eva": [
        3.232368180761114e-05,
        0.9999674558639526,
        1.681127201891286e-07,
        1.8322414982799295e-13
    ]
}