{
    "captions": [
        "the ocean",
        "sun",
        "it",
        "arafed shark swimming"
    ],
    "metaclip": [
        0.0018904446624219418,
        0.00014424565597437322,
        0.00018349039601162076,
        0.9977818131446838
    ],
    "clip": [
        0.0037059783935546875,
        0.000217437744140625,
        8.106231689453125e-06,
        0.99609375
    ],
    "eva": [
        2.597106141255523e-10,
        1.9525281727810623e-14,
        7.984220229406702e-11,
        1.0
    ]
}