{
    "captions": [
        "a pig",
        "a close",
        "a blurry background"
    ],
    "metaclip": [
        0.9994968175888062,
        0.00018757297948468477,
        0.00031564573873765767
    ],
    "clip": [
        0.998046875,
        0.0005106925964355469,
        0.0015726089477539062
    ],
    "eva": [
        1.0,
        4.07776720376396e-12,
        1.586536978182007e-11
    ]
}