{
    "captions": [
        "a golden drum",
        "a white surface",
        "a close"
    ],
    "metaclip": [
        0.8841479420661926,
        0.0024229439441114664,
        0.11342916637659073
    ],
    "clip": [
        0.9990234375,
        0.0006260871887207031,
        0.0003123283386230469
    ],
    "eva": [
        0.9999977350234985,
        4.570556377814228e-09,
        2.318436827408732e-06
    ]
}