{
    "captions": [
        "a squirrel",
        "a tree branch",
        "that"
    ],
    "metaclip": [
        0.9916924238204956,
        0.006881756708025932,
        0.0014258548617362976
    ],
    "clip": [
        0.99658203125,
        0.00327301025390625,
        4.088878631591797e-05
    ],
    "eva": [
        0.9999995231628418,
        4.783397002938727e-07,
        1.5074884673893507e-09
    ]
}