{
    "captions": [
        "a small rabbit",
        "a rock",
        "the water"
    ],
    "metaclip": [
        0.9978824257850647,
        0.0020868589635938406,
        3.073709740419872e-05
    ],
    "clip": [
        1.0,
        3.6776065826416016e-05,
        0.0001055598258972168
    ],
    "eva": [
        1.0,
        3.104015655619463e-10,
        2.0886129943067065e-14
    ]
}