{
    "captions": [
        "painting",
        "a hummingbird",
        "flight"
    ],
    "metaclip": [
        0.07516814768314362,
        0.9072584509849548,
        0.01757337711751461
    ],
    "clip": [
        0.01395416259765625,
        0.978515625,
        0.0077056884765625
    ],
    "eva": [
        5.224305823503528e-06,
        0.9997376799583435,
        0.000257071980740875
    ]
}