{
    "captions": [
        "arafed fish",
        "a blurry background",
        "a blue surface"
    ],
    "metaclip": [
        0.9889274835586548,
        0.008831515908241272,
        0.0022409826051443815
    ],
    "clip": [
        0.74267578125,
        0.252685546875,
        0.0047760009765625
    ],
    "eva": [
        0.9999998807907104,
        1.5218166993236082e-07,
        2.1447377207550744e-08
    ]
}