{
    "captions": [
        "a rabbit",
        "a painting",
        "a colorful background"
    ],
    "metaclip": [
        0.9904547333717346,
        0.00691184401512146,
        0.0026332910638302565
    ],
    "clip": [
        0.97607421875,
        0.0113677978515625,
        0.01229095458984375
    ],
    "eva": [
        1.0,
        1.4262026282185758e-10,
        3.726616792931736e-10
    ]
}