{
    "captions": [
        "a small rabbit",
        "the beach",
        "that"
    ],
    "metaclip": [
        0.9965652823448181,
        0.0022512117866426706,
        0.0011834644246846437
    ],
    "clip": [
        0.9951171875,
        0.004680633544921875,
        0.0001678466796875
    ],
    "eva": [
        1.0,
        1.9140822260510504e-08,
        7.258775802654327e-09
    ]
}