{
    "captions": [
        "a dolphin",
        "that",
        "the water"
    ],
    "metaclip": [
        0.9977449178695679,
        0.0011018889490514994,
        0.0011532618664205074
    ],
    "clip": [
        0.97314453125,
        0.005268096923828125,
        0.0214996337890625
    ],
    "eva": [
        1.0,
        5.725800389377866e-10,
        4.1339777738166883e-13
    ]
}