{
    "captions": [
        "a field",
        "photograph",
        "a train",
        "a blue car",
        "the background"
    ],
    "metaclip": [
        0.013355307281017303,
        0.0032811718992888927,
        0.0076943328604102135,
        0.973370373249054,
        0.0022989127319306135
    ],
    "clip": [
        0.00372314453125,
        0.00240325927734375,
        0.005008697509765625,
        0.98486328125,
        0.0039005279541015625
    ],
    "eva": [
        9.94698456935339e-09,
        1.6762918676249683e-05,
        2.7243018951850217e-09,
        0.9999831914901733,
        6.144381003991839e-09
    ]
}