{
    "captions": [
        "painting",
        "a dirt road",
        "an elephant",
        "a forest"
    ],
    "metaclip": [
        0.022370006889104843,
        0.0004244769224897027,
        0.9741067290306091,
        0.0030987542122602463
    ],
    "clip": [
        0.0872802734375,
        9.161233901977539e-05,
        0.9091796875,
        0.003383636474609375
    ],
    "eva": [
        8.305199230562721e-07,
        3.1942456492350946e-12,
        0.9999991655349731,
        1.636441382402154e-08
    ]
}