{
    "captions": [
        "a bird",
        "the tree",
        "a branch",
        "that"
    ],
    "metaclip": [
        0.8704790472984314,
        0.0028334984090179205,
        0.12263171374797821,
        0.004055703524500132
    ],
    "clip": [
        0.9267578125,
        0.007472991943359375,
        0.0650634765625,
        0.00113677978515625
    ],
    "eva": [
        0.9999765157699585,
        1.3136011167702577e-09,
        2.2508984329761006e-05,
        9.83263589660055e-07
    ]
}