{
    "captions": [
        "duck",
        "a pond",
        "water",
        "two babies"
    ],
    "metaclip": [
        0.9995194673538208,
        0.0002731623244471848,
        0.00020604317251127213,
        1.372882366013073e-06
    ],
    "clip": [
        0.998046875,
        0.0010309219360351562,
        0.0008416175842285156,
        8.106231689453125e-06
    ],
    "eva": [
        1.0,
        8.98029081652929e-11,
        6.014004849674848e-10,
        2.74567611688375e-18
    ]
}