{
    "captions": [
        "butterfly painting",
        "colorful butterfly",
        "green leaf",
        "canvas"
    ],
    "metaclip": [
        0.816035807132721,
        0.18340951204299927,
        7.948261190904304e-05,
        0.000475169625133276
    ],
    "clip": [
        0.9755859375,
        0.0240478515625,
        1.2814998626708984e-05,
        0.00011855363845825195
    ],
    "eva": [
        0.9984575510025024,
        0.0015424267621710896,
        1.1021472933920258e-16,
        4.964445521338234e-12
    ]
}