{
    "captions": [
        "a tree",
        "a branch",
        "a small bird"
    ],
    "metaclip": [
        0.00824198592454195,
        0.029544975608587265,
        0.9622130393981934
    ],
    "clip": [
        0.0037326812744140625,
        0.00909423828125,
        0.9873046875
    ],
    "eva": [
        6.5127742608639405e-12,
        7.4031425434384346e-09,
        1.0
    ]
}