{
    "captions": [
        "araffe",
        "a brown background",
        "a room"
    ],
    "metaclip": [
        0.7165921330451965,
        0.265065997838974,
        0.01834188587963581
    ],
    "clip": [
        0.77978515625,
        0.216552734375,
        0.0033664703369140625
    ],
    "eva": [
        0.22135953605175018,
        0.7786329984664917,
        7.43849022910581e-06
    ]
}