{
    "captions": [
        "a rabbit",
        "that",
        "the beach",
        "the sand"
    ],
    "metaclip": [
        0.8563849925994873,
        0.005445615854114294,
        0.0025646062567830086,
        0.13560473918914795
    ],
    "clip": [
        0.6826171875,
        0.0009946823120117188,
        0.0035266876220703125,
        0.3125
    ],
    "eva": [
        0.9999938011169434,
        2.1366534497246903e-07,
        4.577284329343456e-08,
        6.0189940995769575e-06
    ]
}