{
    "captions": [
        "a branch",
        "a bird",
        "a tree"
    ],
    "metaclip": [
        0.020908018574118614,
        0.9727333188056946,
        0.006358671002089977
    ],
    "clip": [
        0.0992431640625,
        0.84423828125,
        0.056549072265625
    ],
    "eva": [
        4.201591309538344e-06,
        0.9999958276748657,
        1.6196576302363042e-09
    ]
}