{
    "captions": [
        "painting",
        "a forest",
        "a bear",
        "a tree trunk"
    ],
    "metaclip": [
        0.0011588461929932237,
        0.010583466850221157,
        0.9878668785095215,
        0.0003907156060449779
    ],
    "clip": [
        0.00872039794921875,
        0.0121002197265625,
        0.9765625,
        0.002498626708984375
    ],
    "eva": [
        1.2309975261359796e-09,
        4.8776387302496005e-06,
        0.9999951124191284,
        2.618511518726052e-10
    ]
}