{
    "captions": [
        "a black and orange stripe",
        "a leaf"
    ],
    "metaclip": [
        0.5520954728126526,
        0.4479045271873474
    ],
    "clip": [
        0.97265625,
        0.027801513671875
    ],
    "eva": [
        0.9995436072349548,
        0.0004564068221952766
    ]
}