{
    "captions": [
        "ice",
        "arafed crab",
        "a blurry background"
    ],
    "metaclip": [
        0.017162244766950607,
        0.9825802445411682,
        0.00025744884624145925
    ],
    "clip": [
        0.0859375,
        0.9091796875,
        0.004924774169921875
    ],
    "eva": [
        0.015591640956699848,
        0.9844081997871399,
        1.094193464723503e-07
    ]
}