{
    "captions": [
        "a squirrel",
        "a tree branch",
        "that"
    ],
    "metaclip": [
        0.9951165914535522,
        0.004633493255823851,
        0.0002499280672054738
    ],
    "clip": [
        0.99609375,
        0.00400543212890625,
        8.058547973632812e-05
    ],
    "eva": [
        1.0,
        3.3255487252858984e-09,
        3.284014449267403e-10
    ]
}