{
    "captions": [
        "a pattern",
        "a tiger's face",
        "it",
        "a close"
    ],
    "metaclip": [
        0.004732878878712654,
        0.9948636889457703,
        0.00019942190556321293,
        0.0002039533428614959
    ],
    "clip": [
        0.005710601806640625,
        0.99072265625,
        0.0005311965942382812,
        0.0032024383544921875
    ],
    "eva": [
        3.850208941003075e-06,
        0.9999953508377075,
        7.857222499296768e-07,
        8.226002101707763e-09
    ]
}