{
    "captions": [
        "painting",
        "wings",
        "a colorful body",
        "a bird"
    ],
    "metaclip": [
        0.13189350068569183,
        0.01943637616932392,
        0.08599220216274261,
        0.7626778483390808
    ],
    "clip": [
        0.100830078125,
        0.0298004150390625,
        0.0254974365234375,
        0.84423828125
    ],
    "eva": [
        0.002053404226899147,
        3.926722911273828e-06,
        0.002598094055429101,
        0.9953445792198181
    ]
}