{
    "captions": [
        "painting",
        "yellow eyes",
        "a cat",
        "a white chest"
    ],
    "metaclip": [
        0.005060436204075813,
        0.009129439480602741,
        0.9856744408607483,
        0.0001356601860607043
    ],
    "clip": [
        0.0261383056640625,
        0.174560546875,
        0.7822265625,
        0.01727294921875
    ],
    "eva": [
        3.3680716549078227e-10,
        0.00014541554264724255,
        0.999854564666748,
        1.3456477685608315e-13
    ]
}