{
    "captions": [
        "a bird",
        "a table",
        "a keyboard",
        "arafed image"
    ],
    "metaclip": [
        0.9931135773658752,
        0.0009870199719443917,
        0.0005468524759635329,
        0.005352588836103678
    ],
    "clip": [
        0.822265625,
        0.01554107666015625,
        0.0021190643310546875,
        0.159423828125
    ],
    "eva": [
        1.0,
        3.3613584138336705e-11,
        5.945571812659978e-10,
        1.5682521947724126e-09
    ]
}