{
    "captions": [
        "a forest",
        "painting",
        "a bear",
        "the snow"
    ],
    "metaclip": [
        0.003975817002356052,
        0.0010672677308321,
        0.9928407669067383,
        0.002116140676662326
    ],
    "clip": [
        0.007843017578125,
        0.007137298583984375,
        0.97998046875,
        0.005062103271484375
    ],
    "eva": [
        2.9505093834814033e-07,
        5.618790988037858e-10,
        0.9999997615814209,
        2.0985688742314323e-09
    ]
}