{
    "captions": [
        "a cup",
        "a desk",
        "a printer",
        "coffee"
    ],
    "metaclip": [
        4.961380182066932e-05,
        0.004820052534341812,
        0.9951272010803223,
        3.1423915061168373e-06
    ],
    "clip": [
        4.857778549194336e-05,
        0.0023593902587890625,
        0.99755859375,
        2.294778823852539e-05
    ],
    "eva": [
        2.7383872079622673e-12,
        4.973082923243055e-07,
        0.9999995231628418,
        1.4101737355956545e-12
    ]
}