{
    "captions": [
        "a black cat",
        "a group",
        "circles",
        "arafed image"
    ],
    "metaclip": [
        0.00011127698235213757,
        0.0009907742496579885,
        0.9913259148597717,
        0.0075719417072832584
    ],
    "clip": [
        0.0019779205322265625,
        0.045379638671875,
        0.160888671875,
        0.7919921875
    ],
    "eva": [
        4.021593821845748e-12,
        1.0860230759135447e-07,
        0.9999990463256836,
        7.870615377214563e-07
    ]
}