{
    "captions": [
        "a squirrel",
        "a tree branch",
        "that"
    ],
    "metaclip": [
        0.9987234473228455,
        0.0011612146627157927,
        0.0001153171033365652
    ],
    "clip": [
        0.9990234375,
        0.0010166168212890625,
        3.9696693420410156e-05
    ],
    "eva": [
        1.0,
        1.8760433206921334e-09,
        2.391704057025379e-10
    ]
}