{
    "captions": [
        "a picture",
        "a camera",
        "a person",
        "a close"
    ],
    "metaclip": [
        0.45642730593681335,
        0.017072517424821854,
        0.22091048955917358,
        0.3055897057056427
    ],
    "clip": [
        0.755859375,
        0.00418853759765625,
        0.0888671875,
        0.151123046875
    ],
    "eva": [
        0.9978026747703552,
        6.631247379118577e-05,
        2.2874331989441998e-05,
        0.0021081389859318733
    ]
}