{
    "captions": [
        "a small squirrel",
        "a tree",
        "that"
    ],
    "metaclip": [
        0.9935218691825867,
        0.004838304128497839,
        0.0016399167943745852
    ],
    "clip": [
        0.9990234375,
        0.0009851455688476562,
        7.027387619018555e-05
    ],
    "eva": [
        0.9999986886978149,
        1.3393624840318807e-06,
        2.699830758956523e-08
    ]
}