{
    "captions": [
        "a black background",
        "a white tiger",
        "a close"
    ],
    "metaclip": [
        0.0003258977085351944,
        0.9979724287986755,
        0.0017016548663377762
    ],
    "clip": [
        0.029266357421875,
        0.96923828125,
        0.0016508102416992188
    ],
    "eva": [
        3.511500714769439e-13,
        1.0,
        2.1072482647710444e-10
    ]
}