{
    "captions": [
        "the camera",
        "the grass",
        "zebra"
    ],
    "metaclip": [
        6.652437878074124e-05,
        6.425922765629366e-05,
        0.9998692274093628
    ],
    "clip": [
        0.00347900390625,
        0.0014276504516601562,
        0.9951171875
    ],
    "eva": [
        6.435822740621239e-14,
        1.0989545726333358e-13,
        1.0
    ]
}