{
    "captions": [
        "the background",
        "a lion's face",
        "a close",
        "a pattern"
    ],
    "metaclip": [
        0.0009002541773952544,
        0.9765809774398804,
        0.0018145996145904064,
        0.02070418745279312
    ],
    "clip": [
        0.0007233619689941406,
        0.9951171875,
        0.0025844573974609375,
        0.0017223358154296875
    ],
    "eva": [
        5.378777423459269e-10,
        0.9999997615814209,
        1.5011913490070583e-08,
        1.8467055440396507e-07
    ]
}