{
    "captions": [
        "it",
        "a shark swimming",
        "the water",
        "a fish"
    ],
    "metaclip": [
        0.00013516681792680174,
        0.9947340488433838,
        0.0001425629889126867,
        0.004988264758139849
    ],
    "clip": [
        3.933906555175781e-06,
        0.994140625,
        0.000949859619140625,
        0.00505828857421875
    ],
    "eva": [
        8.524049244229559e-10,
        1.0,
        9.295042085197616e-14,
        2.2575177283101766e-08
    ]
}