{
    "captions": [
        "front",
        "a giraffe",
        "that",
        "a picture"
    ],
    "metaclip": [
        0.00017586277681402862,
        0.9948831796646118,
        0.002235808176919818,
        0.0027051216457039118
    ],
    "clip": [
        0.0010833740234375,
        0.9111328125,
        0.01165008544921875,
        0.07598876953125
    ],
    "eva": [
        2.06147876546936e-10,
        0.9997101426124573,
        2.9255378564130297e-08,
        0.00028985171229578555
    ]
}