{
    "captions": [
        "painting",
        "a green background",
        "the grass",
        "a rabbit"
    ],
    "metaclip": [
        0.005719137843698263,
        0.0003047279897145927,
        0.001666136085987091,
        0.9923100471496582
    ],
    "clip": [
        0.012115478515625,
        0.0196685791015625,
        0.005462646484375,
        0.962890625
    ],
    "eva": [
        2.4348663085760336e-09,
        7.963250149350606e-14,
        1.5892955354535054e-12,
        1.0
    ]
}