{
    "captions": [
        "arafed duck",
        "a long beak"
    ],
    "metaclip": [
        0.9800727367401123,
        0.01992725394666195
    ],
    "clip": [
        0.986328125,
        0.013641357421875
    ],
    "eva": [
        0.999994158744812,
        5.85626457905164e-06
    ]
}