{
    "captions": [
        "gold",
        "a pattern",
        "a blue background",
        "circles"
    ],
    "metaclip": [
        0.019107341766357422,
        0.05019751563668251,
        0.0007651557098142803,
        0.9299299716949463
    ],
    "clip": [
        0.052001953125,
        0.141357421875,
        0.0185394287109375,
        0.7880859375
    ],
    "eva": [
        0.005765636917203665,
        0.00021652120631188154,
        5.04287132885306e-11,
        0.9940178394317627
    ]
}