{
    "captions": [
        "a picture",
        "it",
        "a close",
        "a dog",
        "face"
    ],
    "metaclip": [
        0.08890834450721741,
        0.02715614251792431,
        0.0300966277718544,
        0.592046320438385,
        0.2617925703525543
    ],
    "clip": [
        0.158203125,
        0.0093536376953125,
        0.06591796875,
        0.666015625,
        0.10052490234375
    ],
    "eva": [
        0.9734155535697937,
        0.00027541632880456746,
        2.191816520280554e-06,
        0.01655454933643341,
        0.009752209298312664
    ]
}