{
    "captions": [
        "scissors",
        "a table",
        "two pairs"
    ],
    "metaclip": [
        0.5280510783195496,
        0.2605236768722534,
        0.21142525970935822
    ],
    "clip": [
        0.78515625,
        0.1463623046875,
        0.068603515625
    ],
    "eva": [
        0.8293836116790771,
        0.16979221999645233,
        0.0008242222829721868
    ]
}