{
    "captions": [
        "different colors",
        "a colorful square",
        "a lot",
        "a close"
    ],
    "metaclip": [
        0.012873421423137188,
        0.8653768301010132,
        0.04624257981777191,
        0.075507253408432
    ],
    "clip": [
        0.052581787109375,
        0.8896484375,
        0.022979736328125,
        0.0350341796875
    ],
    "eva": [
        3.17062216481645e-07,
        0.9998910427093506,
        3.841505167656578e-05,
        7.02054167049937e-05
    ]
}