{
    "captions": [
        "a flower",
        "a butterfly",
        "a close",
        "a blue background"
    ],
    "metaclip": [
        0.018018711358308792,
        0.9761437177658081,
        0.004853205289691687,
        0.0009843481238931417
    ],
    "clip": [
        0.01036834716796875,
        0.97802734375,
        0.00079345703125,
        0.010528564453125
    ],
    "eva": [
        1.3936603870945419e-08,
        1.0,
        6.741390085052146e-11,
        1.6884257880711573e-10
    ]
}