{
    "captions": [
        "a rabbit",
        "a rock",
        "painting",
        "a field"
    ],
    "metaclip": [
        0.9851750731468201,
        0.0015749784652143717,
        0.010893719270825386,
        0.0023562866263091564
    ],
    "clip": [
        0.9453125,
        0.00043010711669921875,
        0.0509033203125,
        0.002826690673828125
    ],
    "eva": [
        1.0,
        1.014606801352791e-12,
        3.3930099618828535e-08,
        4.8242906197648594e-11
    ]
}