{
    "captions": [
        "arafed van",
        "trees",
        "the background",
        "a snowy road"
    ],
    "metaclip": [
        0.8628719449043274,
        0.0009772049961611629,
        0.0004068440175615251,
        0.13574407994747162
    ],
    "clip": [
        0.93115234375,
        0.0001322031021118164,
        0.0002713203430175781,
        0.0684814453125
    ],
    "eva": [
        3.1887448130873963e-06,
        6.473549474250717e-10,
        2.3991481024054906e-10,
        0.9999967813491821
    ]
}