{
    "captions": [
        "a bicycle",
        "a patterned background",
        "arafed image",
        "a shadow"
    ],
    "metaclip": [
        0.9731910228729248,
        0.014548358507454395,
        0.0031014380510896444,
        0.009159168228507042
    ],
    "clip": [
        0.97705078125,
        0.005718231201171875,
        0.01629638671875,
        0.0006937980651855469
    ],
    "eva": [
        0.9999942779541016,
        5.672894076269586e-06,
        7.948079585977375e-13,
        1.6945879421914611e-10
    ]
}