{
    "captions": [
        "the woods",
        "a bear",
        "that"
    ],
    "metaclip": [
        0.00539639825001359,
        0.9942255616188049,
        0.00037808026536367834
    ],
    "clip": [
        0.0255126953125,
        0.97265625,
        0.002391815185546875
    ],
    "eva": [
        1.2607589638946592e-08,
        1.0,
        1.867351759332614e-11
    ]
}