{
    "captions": [
        "a white shirt",
        "a man",
        "arafed image"
    ],
    "metaclip": [
        0.038030654191970825,
        0.34372666478157043,
        0.618242621421814
    ],
    "clip": [
        0.0032024383544921875,
        0.0445556640625,
        0.95263671875
    ],
    "eva": [
        4.108345819986425e-06,
        0.7962867021560669,
        0.20370915532112122
    ]
}