{
    "captions": [
        "a black beak",
        "a brown head",
        "painting",
        "a duck"
    ],
    "metaclip": [
        0.029255185276269913,
        0.010486194863915443,
        0.0004941152292303741,
        0.9597645401954651
    ],
    "clip": [
        0.050811767578125,
        0.005031585693359375,
        0.0005345344543457031,
        0.94384765625
    ],
    "eva": [
        5.485691900730671e-10,
        2.9193769623958588e-09,
        1.8178573880575644e-14,
        1.0
    ]
}