{
    "captions": [
        "a shark swimming",
        "the background",
        "the ocean",
        "a man"
    ],
    "metaclip": [
        0.9983635544776917,
        1.1230442396481521e-05,
        0.0015907410997897387,
        3.4430926461936906e-05
    ],
    "clip": [
        0.9970703125,
        0.00015079975128173828,
        0.0025501251220703125,
        1.0728836059570312e-05
    ],
    "eva": [
        1.0,
        1.5433212433718646e-12,
        2.8664137730061157e-09,
        3.5343231813422804e-11
    ]
}