{
    "captions": [
        "a red hat",
        "painting",
        "a red scarf",
        "a man"
    ],
    "metaclip": [
        0.12675389647483826,
        0.25835806131362915,
        0.06472041457891464,
        0.5501676201820374
    ],
    "clip": [
        0.20263671875,
        0.442626953125,
        0.248291015625,
        0.10675048828125
    ],
    "eva": [
        0.13274241983890533,
        0.051841385662555695,
        0.8102740049362183,
        0.005142262205481529
    ]
}