{
    "captions": [
        "the background",
        "a train track",
        "a light tower",
        "arafed view"
    ],
    "metaclip": [
        0.22758749127388,
        0.7329049706459045,
        0.02980189211666584,
        0.009705626405775547
    ],
    "clip": [
        0.0160980224609375,
        0.8515625,
        0.076171875,
        0.05615234375
    ],
    "eva": [
        7.442217611242086e-05,
        0.7905173897743225,
        0.1857716143131256,
        0.023636551573872566
    ]
}