{
    "captions": [
        "a black mane",
        "white stripe",
        "it"
    ],
    "metaclip": [
        0.9900056719779968,
        0.0036273468285799026,
        0.006366920191794634
    ],
    "clip": [
        0.95947265625,
        0.023284912109375,
        0.0167694091796875
    ],
    "eva": [
        0.9999922513961792,
        4.3672226945901116e-10,
        7.699895832047332e-06
    ]
}