{
    "captions": [
        "a blurry background",
        "a ledge",
        "someone",
        "a skateboard"
    ],
    "metaclip": [
        0.39273813366889954,
        0.04650793597102165,
        0.43021613359451294,
        0.13053776323795319
    ],
    "clip": [
        0.9384765625,
        0.009490966796875,
        0.0452880859375,
        0.0065765380859375
    ],
    "eva": [
        0.03647610545158386,
        0.8700307607650757,
        0.09345614910125732,
        3.68785003956873e-05
    ]
}