{
    "captions": [
        "the ground",
        "arafed rabbit",
        "the middle",
        "a foggy field"
    ],
    "metaclip": [
        0.0038958140648901463,
        0.9885276556015015,
        0.0003812961804214865,
        0.0071952855214476585
    ],
    "clip": [
        0.0001131892204284668,
        0.99951171875,
        0.00025916099548339844,
        6.347894668579102e-05
    ],
    "eva": [
        3.910955115316028e-07,
        0.9999984502792358,
        2.9999585714896027e-12,
        1.1997084357062704e-06
    ]
}