{
    "captions": [
        "a stuffed rabbit",
        "a couch",
        "a close"
    ],
    "metaclip": [
        0.9977337121963501,
        0.0016430006362497807,
        0.0006231822771951556
    ],
    "clip": [
        0.99658203125,
        0.0032215118408203125,
        0.00016808509826660156
    ],
    "eva": [
        1.0,
        1.2809434069005476e-11,
        4.298080310714478e-14
    ]
}