{
    "captions": [
        "painting",
        "it",
        "a tree",
        "a bird",
        "top"
    ],
    "metaclip": [
        0.03430185839533806,
        0.0033823675476014614,
        0.9573887586593628,
        0.002514971885830164,
        0.0024120553862303495
    ],
    "clip": [
        0.06585693359375,
        0.002437591552734375,
        0.8408203125,
        0.007389068603515625,
        0.083251953125
    ],
    "eva": [
        2.205894578111156e-09,
        2.1891706225574126e-09,
        1.0,
        5.527217225576031e-11,
        4.4028530821194067e-10
    ]
}