{
    "captions": [
        "arafed dog",
        "a field",
        "open mouth",
        "mouth"
    ],
    "metaclip": [
        0.0732712671160698,
        0.001108650816604495,
        0.857144832611084,
        0.06847529113292694
    ],
    "clip": [
        0.49169921875,
        0.0143890380859375,
        0.433837890625,
        0.06011962890625
    ],
    "eva": [
        0.2223949432373047,
        4.221174521035209e-09,
        0.03165694698691368,
        0.7459481358528137
    ]
}