{
    "captions": [
        "arafed image",
        "front",
        "a duck",
        "squares",
        "a wall"
    ],
    "metaclip": [
        0.00016695364320185035,
        0.00015661514771636575,
        0.9878876209259033,
        0.011328940279781818,
        0.000459879549453035
    ],
    "clip": [
        0.0638427734375,
        0.0006113052368164062,
        0.89501953125,
        0.036376953125,
        0.004276275634765625
    ],
    "eva": [
        1.1209140560186626e-10,
        2.309910873687926e-10,
        0.9984644651412964,
        0.001535562565550208,
        2.8738728730104413e-08
    ]
}