{
    "captions": [
        "araffe",
        "a blurry background",
        "a field",
        "grass"
    ],
    "metaclip": [
        0.004058807156980038,
        0.990676999092102,
        0.004081280902028084,
        0.0011828371789306402
    ],
    "clip": [
        0.87939453125,
        0.110107421875,
        0.00543975830078125,
        0.0049896240234375
    ],
    "eva": [
        0.021967604756355286,
        0.977939784526825,
        6.3330940065498e-06,
        8.630879165139049e-05
    ]
}