{
    "captions": [
        "a picture",
        "a cat",
        "a close",
        "a circular pattern"
    ],
    "metaclip": [
        0.028671717271208763,
        0.0013616987271234393,
        0.00808194000273943,
        0.9618846774101257
    ],
    "clip": [
        0.03765869140625,
        0.0014944076538085938,
        0.004638671875,
        0.9560546875
    ],
    "eva": [
        0.030774343758821487,
        8.230006010023772e-09,
        2.6346131676291407e-07,
        0.9692254066467285
    ]
}