{
    "captions": [
        "a rabbit",
        "painting",
        "a black and white striped shirt"
    ],
    "metaclip": [
        0.9947267174720764,
        0.005266538355499506,
        6.702583959850017e-06
    ],
    "clip": [
        0.9892578125,
        0.00843048095703125,
        0.0017385482788085938
    ],
    "eva": [
        1.0,
        7.71746666572426e-10,
        6.570418254608912e-12
    ]
}