{
    "captions": [
        "a bridle",
        "a brown horse",
        "head",
        "it"
    ],
    "metaclip": [
        0.09737975895404816,
        0.8170195817947388,
        0.08328346908092499,
        0.002317112637683749
    ],
    "clip": [
        0.1663818359375,
        0.83203125,
        0.0016565322875976562,
        3.159046173095703e-06
    ],
    "eva": [
        0.07748184353113174,
        0.922415018081665,
        0.00010314313840353861,
        4.790715024682868e-08
    ]
}