{
    "captions": [
        "a construction site",
        "a construction vehicle",
        "painting",
        "a crane"
    ],
    "metaclip": [
        0.4376896321773529,
        0.26948821544647217,
        0.0018757679499685764,
        0.2909463942050934
    ],
    "clip": [
        0.576171875,
        0.328125,
        0.006397247314453125,
        0.0897216796875
    ],
    "eva": [
        0.9998408555984497,
        0.00012144890206400305,
        5.815331549641201e-10,
        3.772170020965859e-05
    ]
}