{
    "captions": [
        "the water",
        "a dolphin",
        "that"
    ],
    "metaclip": [
        0.0032826184760779142,
        0.995218813419342,
        0.0014985386515036225
    ],
    "clip": [
        0.003757476806640625,
        0.994140625,
        0.001590728759765625
    ],
    "eva": [
        3.001818932313327e-11,
        1.0,
        4.561450595019778e-08
    ]
}