{
    "captions": [
        "corals",
        "a shark swimming",
        "the ocean"
    ],
    "metaclip": [
        0.05576786398887634,
        0.9382966756820679,
        0.005935436114668846
    ],
    "clip": [
        0.34765625,
        0.6494140625,
        0.0031032562255859375
    ],
    "eva": [
        0.00027934557874687016,
        0.9997203946113586,
        2.2921923914509534e-07
    ]
}