{
    "captions": [
        "a butterfly",
        "a green leaf",
        "a yellow background",
        "a painting"
    ],
    "metaclip": [
        0.9795688986778259,
        0.003051531035453081,
        0.0007950864383019507,
        0.016584407538175583
    ],
    "clip": [
        0.78759765625,
        0.0029315948486328125,
        0.00394439697265625,
        0.2054443359375
    ],
    "eva": [
        1.0,
        1.0247946588548551e-11,
        8.63647329108104e-15,
        1.9613205282098534e-08
    ]
}