{
    "captions": [
        "that",
        "a squirrel",
        "a tree trunk"
    ],
    "metaclip": [
        0.0003552644921001047,
        0.9873453974723816,
        0.012299329042434692
    ],
    "clip": [
        5.7697296142578125e-05,
        0.9892578125,
        0.01049041748046875
    ],
    "eva": [
        5.39426503465279e-10,
        0.9999988079071045,
        1.2317201480982476e-06
    ]
}