{
    "captions": [
        "front",
        "a printer",
        "a desk",
        "a window"
    ],
    "metaclip": [
        0.0003071063256356865,
        0.991095781326294,
        0.008527717553079128,
        6.93551919539459e-05
    ],
    "clip": [
        5.066394805908203e-06,
        0.99853515625,
        0.0014553070068359375,
        8.106231689453125e-06
    ],
    "eva": [
        2.2219337481033108e-11,
        0.9999921321868896,
        7.826822184142657e-06,
        5.010534088328855e-13
    ]
}