{
    "captions": [
        "a man",
        "a statue",
        "a horse",
        "a close"
    ],
    "metaclip": [
        0.008010614663362503,
        0.13675053417682648,
        0.8523197770118713,
        0.0029190920758992434
    ],
    "clip": [
        0.002288818359375,
        0.017730712890625,
        0.9677734375,
        0.01218414306640625
    ],
    "eva": [
        2.871533524739789e-06,
        0.11904958635568619,
        0.8809468746185303,
        7.062435543048196e-07
    ]
}