{
    "captions": [
        "the ground",
        "a small duck",
        "that"
    ],
    "metaclip": [
        0.00034704021527431905,
        0.9978949427604675,
        0.0017580174608156085
    ],
    "clip": [
        3.647804260253906e-05,
        1.0,
        0.0002779960632324219
    ],
    "eva": [
        4.026697730677778e-14,
        1.0,
        9.649272492140426e-10
    ]
}