{
    "captions": [
        "painting",
        "a hummingbird",
        "the air",
        "a colorful background"
    ],
    "metaclip": [
        0.011118195950984955,
        0.9872379302978516,
        0.000592000491451472,
        0.0010518863564357162
    ],
    "clip": [
        0.038970947265625,
        0.958984375,
        0.0002428293228149414,
        0.0017118453979492188
    ],
    "eva": [
        1.6084293008589157e-07,
        0.9999998807907104,
        3.9069003024069793e-13,
        1.4219685429139872e-09
    ]
}