{
    "captions": [
        "a butterfly",
        "a blue sky",
        "a close",
        "a white background"
    ],
    "metaclip": [
        0.9956335425376892,
        0.000841722940094769,
        0.0027732746675610542,
        0.0007514493190683424
    ],
    "clip": [
        0.986328125,
        0.00020384788513183594,
        0.000972747802734375,
        0.0120391845703125
    ],
    "eva": [
        1.0,
        2.606748299746435e-14,
        3.484870170211707e-10,
        1.606561021369468e-12
    ]
}