{
    "captions": [
        "that",
        "a tree branch",
        "a small squirrel"
    ],
    "metaclip": [
        0.00021673770970664918,
        0.0014010925078764558,
        0.9983822107315063
    ],
    "clip": [
        3.135204315185547e-05,
        0.0022869110107421875,
        0.99755859375
    ],
    "eva": [
        1.2407191940511098e-10,
        1.6577966732711502e-07,
        0.9999998807907104
    ]
}