{
    "captions": [
        "image",
        "a train station"
    ],
    "metaclip": [
        0.016164204105734825,
        0.9838358163833618
    ],
    "clip": [
        0.2393798828125,
        0.7607421875
    ],
    "eva": [
        0.0013593347975984216,
        0.9986407160758972
    ]
}