{
    "captions": [
        "the water",
        "the beach",
        "that",
        "a rabbit"
    ],
    "metaclip": [
        6.064026820240542e-05,
        0.0005418288637883961,
        0.0005518887774087489,
        0.9988456964492798
    ],
    "clip": [
        0.00027632713317871094,
        0.00638580322265625,
        0.00012254714965820312,
        0.9931640625
    ],
    "eva": [
        1.1309848609535435e-15,
        3.677802229429261e-10,
        1.892369816403061e-09,
        1.0
    ]
}