{
    "captions": [
        "diamond ring",
        "a blue sapphire",
        "a close",
        "a table"
    ],
    "metaclip": [
        0.028141725808382034,
        0.9710960984230042,
        0.0006074219127185643,
        0.00015478397835977376
    ],
    "clip": [
        0.0194244384765625,
        0.98095703125,
        1.2099742889404297e-05,
        1.3113021850585938e-06
    ],
    "eva": [
        3.89973574783653e-05,
        0.9999610185623169,
        1.0227543256746685e-09,
        2.3167939788848457e-11
    ]
}