{
    "captions": [
        "circles",
        "a dog",
        "arafed image",
        "a black and white picture"
    ],
    "metaclip": [
        0.5137602090835571,
        0.4816269874572754,
        0.004078064579516649,
        0.0005347695550881326
    ],
    "clip": [
        0.1148681640625,
        0.79736328125,
        0.0789794921875,
        0.0087890625
    ],
    "eva": [
        0.2424851953983307,
        0.7572841048240662,
        1.621288845399249e-07,
        0.00023053395852912217
    ]
}