{
    "captions": [
        "painting",
        "a duck",
        "a colorful background",
        "a yellow beak"
    ],
    "metaclip": [
        0.0006982002523727715,
        0.9554190635681152,
        0.0014187783235684037,
        0.042463939636945724
    ],
    "clip": [
        0.01432037353515625,
        0.8193359375,
        0.00510406494140625,
        0.161376953125
    ],
    "eva": [
        4.063940156617818e-11,
        0.9999998807907104,
        1.0132926442363299e-10,
        6.844023658914011e-08
    ]
}