{
    "captions": [
        "a black container",
        "liquid",
        "a counter",
        "bottles"
    ],
    "metaclip": [
        0.9057967066764832,
        0.015827201306819916,
        0.07221320271492004,
        0.006162857636809349
    ],
    "clip": [
        0.86474609375,
        0.001735687255859375,
        0.1265869140625,
        0.00691986083984375
    ],
    "eva": [
        0.9838160872459412,
        1.1588846291488153e-06,
        0.01611275225877762,
        7.004271901678294e-05
    ]
}