{
    "captions": [
        "arafed factory",
        "a green field",
        "smoke stacks"
    ],
    "metaclip": [
        0.2923101782798767,
        0.006399252917617559,
        0.7012906074523926
    ],
    "clip": [
        0.83544921875,
        0.00012731552124023438,
        0.16455078125
    ],
    "eva": [
        0.0003090785467065871,
        1.5125001251448111e-09,
        0.9996908903121948
    ]
}