{
    "captions": [
        "the beach",
        "a red background",
        "a rabbit"
    ],
    "metaclip": [
        0.001336734159849584,
        0.001123403781093657,
        0.9975398778915405
    ],
    "clip": [
        0.005069732666015625,
        0.0135650634765625,
        0.9814453125
    ],
    "eva": [
        3.961235961469356e-08,
        5.568281079282311e-12,
        1.0
    ]
}