{
    "captions": [
        "a brown horse",
        "area"
    ],
    "metaclip": [
        0.9999622106552124,
        3.780638144235127e-05
    ],
    "clip": [
        1.0,
        0.00020992755889892578
    ],
    "eva": [
        1.0,
        4.986044466193107e-09
    ]
}