{
    "captions": [
        "a forest",
        "tall green stalks",
        "arafed image",
        "grass"
    ],
    "metaclip": [
        0.014895301312208176,
        0.6366369128227234,
        0.0008377062040381134,
        0.3476300835609436
    ],
    "clip": [
        0.1480712890625,
        0.44921875,
        0.041778564453125,
        0.36083984375
    ],
    "eva": [
        2.250274272475039e-10,
        0.9999990463256836,
        4.6893919140606616e-14,
        9.81436528491031e-07
    ]
}