{
    "captions": [
        "a white rabbit",
        "painting",
        "the grass",
        "a tree"
    ],
    "metaclip": [
        0.9990959167480469,
        0.0005877933581359684,
        0.00019628542941063643,
        0.0001199692560476251
    ],
    "clip": [
        0.9990234375,
        0.0004875659942626953,
        0.00040435791015625,
        4.225969314575195e-05
    ],
    "eva": [
        1.0,
        1.139174475237037e-12,
        2.4663834885009506e-13,
        2.0297147643177915e-11
    ]
}