{
    "captions": [
        "a black background",
        "a cross",
        "a close",
        "circles"
    ],
    "metaclip": [
        0.005554059520363808,
        0.004021109081804752,
        0.021740689873695374,
        0.9686841368675232
    ],
    "clip": [
        0.0322265625,
        0.08697509765625,
        0.04302978515625,
        0.837890625
    ],
    "eva": [
        1.1950785847147927e-05,
        3.3633662042120704e-06,
        0.00017299757746513933,
        0.9998117089271545
    ]
}