{
    "captions": [
        "a gray surface",
        "a duck",
        "painting"
    ],
    "metaclip": [
        4.3772830395027995e-05,
        0.9996565580368042,
        0.0002997040865011513
    ],
    "clip": [
        0.0002911090850830078,
        0.9990234375,
        0.00075531005859375
    ],
    "eva": [
        3.084876646665402e-13,
        1.0,
        1.184346240870604e-12
    ]
}