{
    "captions": [
        "a cat",
        "that",
        "a tiled floor"
    ],
    "metaclip": [
        0.9943220615386963,
        0.0035163015127182007,
        0.0021617324091494083
    ],
    "clip": [
        0.9375,
        0.0023250579833984375,
        0.0599365234375
    ],
    "eva": [
        0.9999656677246094,
        8.128878903335135e-07,
        3.355174703756347e-05
    ]
}