{
    "captions": [
        "a person",
        "a shadow",
        "a wall",
        "squares"
    ],
    "metaclip": [
        0.00021386491425801069,
        0.00041226609027944505,
        0.0030589967500418425,
        0.9963149428367615
    ],
    "clip": [
        0.01219940185546875,
        0.2265625,
        0.324462890625,
        0.436767578125
    ],
    "eva": [
        5.56741230894886e-09,
        1.3212115845817607e-09,
        1.227081952492881e-06,
        0.9999988079071045
    ]
}