{
    "captions": [
        "painting",
        "an elephant",
        "a sky background",
        "a field"
    ],
    "metaclip": [
        0.0028903742786496878,
        0.9963232278823853,
        0.00011553405784070492,
        0.0006709482986479998
    ],
    "clip": [
        0.0008039474487304688,
        0.9990234375,
        5.9604644775390625e-05,
        2.300739288330078e-05
    ],
    "eva": [
        5.87411141950156e-09,
        1.0,
        8.254470405124635e-17,
        3.039043355076293e-13
    ]
}