{
    "captions": [
        "a circuit board",
        "many electronic components",
        "a close"
    ],
    "metaclip": [
        0.9756689071655273,
        0.02250421606004238,
        0.0018268483690917492
    ],
    "clip": [
        0.82421875,
        0.1754150390625,
        0.00042819976806640625
    ],
    "eva": [
        0.9999995231628418,
        4.3940318050772476e-07,
        9.965087643948323e-10
    ]
}