{
    "captions": [
        "a forest",
        "a log",
        "painting",
        "a bear"
    ],
    "metaclip": [
        0.011187843978404999,
        0.006602131295949221,
        0.003457592101767659,
        0.9787524342536926
    ],
    "clip": [
        0.031646728515625,
        0.00516510009765625,
        0.00852203369140625,
        0.9541015625
    ],
    "eva": [
        1.3245297623143415e-06,
        1.2317443633946823e-06,
        2.702957579980847e-10,
        0.9999974966049194
    ]
}