{
    "captions": [
        "a close",
        "a stuffed animal",
        "a table"
    ],
    "metaclip": [
        0.015502129681408405,
        0.9810425043106079,
        0.003455385798588395
    ],
    "clip": [
        0.0064239501953125,
        0.9912109375,
        0.0021343231201171875
    ],
    "eva": [
        5.910506806205973e-11,
        1.0,
        5.7861354596511205e-11
    ]
}