{
    "captions": [
        "a bow tie",
        "a white stuffed rabbit",
        "a table"
    ],
    "metaclip": [
        0.0008798307389952242,
        0.9990629553794861,
        5.724967923015356e-05
    ],
    "clip": [
        0.00017404556274414062,
        1.0,
        5.1021575927734375e-05
    ],
    "eva": [
        5.628064420754031e-12,
        1.0,
        1.0979169911542672e-14
    ]
}