{
    "captions": [
        "a cross",
        "it"
    ],
    "metaclip": [
        0.6406533718109131,
        0.35934656858444214
    ],
    "clip": [
        0.99755859375,
        0.002269744873046875
    ],
    "eva": [
        0.7881956100463867,
        0.21180438995361328
    ]
}