{
    "captions": [
        "a leaf",
        "a blurry background"
    ],
    "metaclip": [
        0.2907676100730896,
        0.7092323899269104
    ],
    "clip": [
        0.1441650390625,
        0.85595703125
    ],
    "eva": [
        0.9989607334136963,
        0.0010392287513241172
    ]
}