{
    "captions": [
        "a train",
        "the background",
        "arafed view",
        "a train station"
    ],
    "metaclip": [
        0.06524494290351868,
        0.07842905074357986,
        0.0031216368079185486,
        0.8532043695449829
    ],
    "clip": [
        0.270263671875,
        0.007259368896484375,
        0.03228759765625,
        0.68994140625
    ],
    "eva": [
        3.304639903944917e-05,
        0.0011691494146361947,
        0.00020678558212239295,
        0.9985910058021545
    ]
}