{
    "captions": [
        "it",
        "a dog",
        "a lot",
        "arafed image",
        "circles"
    ],
    "metaclip": [
        0.0035580412950366735,
        0.010873028077185154,
        0.016695022583007812,
        0.014671750366687775,
        0.9542020559310913
    ],
    "clip": [
        0.0002486705780029297,
        0.00897216796875,
        0.0031986236572265625,
        0.08648681640625,
        0.90087890625
    ],
    "eva": [
        0.0044897617772221565,
        0.0002855176862794906,
        0.0011545231100171804,
        0.000323156506055966,
        0.9937469959259033
    ]
}