{
    "captions": [
        "a hummingbird",
        "a colorful background",
        "painting",
        "flight"
    ],
    "metaclip": [
        0.9841881990432739,
        0.0008005547570064664,
        0.01082506775856018,
        0.0041861748322844505
    ],
    "clip": [
        0.89990234375,
        0.007198333740234375,
        0.077392578125,
        0.0157318115234375
    ],
    "eva": [
        0.9999957084655762,
        2.527178910582961e-09,
        4.273196736903628e-06,
        2.5775797496407904e-08
    ]
}