{
    "captions": [
        "a computer mother board",
        "many electronic components",
        "a close"
    ],
    "metaclip": [
        0.7804577946662903,
        0.21538516879081726,
        0.004157033748924732
    ],
    "clip": [
        0.265869140625,
        0.73388671875,
        0.00019633769989013672
    ],
    "eva": [
        0.02094709873199463,
        0.9790528416633606,
        7.525044476430764e-10
    ]
}