{
    "captions": [
        "the snow",
        "a crab",
        "that"
    ],
    "metaclip": [
        0.0032985201105475426,
        0.9962664246559143,
        0.0004351221723482013
    ],
    "clip": [
        0.262451171875,
        0.736328125,
        0.0012063980102539062
    ],
    "eva": [
        9.644245124729167e-11,
        1.0,
        1.554143064241842e-10
    ]
}