{
    "captions": [
        "a black cab",
        "a white dump truck",
        "a close"
    ],
    "metaclip": [
        3.1409254006575793e-06,
        0.9999873638153076,
        9.481364031671546e-06
    ],
    "clip": [
        1.621246337890625e-05,
        1.0,
        3.2961368560791016e-05
    ],
    "eva": [
        6.883834644753331e-16,
        1.0,
        3.668861885846621e-14
    ]
}