{
    "captions": [
        "the background",
        "scuba diver",
        "a fish",
        "the water"
    ],
    "metaclip": [
        6.807669706176966e-05,
        0.9889886975288391,
        0.00936518982052803,
        0.0015780985122546554
    ],
    "clip": [
        0.0006895065307617188,
        0.986328125,
        0.00753021240234375,
        0.005016326904296875
    ],
    "eva": [
        1.2355431077120532e-13,
        1.0,
        1.3133745646598527e-08,
        1.5791101065643076e-11
    ]
}