{
    "captions": [
        "a pink tusk",
        "an elephant",
        "painting",
        "a blue background"
    ],
    "metaclip": [
        0.6048556566238403,
        0.3931654095649719,
        0.0019429214298725128,
        3.59466539521236e-05
    ],
    "clip": [
        0.27783203125,
        0.70947265625,
        0.01183319091796875,
        0.00042438507080078125
    ],
    "eva": [
        0.0013343378668650985,
        0.9986656904220581,
        2.3357632272791307e-08,
        6.672479680325943e-14
    ]
}