{
    "captions": [
        "a desk",
        "a laptop computer",
        "top",
        "a close"
    ],
    "metaclip": [
        0.5651461482048035,
        0.3319947123527527,
        0.06822801381349564,
        0.03463105112314224
    ],
    "clip": [
        0.277587890625,
        0.472412109375,
        0.2412109375,
        0.0087890625
    ],
    "eva": [
        0.5346683859825134,
        0.2680217921733856,
        0.13676868379116058,
        0.06054113060235977
    ]
}