{
    "captions": [
        "different colors",
        "a wall",
        "arafed image",
        "squares"
    ],
    "metaclip": [
        0.0024757604114711285,
        0.0009467575582675636,
        0.004694764036685228,
        0.9918827414512634
    ],
    "clip": [
        0.00482940673828125,
        0.0041961669921875,
        0.25146484375,
        0.7392578125
    ],
    "eva": [
        9.304164905188372e-08,
        2.1326643491192954e-06,
        2.26829939720119e-07,
        0.9999974966049194
    ]
}