{
    "captions": [
        "a wall",
        "front",
        "a person",
        "a picture"
    ],
    "metaclip": [
        0.1216849535703659,
        0.10811722278594971,
        0.06596177071332932,
        0.7042360901832581
    ],
    "clip": [
        0.412109375,
        0.0040740966796875,
        0.158935546875,
        0.42529296875
    ],
    "eva": [
        0.00024085670884232968,
        0.0001097765562008135,
        2.27687237952523e-07,
        0.999649167060852
    ]
}