{
    "captions": [
        "mouth",
        "arafed white dog",
        "open mouth"
    ],
    "metaclip": [
        0.14376340806484222,
        0.3891308307647705,
        0.46710577607154846
    ],
    "clip": [
        0.002758026123046875,
        0.966796875,
        0.0305938720703125
    ],
    "eva": [
        0.000962796388193965,
        0.9990302324295044,
        6.9293869273678865e-06
    ]
}