{
    "captions": [
        "a lizard",
        "that",
        "a picture"
    ],
    "metaclip": [
        0.9555580615997314,
        0.010884636081755161,
        0.03355729952454567
    ],
    "clip": [
        0.9404296875,
        0.006435394287109375,
        0.05303955078125
    ],
    "eva": [
        0.774996817111969,
        4.156391878495924e-05,
        0.22496162354946136
    ]
}