{
    "captions": [
        "a wooden stand",
        "three jars",
        "the kitchen"
    ],
    "metaclip": [
        0.5170140266418457,
        0.2270597219467163,
        0.25592634081840515
    ],
    "clip": [
        0.6279296875,
        0.20068359375,
        0.171630859375
    ],
    "eva": [
        0.9884238839149475,
        0.008671658113598824,
        0.0029044754337519407
    ]
}