{
    "captions": [
        "a blurry background",
        "a leaf"
    ],
    "metaclip": [
        0.7104023694992065,
        0.28959766030311584
    ],
    "clip": [
        0.79931640625,
        0.2005615234375
    ],
    "eva": [
        0.9405611157417297,
        0.05943887680768967
    ]
}