{
    "captions": [
        "a green field",
        "arafed white dog",
        "a big smile"
    ],
    "metaclip": [
        0.00039798891521058977,
        0.9718191623687744,
        0.0277828611433506
    ],
    "clip": [
        0.00010144710540771484,
        0.9912109375,
        0.008575439453125
    ],
    "eva": [
        1.0852821394932537e-15,
        0.9999995231628418,
        5.319832325767493e-07
    ]
}