{
    "captions": [
        "a cutting board",
        "a close",
        "a knife",
        "a table"
    ],
    "metaclip": [
        0.9981971383094788,
        4.8013371269917116e-05,
        0.0013629045570269227,
        0.0003918716683983803
    ],
    "clip": [
        0.994140625,
        8.767843246459961e-05,
        0.003421783447265625,
        0.002315521240234375
    ],
    "eva": [
        1.0,
        4.491776742221454e-12,
        6.209203984308687e-11,
        7.299925108839034e-10
    ]
}