{
    "captions": [
        "the beach",
        "a rabbit",
        "the sand"
    ],
    "metaclip": [
        0.00045880305697210133,
        0.997590184211731,
        0.0019510689890012145
    ],
    "clip": [
        0.0053863525390625,
        0.9638671875,
        0.030517578125
    ],
    "eva": [
        2.4008955934462506e-10,
        1.0,
        9.998052163950888e-09
    ]
}