{
    "captions": [
        "a room",
        "a bicycle",
        "that",
        "a picture"
    ],
    "metaclip": [
        0.0004437677562236786,
        0.9965935349464417,
        0.0005439739325083792,
        0.002418728545308113
    ],
    "clip": [
        0.045166015625,
        0.7880859375,
        0.02325439453125,
        0.1435546875
    ],
    "eva": [
        2.7883173547849083e-09,
        0.9999951124191284,
        1.1829836665810944e-08,
        4.830632860830519e-06
    ]
}