{
    "captions": [
        "a sun",
        "a dolphin",
        "the water",
        "the ocean",
        "painting"
    ],
    "metaclip": [
        0.0003278909425716847,
        0.9873054027557373,
        0.002864770358428359,
        0.009308396838605404,
        0.00019361457088962197
    ],
    "clip": [
        0.003936767578125,
        0.85693359375,
        0.053924560546875,
        0.07147216796875,
        0.014068603515625
    ],
    "eva": [
        2.6814484741779707e-14,
        1.0,
        2.2543173924804982e-11,
        7.569067150825504e-09,
        9.218298867297303e-13
    ]
}