{
    "captions": [
        "arafed image",
        "a woman",
        "a black top",
        "a white tutu"
    ],
    "metaclip": [
        0.005620898678898811,
        0.011254374869167805,
        0.0004505340475589037,
        0.9826741814613342
    ],
    "clip": [
        0.0013446807861328125,
        0.00013637542724609375,
        0.0004038810729980469,
        0.998046875
    ],
    "eva": [
        1.0614932932639931e-07,
        2.416205688859918e-06,
        1.6565006311086705e-10,
        0.9999974966049194
    ]
}