{
    "captions": [
        "arafed image",
        "a blue background",
        "a ballerina",
        "a gold dress"
    ],
    "metaclip": [
        0.0002332658041268587,
        3.2803258363856e-05,
        0.9991982579231262,
        0.0005357778863981366
    ],
    "clip": [
        0.01239776611328125,
        0.0021209716796875,
        0.984375,
        0.0012273788452148438
    ],
    "eva": [
        2.0215340512663715e-09,
        3.4725852835620907e-12,
        0.9999829530715942,
        1.7041673345374875e-05
    ]
}