{
    "captions": [
        "a duck",
        "a tile floor",
        "that"
    ],
    "metaclip": [
        0.9966848492622375,
        0.0025023040361702442,
        0.0008127495530061424
    ],
    "clip": [
        0.44921875,
        0.55078125,
        0.0002465248107910156
    ],
    "eva": [
        0.9999960660934448,
        3.991561698057922e-06,
        2.8489182568591787e-08
    ]
}