{
    "captions": [
        "arafed van",
        "a sky background",
        "a snowy road"
    ],
    "metaclip": [
        0.9127371907234192,
        0.0004262667498551309,
        0.08683651685714722
    ],
    "clip": [
        0.9931640625,
        0.0005121231079101562,
        0.00628662109375
    ],
    "eva": [
        2.1945038497506175e-06,
        3.323220062849408e-13,
        0.9999978542327881
    ]
}