{
    "captions": [
        "a rabbit",
        "trees",
        "the background",
        "the grass",
        "a painting"
    ],
    "metaclip": [
        0.9935553669929504,
        0.0005978810368105769,
        5.7659170124679804e-05,
        0.002271471079438925,
        0.0035175865050405264
    ],
    "clip": [
        0.96337890625,
        0.0006842613220214844,
        0.003314971923828125,
        0.004749298095703125,
        0.0281982421875
    ],
    "eva": [
        1.0,
        3.4739377088817197e-15,
        2.857766107089432e-13,
        1.3758401969793388e-12,
        3.731010292384873e-11
    ]
}