{
    "captions": [
        "a black background",
        "a leaf"
    ],
    "metaclip": [
        0.0816875696182251,
        0.9183124303817749
    ],
    "clip": [
        0.77734375,
        0.2227783203125
    ],
    "eva": [
        0.0034188900608569384,
        0.9965811371803284
    ]
}