{
    "captions": [
        "painting",
        "the ocean",
        "a blue background",
        "a killer whale"
    ],
    "metaclip": [
        0.000913672149181366,
        0.009250370785593987,
        7.283716695383191e-05,
        0.9897631406784058
    ],
    "clip": [
        0.004306793212890625,
        0.004241943359375,
        0.0010232925415039062,
        0.990234375
    ],
    "eva": [
        4.5647249868885353e-11,
        1.596569099149292e-08,
        5.4260019193659234e-14,
        1.0
    ]
}