{
    "captions": [
        "a blue sky",
        "water",
        "a body",
        "the background",
        "two ducks",
        "painting"
    ],
    "metaclip": [
        0.00011195989645784721,
        0.0021983878687024117,
        0.0004231194034218788,
        0.031249219551682472,
        0.9644482731819153,
        0.0015690835425630212
    ],
    "clip": [
        0.0028781890869140625,
        0.03704833984375,
        0.000705718994140625,
        0.021942138671875,
        0.876953125,
        0.06060791015625
    ],
    "eva": [
        1.871457497434545e-13,
        5.801748059752754e-08,
        1.0758768181906575e-10,
        4.6811277076841407e-11,
        1.0,
        2.770570162180519e-10
    ]
}