{
    "captions": [
        "a horse",
        "that",
        "the dirt"
    ],
    "metaclip": [
        0.9925652742385864,
        0.005987546872347593,
        0.0014472021721303463
    ],
    "clip": [
        0.99951171875,
        0.000225067138671875,
        0.0003514289855957031
    ],
    "eva": [
        0.9999986886978149,
        1.3304181720741326e-06,
        1.1489652951930315e-14
    ]
}