{
    "captions": [
        "a person's face",
        "a square pattern",
        "arafed image"
    ],
    "metaclip": [
        0.0011612281668931246,
        0.9970963001251221,
        0.0017425150144845247
    ],
    "clip": [
        0.000598907470703125,
        0.97119140625,
        0.028411865234375
    ],
    "eva": [
        0.0003324546851217747,
        0.9996600151062012,
        7.501625532313483e-06
    ]
}