{
    "captions": [
        "a white surface",
        "a crab",
        "that"
    ],
    "metaclip": [
        5.728080395783763e-06,
        0.999915361404419,
        7.891580753494054e-05
    ],
    "clip": [
        0.001956939697265625,
        0.998046875,
        0.00010454654693603516
    ],
    "eva": [
        1.1703238238811118e-14,
        1.0,
        2.8430410803359507e-11
    ]
}