{
    "captions": [
        "a small pig",
        "that",
        "the dirt"
    ],
    "metaclip": [
        0.9996066689491272,
        0.00036693474976345897,
        2.645800486789085e-05
    ],
    "clip": [
        0.9990234375,
        0.0005397796630859375,
        0.00031495094299316406
    ],
    "eva": [
        1.0,
        2.6592250179646726e-08,
        4.9549550389365454e-14
    ]
}