{
    "captions": [
        "top",
        "it",
        "a printer",
        "a close"
    ],
    "metaclip": [
        0.002293982543051243,
        0.0034667947329580784,
        0.9933741688728333,
        0.0008649507071822882
    ],
    "clip": [
        0.0007791519165039062,
        5.662441253662109e-06,
        0.9990234375,
        2.8848648071289062e-05
    ],
    "eva": [
        6.873897007153573e-10,
        1.1394658003607838e-12,
        1.0,
        2.9281614025850056e-12
    ]
}