{
    "captions": [
        "a circuit board",
        "a close",
        "multiple electronic components"
    ],
    "metaclip": [
        0.1492566466331482,
        0.001315710018388927,
        0.8494277000427246
    ],
    "clip": [
        0.284423828125,
        0.000484466552734375,
        0.71484375
    ],
    "eva": [
        0.9971838593482971,
        6.568880106527786e-09,
        0.0028160864021629095
    ]
}