{
    "captions": [
        "painting",
        "yellow grass",
        "a field",
        "trees",
        "an elephant",
        "the background"
    ],
    "metaclip": [
        0.003445463487878442,
        0.00017610927170608193,
        0.0009958238806575537,
        0.00025569117860868573,
        0.995029866695404,
        9.706348646432161e-05
    ],
    "clip": [
        0.07244873046875,
        0.0006885528564453125,
        0.00024175643920898438,
        0.000431060791015625,
        0.92529296875,
        0.0008707046508789062
    ],
    "eva": [
        7.001207222856465e-07,
        8.798215248798785e-14,
        2.1811479705702297e-11,
        9.516405675633055e-14,
        0.9999992847442627,
        1.7901382687399853e-13
    ]
}