{
    "captions": [
        "a camera",
        "a black and white picture",
        "its mouth"
    ],
    "metaclip": [
        0.09843146800994873,
        0.24628329277038574,
        0.6552852392196655
    ],
    "clip": [
        0.0906982421875,
        0.16162109375,
        0.74755859375
    ],
    "eva": [
        0.0003961973125115037,
        0.9868916869163513,
        0.01271211076527834
    ]
}