{
    "captions": [
        "the air",
        "painting",
        "a blue circle",
        "a hummingbird"
    ],
    "metaclip": [
        0.0012970336247235537,
        0.00903395377099514,
        0.00042246561497449875,
        0.9892465472221375
    ],
    "clip": [
        0.0009355545043945312,
        0.027130126953125,
        0.00039005279541015625,
        0.9716796875
    ],
    "eva": [
        9.322237426445668e-11,
        1.7243110050912946e-05,
        2.405868837485059e-10,
        0.9999827146530151
    ]
}