{
    "captions": [
        "a cat",
        "a bird",
        "it",
        "tiled wall"
    ],
    "metaclip": [
        0.04906834661960602,
        0.06105862185359001,
        0.010683728381991386,
        0.8791891932487488
    ],
    "clip": [
        0.48974609375,
        0.1075439453125,
        0.0662841796875,
        0.33642578125
    ],
    "eva": [
        0.00014536851085722446,
        0.12076089531183243,
        0.8694186806678772,
        0.009675000794231892
    ]
}