{
    "captions": [
        "the ground",
        "a green plant",
        "that"
    ],
    "metaclip": [
        0.011264180764555931,
        0.9148575663566589,
        0.07387825846672058
    ],
    "clip": [
        0.01558685302734375,
        0.9794921875,
        0.005138397216796875
    ],
    "eva": [
        8.242132532032542e-10,
        0.9999998807907104,
        1.1364732444008041e-07
    ]
}