{
    "captions": [
        "a bear",
        "the woods",
        "that"
    ],
    "metaclip": [
        0.9941487312316895,
        0.005319664720445871,
        0.0005316578899510205
    ],
    "clip": [
        0.990234375,
        0.00911712646484375,
        0.0005145072937011719
    ],
    "eva": [
        1.0,
        2.908118723610187e-08,
        1.8704504611832817e-10
    ]
}