{
    "captions": [
        "a tiled wall",
        "a giraffe's head",
        "araffe",
        "front"
    ],
    "metaclip": [
        0.2881278693675995,
        0.024783547967672348,
        0.6791703104972839,
        0.007918247021734715
    ],
    "clip": [
        0.50341796875,
        0.046112060546875,
        0.4306640625,
        0.0198211669921875
    ],
    "eva": [
        0.9131252765655518,
        0.0007742696907371283,
        0.0860941931605339,
        6.172986104502343e-06
    ]
}