{
    "captions": [
        "a picture",
        "the wall",
        "a person",
        "a pattern",
        "a room"
    ],
    "metaclip": [
        0.042390305548906326,
        0.08691871911287308,
        0.1017538458108902,
        0.7301682829856873,
        0.038768794387578964
    ],
    "clip": [
        0.230712890625,
        0.044708251953125,
        0.0091552734375,
        0.6572265625,
        0.058319091796875
    ],
    "eva": [
        0.8477522134780884,
        2.3425250219588634e-06,
        8.21368530523614e-07,
        0.15218563377857208,
        5.9042264183517545e-05
    ]
}