{
    "captions": [
        "a tree branch",
        "that",
        "the snow",
        "a bird"
    ],
    "metaclip": [
        0.0017522015841677785,
        0.002208489691838622,
        0.0532519705593586,
        0.9427873492240906
    ],
    "clip": [
        0.00385284423828125,
        0.0020618438720703125,
        0.149169921875,
        0.8447265625
    ],
    "eva": [
        4.754702409570655e-09,
        2.7309039296596893e-07,
        0.00010329733049729839,
        0.9998964071273804
    ]
}