{
    "captions": [
        "a red top",
        "arafed car",
        "a green field"
    ],
    "metaclip": [
        0.019464822486042976,
        0.9756671786308289,
        0.004868002142757177
    ],
    "clip": [
        0.00658416748046875,
        0.99267578125,
        0.0006833076477050781
    ],
    "eva": [
        0.07684790343046188,
        0.9231520891189575,
        6.677984831782169e-10
    ]
}