{
    "captions": [
        "the counter",
        "many glasses",
        "orange juice"
    ],
    "metaclip": [
        0.9673421382904053,
        0.027454311028122902,
        0.0052034747786819935
    ],
    "clip": [
        0.9150390625,
        0.0117950439453125,
        0.07281494140625
    ],
    "eva": [
        0.9998886585235596,
        0.00011125027958769351,
        7.210024932646775e-08
    ]
}