{
    "captions": [
        "painting",
        "a yellow truck",
        "huge tires",
        "a snowy day"
    ],
    "metaclip": [
        0.004753774497658014,
        0.5386378765106201,
        0.4565051794052124,
        0.00010317979467799887
    ],
    "clip": [
        0.0033321380615234375,
        0.2061767578125,
        0.79052734375,
        5.1021575927734375e-05
    ],
    "eva": [
        1.4666086123327204e-09,
        0.9628246426582336,
        0.03717530146241188,
        6.229050478548381e-14
    ]
}