{
    "captions": [
        "many circles",
        "a dog",
        "a picture",
        "a close"
    ],
    "metaclip": [
        0.7771342396736145,
        0.08173798769712448,
        0.11155202239751816,
        0.02957576885819435
    ],
    "clip": [
        0.576171875,
        0.17578125,
        0.208740234375,
        0.039215087890625
    ],
    "eva": [
        0.0006247211713343859,
        4.26172709921957e-06,
        0.999352753162384,
        1.8312661268282682e-05
    ]
}