{
    "captions": [
        "green eyes",
        "painting",
        "a cat",
        "a green background"
    ],
    "metaclip": [
        0.06621082127094269,
        0.014063769020140171,
        0.919180154800415,
        0.0005453322664834559
    ],
    "clip": [
        0.01363372802734375,
        0.0601806640625,
        0.79248046875,
        0.133544921875
    ],
    "eva": [
        0.00015997112495824695,
        7.536069119851163e-07,
        0.9998393058776855,
        5.101065403412264e-11
    ]
}