{
    "captions": [
        "a white background",
        "arafed duck",
        "sepia photograph"
    ],
    "metaclip": [
        0.0002544967283029109,
        0.9616774916648865,
        0.03806799277663231
    ],
    "clip": [
        0.001323699951171875,
        0.966796875,
        0.032073974609375
    ],
    "eva": [
        5.639627220083154e-12,
        0.9999982118606567,
        1.7353039538647863e-06
    ]
}