{
    "captions": [
        "painting",
        "a colorful butterfly",
        "a blue wing",
        "a pink tail"
    ],
    "metaclip": [
        0.5504764914512634,
        0.25722676515579224,
        0.11158210039138794,
        0.08071460574865341
    ],
    "clip": [
        0.101806640625,
        0.5419921875,
        0.349853515625,
        0.006610870361328125
    ],
    "eva": [
        0.32449525594711304,
        0.01669459417462349,
        0.6574129462242126,
        0.0013972066808491945
    ]
}