{
    "captions": [
        "a close",
        "a very large feather",
        "a turkey"
    ],
    "metaclip": [
        8.519210678059608e-05,
        0.0009251419687643647,
        0.9989896416664124
    ],
    "clip": [
        0.00027751922607421875,
        0.0020198822021484375,
        0.998046875
    ],
    "eva": [
        3.957465052276815e-13,
        4.943259135359312e-10,
        1.0
    ]
}