{
    "captions": [
        "a desk",
        "a keyboard",
        "a computer monitor"
    ],
    "metaclip": [
        0.5732384920120239,
        0.01834885962307453,
        0.4084126949310303
    ],
    "clip": [
        0.44287109375,
        0.023101806640625,
        0.5341796875
    ],
    "eva": [
        0.8313482403755188,
        1.6411253227488487e-06,
        0.16865010559558868
    ]
}