{
    "captions": [
        "the floor",
        "a shark",
        "that"
    ],
    "metaclip": [
        0.000523765163961798,
        0.9963094592094421,
        0.003166701178997755
    ],
    "clip": [
        0.00015592575073242188,
        0.99951171875,
        0.0004305839538574219
    ],
    "eva": [
        9.814890514773167e-16,
        1.0,
        1.3038593538183818e-09
    ]
}