{
    "captions": [
        "painting",
        "it",
        "the grass",
        "a bush",
        "a rabbit"
    ],
    "metaclip": [
        0.003791735740378499,
        0.00024745959672145545,
        0.003423339920118451,
        0.0007161914254538715,
        0.9918212890625
    ],
    "clip": [
        0.047027587890625,
        0.0007252693176269531,
        0.00626373291015625,
        0.0016088485717773438,
        0.9443359375
    ],
    "eva": [
        3.829099259888835e-09,
        3.503411172278703e-10,
        2.5485051569074102e-11,
        1.9104648418810655e-11,
        1.0
    ]
}