{
    "captions": [
        "a pattern",
        "a dog's face",
        "squares",
        "a close"
    ],
    "metaclip": [
        0.2778532803058624,
        0.013062193989753723,
        0.6822949051856995,
        0.02678961306810379
    ],
    "clip": [
        0.1077880859375,
        0.0233154296875,
        0.6708984375,
        0.1982421875
    ],
    "eva": [
        0.9063524007797241,
        0.034455347806215286,
        0.0400441437959671,
        0.019148049876093864
    ]
}