{
    "captions": [
        "a bear",
        "trees",
        "a forest",
        "painting",
        "grass"
    ],
    "metaclip": [
        0.984248697757721,
        0.0017031488241627812,
        0.01273861713707447,
        0.0008745029917918146,
        0.00043508660746738315
    ],
    "clip": [
        0.95947265625,
        0.007213592529296875,
        0.0243988037109375,
        0.00710296630859375,
        0.0017404556274414062
    ],
    "eva": [
        0.9999974966049194,
        4.879677217850542e-10,
        2.4599496555310907e-06,
        2.2358470977423828e-11,
        1.4590304875730653e-12
    ]
}