{
    "captions": [
        "trees",
        "painting",
        "a forest",
        "grass",
        "a bear"
    ],
    "metaclip": [
        0.0017031488241627812,
        0.0008745029917918146,
        0.01273861713707447,
        0.00043508660746738315,
        0.984248697757721
    ],
    "clip": [
        0.007213592529296875,
        0.00710296630859375,
        0.0243988037109375,
        0.0017404556274414062,
        0.95947265625
    ],
    "eva": [
        4.879677217850542e-10,
        2.2358470977423828e-11,
        2.4599496555310907e-06,
        1.4590304875730653e-12,
        0.9999974966049194
    ]
}