{
    "captions": [
        "painting",
        "a tree",
        "the water",
        "a boat"
    ],
    "metaclip": [
        0.05654946342110634,
        0.9404198527336121,
        0.0022017545998096466,
        0.0008289433317258954
    ],
    "clip": [
        0.331298828125,
        0.6591796875,
        0.006259918212890625,
        0.0034313201904296875
    ],
    "eva": [
        0.001793661154806614,
        0.998206377029419,
        3.783357307995949e-11,
        1.5373792239259387e-09
    ]
}