{
    "captions": [
        "painting",
        "a table",
        "a yellow duck",
        "a gray background"
    ],
    "metaclip": [
        0.00030725891701877117,
        0.0003758244274649769,
        0.9989232420921326,
        0.0003937186556868255
    ],
    "clip": [
        0.005924224853515625,
        0.0006051063537597656,
        0.98095703125,
        0.012542724609375
    ],
    "eva": [
        6.928869370620427e-13,
        4.337296919732815e-14,
        1.0,
        2.0350703815261856e-13
    ]
}