{
    "captions": [
        "a field",
        "a rabbit",
        "trees",
        "the background",
        "painting"
    ],
    "metaclip": [
        0.001416148035787046,
        0.9948688745498657,
        0.0003834772214759141,
        9.417880210094154e-05,
        0.003237338038161397
    ],
    "clip": [
        0.0023059844970703125,
        0.990234375,
        0.00044345855712890625,
        0.0024547576904296875,
        0.0048065185546875
    ],
    "eva": [
        9.790789706753955e-12,
        1.0,
        1.1314298497123836e-14,
        1.4355046014727368e-12,
        8.735050460728644e-10
    ]
}