{
    "captions": [
        "a branch",
        "the snow",
        "a bird",
        "that"
    ],
    "metaclip": [
        0.0028068169485777617,
        0.028573617339134216,
        0.9661874175071716,
        0.0024322224780917168
    ],
    "clip": [
        0.0023956298828125,
        0.12384033203125,
        0.873046875,
        0.0005474090576171875
    ],
    "eva": [
        4.863693447987316e-09,
        1.5251986042130738e-05,
        0.9999812841415405,
        3.426913735893322e-06
    ]
}