{
    "captions": [
        "a leaf",
        "butterflies",
        "a blurry background"
    ],
    "metaclip": [
        0.006435966584831476,
        0.9576760530471802,
        0.03588797152042389
    ],
    "clip": [
        0.008636474609375,
        0.9677734375,
        0.0231170654296875
    ],
    "eva": [
        5.947630299374396e-08,
        0.9999998807907104,
        6.241759820113657e-08
    ]
}