{
    "captions": [
        "a couch",
        "photograph",
        "a teddy bear"
    ],
    "metaclip": [
        0.016744442284107208,
        0.7439384460449219,
        0.2393171489238739
    ],
    "clip": [
        0.22314453125,
        0.62109375,
        0.15576171875
    ],
    "eva": [
        4.320707012084313e-05,
        0.9997774958610535,
        0.00017928244778886437
    ]
}