{
    "captions": [
        "the woods",
        "trees",
        "a green plastic animal"
    ],
    "metaclip": [
        0.5492443442344666,
        0.2685312032699585,
        0.18222449719905853
    ],
    "clip": [
        0.456787109375,
        0.2091064453125,
        0.334228515625
    ],
    "eva": [
        0.002905802335590124,
        0.000527464784681797,
        0.996566653251648
    ]
}