{
    "captions": [
        "painting",
        "a forest",
        "a rabbit",
        "a tree branch"
    ],
    "metaclip": [
        0.005570560228079557,
        0.000228343706112355,
        0.9938868880271912,
        0.0003141688066534698
    ],
    "clip": [
        0.061981201171875,
        0.01111602783203125,
        0.92529296875,
        0.0016393661499023438
    ],
    "eva": [
        3.077795129868832e-09,
        7.418203551434743e-11,
        1.0,
        3.0130935181789387e-13
    ]
}