{
    "captions": [
        "a man",
        "the background",
        "the ocean",
        "a shark swimming"
    ],
    "metaclip": [
        0.00010701605788199231,
        4.190241452306509e-05,
        0.0029050239827483892,
        0.9969460368156433
    ],
    "clip": [
        8.046627044677734e-06,
        0.00019800662994384766,
        0.0032196044921875,
        0.99609375
    ],
    "eva": [
        3.457907224446721e-11,
        1.7539394416010712e-12,
        6.98506497087692e-09,
        1.0
    ]
}