{
    "captions": [
        "the back",
        "painting",
        "a flat bed",
        "a large truck"
    ],
    "metaclip": [
        9.016747208079323e-05,
        0.0038663228042423725,
        0.04465451091527939,
        0.9513890147209167
    ],
    "clip": [
        4.0590763092041016e-05,
        0.0116119384765625,
        0.1873779296875,
        0.80126953125
    ],
    "eva": [
        1.4255135903618564e-14,
        3.704684203853503e-08,
        0.0009556235163472593,
        0.9990443587303162
    ]
}