{
    "captions": [
        "it",
        "a bird",
        "a book cover",
        "a close"
    ],
    "metaclip": [
        0.17896497249603271,
        0.5502309203147888,
        0.0771232470870018,
        0.1936808079481125
    ],
    "clip": [
        0.000736236572265625,
        0.2462158203125,
        0.73486328125,
        0.017974853515625
    ],
    "eva": [
        0.9049532413482666,
        0.07296577095985413,
        0.02166830375790596,
        0.00041265191975980997
    ]
}