{
    "captions": [
        "a red and white engine",
        "a racing car",
        "arafed photo"
    ],
    "metaclip": [
        0.251440167427063,
        0.7418878674507141,
        0.006671971641480923
    ],
    "clip": [
        0.022857666015625,
        0.6083984375,
        0.368896484375
    ],
    "eva": [
        0.00013657363888341933,
        0.9998633861541748,
        6.893827730891644e-08
    ]
}