{
    "captions": [
        "four horses",
        "a field"
    ],
    "metaclip": [
        0.48871514201164246,
        0.5112848281860352
    ],
    "clip": [
        0.74609375,
        0.25390625
    ],
    "eva": [
        0.5097941756248474,
        0.4902058243751526
    ]
}