{
    "captions": [
        "a wooden holder",
        "the floor",
        "many pens"
    ],
    "metaclip": [
        0.9446812272071838,
        0.01449922751635313,
        0.04081950709223747
    ],
    "clip": [
        0.97998046875,
        0.0146484375,
        0.005306243896484375
    ],
    "eva": [
        1.0,
        8.400427575772085e-11,
        1.1205506522671271e-09
    ]
}