{
    "captions": [
        "a fish",
        "a table",
        "painting",
        "a very long tail"
    ],
    "metaclip": [
        0.9850202798843384,
        0.0030725421383976936,
        0.010848425328731537,
        0.0010587419383227825
    ],
    "clip": [
        0.71728515625,
        0.004833221435546875,
        0.251708984375,
        0.0265350341796875
    ],
    "eva": [
        0.9999792575836182,
        1.6054405804766247e-08,
        8.488006528750702e-07,
        1.989829252124764e-05
    ]
}