{
    "captions": [
        "a rabbit",
        "front",
        "a forest",
        "painting",
        "the grass"
    ],
    "metaclip": [
        0.9872354865074158,
        9.955534915206954e-05,
        0.003687027608975768,
        0.004099407698959112,
        0.0048784660175442696
    ],
    "clip": [
        0.96044921875,
        0.0001646280288696289,
        0.01153564453125,
        0.019622802734375,
        0.007808685302734375
    ],
    "eva": [
        1.0,
        3.1072842215928986e-11,
        1.2409736349638933e-08,
        4.5562337902538275e-08,
        2.190350158193244e-11
    ]
}