{
    "captions": [
        "that",
        "a squirrel",
        "a tree trunk"
    ],
    "metaclip": [
        0.0006080362945795059,
        0.9936528205871582,
        0.005739156156778336
    ],
    "clip": [
        5.060434341430664e-05,
        0.9990234375,
        0.0010166168212890625
    ],
    "eva": [
        3.139585466604977e-11,
        1.0,
        3.457780906046537e-08
    ]
}