{
    "captions": [
        "a bridle",
        "head",
        "a brown horse",
        "it"
    ],
    "metaclip": [
        0.08022993057966232,
        0.052914369851350784,
        0.8658464550971985,
        0.0010092833545058966
    ],
    "clip": [
        0.58837890625,
        0.0008916854858398438,
        0.410888671875,
        1.1920928955078125e-06
    ],
    "eva": [
        0.03868576139211655,
        0.00012755226634908468,
        0.9611858129501343,
        8.89114915025857e-07
    ]
}