{
    "captions": [
        "a toothbrush",
        "it",
        "a wooden box"
    ],
    "metaclip": [
        0.11987185478210449,
        0.027478361502289772,
        0.8526497483253479
    ],
    "clip": [
        0.04144287109375,
        0.0003421306610107422,
        0.9580078125
    ],
    "eva": [
        1.42945637549019e-07,
        0.0020728730596601963,
        0.9979269504547119
    ]
}