{
    "captions": [
        "a bird",
        "a long tail",
        "a close"
    ],
    "metaclip": [
        0.9096362590789795,
        0.03924207016825676,
        0.05112169682979584
    ],
    "clip": [
        0.802734375,
        0.05377197265625,
        0.1439208984375
    ],
    "eva": [
        0.9999474287033081,
        1.1665352239731419e-08,
        5.255540236248635e-05
    ]
}