{
    "captions": [
        "a blurry background",
        "a duck",
        "a close"
    ],
    "metaclip": [
        0.015326504595577717,
        0.9841899275779724,
        0.00048356191837228835
    ],
    "clip": [
        0.050079345703125,
        0.94482421875,
        0.005115509033203125
    ],
    "eva": [
        3.67349972663078e-09,
        1.0,
        9.31096953010746e-12
    ]
}