{
    "captions": [
        "its feathers",
        "its mouth",
        "a turkey",
        "a close"
    ],
    "metaclip": [
        0.004551504272967577,
        0.0002382264647167176,
        0.995157778263092,
        5.247383887763135e-05
    ],
    "clip": [
        0.0079345703125,
        0.0007610321044921875,
        0.9912109375,
        0.000148773193359375
    ],
    "eva": [
        5.032778460645204e-08,
        2.1113735759747954e-12,
        1.0,
        5.832403570521505e-12
    ]
}