{
    "captions": [
        "its head",
        "a hat",
        "a collar"
    ],
    "metaclip": [
        0.9497200846672058,
        0.03500913828611374,
        0.015270720236003399
    ],
    "clip": [
        0.8232421875,
        0.1475830078125,
        0.0295257568359375
    ],
    "eva": [
        0.9993733763694763,
        9.15077471290715e-05,
        0.0005351108848117292
    ]
}