{
    "captions": [
        "a van",
        "a close",
        "a snowy field"
    ],
    "metaclip": [
        0.9969632029533386,
        0.0006287998403422534,
        0.002408005064353347
    ],
    "clip": [
        0.998046875,
        0.0001342296600341797,
        0.0017004013061523438
    ],
    "eva": [
        1.0,
        1.81353654316041e-09,
        1.8115779709670932e-11
    ]
}