{
    "captions": [
        "a horse",
        "a snowy road",
        "painting",
        "a sleigh"
    ],
    "metaclip": [
        0.8827571272850037,
        0.03310798481106758,
        0.0006852392107248306,
        0.08344965428113937
    ],
    "clip": [
        0.85986328125,
        0.0980224609375,
        0.0010976791381835938,
        0.040863037109375
    ],
    "eva": [
        0.8993681073188782,
        0.09944255650043488,
        2.4549955401909074e-09,
        0.0011892832117155194
    ]
}