{
    "captions": [
        "the snow",
        "that",
        "a bird",
        "a rock"
    ],
    "metaclip": [
        0.047321684658527374,
        0.005582122132182121,
        0.926178514957428,
        0.02091776207089424
    ],
    "clip": [
        0.1444091796875,
        0.0065460205078125,
        0.84423828125,
        0.004901885986328125
    ],
    "eva": [
        6.110157073635492e-07,
        2.6615480237524025e-06,
        0.9999967813491821,
        2.796810838479047e-10
    ]
}