{
    "captions": [
        "photograph",
        "the snow",
        "a black bear"
    ],
    "metaclip": [
        0.027598652988672256,
        0.31482380628585815,
        0.6575774550437927
    ],
    "clip": [
        0.268310546875,
        0.11810302734375,
        0.61376953125
    ],
    "eva": [
        0.9986346364021301,
        1.753999612219559e-07,
        0.0013652065536007285
    ]
}