{
    "captions": [
        "a dog's face",
        "arafed image",
        "a square pattern"
    ],
    "metaclip": [
        0.0010378281585872173,
        0.001507722889073193,
        0.9974544644355774
    ],
    "clip": [
        0.00630950927734375,
        0.05712890625,
        0.9365234375
    ],
    "eva": [
        9.511320968158543e-05,
        7.876949894125573e-06,
        0.9998970031738281
    ]
}