{
    "captions": [
        "a whale",
        "painting",
        "the water"
    ],
    "metaclip": [
        0.9840757250785828,
        0.013029313646256924,
        0.0028949708212167025
    ],
    "clip": [
        0.91845703125,
        0.07537841796875,
        0.00618743896484375
    ],
    "eva": [
        0.9999994039535522,
        5.958792144156178e-07,
        1.2345878486197392e-10
    ]
}