{
    "captions": [
        "a whale",
        "painting",
        "the water"
    ],
    "metaclip": [
        0.9898145198822021,
        0.006190456449985504,
        0.0039949920028448105
    ],
    "clip": [
        0.95166015625,
        0.04180908203125,
        0.00672149658203125
    ],
    "eva": [
        0.9999986886978149,
        1.3337947848413023e-06,
        7.6787269875922e-09
    ]
}