{
    "captions": [
        "painting",
        "a yellow bird",
        "a snowy hill"
    ],
    "metaclip": [
        0.0006252182647585869,
        0.994559109210968,
        0.004815665539354086
    ],
    "clip": [
        0.0033721923828125,
        0.9951171875,
        0.0016689300537109375
    ],
    "eva": [
        2.667045695403658e-09,
        1.0,
        1.9475129064971952e-08
    ]
}