{
    "captions": [
        "a cutting board",
        "a knife",
        "a counter",
        "a close"
    ],
    "metaclip": [
        0.9977547526359558,
        0.0019085151143372059,
        0.000300750631140545,
        3.598598777898587e-05
    ],
    "clip": [
        0.9990234375,
        0.0001633167266845703,
        0.0008559226989746094,
        6.198883056640625e-06
    ],
    "eva": [
        1.0,
        2.902578871699646e-11,
        1.1549750955977545e-12,
        4.1147536766761306e-12
    ]
}