{
    "captions": [
        "a wet suit",
        "a person",
        "a close"
    ],
    "metaclip": [
        0.9232624769210815,
        0.07001856714487076,
        0.006718952674418688
    ],
    "clip": [
        0.93359375,
        0.037933349609375,
        0.02862548828125
    ],
    "eva": [
        0.9994155168533325,
        5.497819802258164e-05,
        0.0005295883747749031
    ]
}