{
    "captions": [
        "an elephant",
        "painting",
        "a field",
        "tusks"
    ],
    "metaclip": [
        0.595679521560669,
        0.0019587918650358915,
        0.0003459452127572149,
        0.4020157754421234
    ],
    "clip": [
        0.921875,
        0.01537322998046875,
        1.9609928131103516e-05,
        0.062744140625
    ],
    "eva": [
        0.9992589354515076,
        2.1687969820050057e-07,
        2.289660431739615e-12,
        0.0007408082019537687
    ]
}