{
    "captions": [
        "blurry photo",
        "a street",
        "a train"
    ],
    "metaclip": [
        0.44482678174972534,
        0.49906691908836365,
        0.0561063252389431
    ],
    "clip": [
        0.900390625,
        0.0152587890625,
        0.083740234375
    ],
    "eva": [
        0.965678334236145,
        0.034314945340156555,
        6.838908575446112e-06
    ]
}