{
    "captions": [
        "a pattern",
        "a dog",
        "arafed image",
        "a pink background"
    ],
    "metaclip": [
        0.06663554161787033,
        0.907315194606781,
        0.0028586089611053467,
        0.023190699517726898
    ],
    "clip": [
        0.050079345703125,
        0.75927734375,
        0.0184326171875,
        0.172119140625
    ],
    "eva": [
        0.0020047868601977825,
        0.9977478384971619,
        2.8647629733313806e-05,
        0.00021871099306736141
    ]
}