{
    "captions": [
        "a painting",
        "the ocean",
        "a whale swimming",
        "a white and black whale"
    ],
    "metaclip": [
        0.0006220096256583929,
        0.007819107733666897,
        0.1386636346578598,
        0.8528952598571777
    ],
    "clip": [
        0.006977081298828125,
        0.008026123046875,
        0.2274169921875,
        0.75732421875
    ],
    "eva": [
        3.9403433294005197e-10,
        2.5473099185546744e-07,
        0.002194528467953205,
        0.9978051781654358
    ]
}