{
    "captions": [
        "a small yellow and black bug",
        "the ground"
    ],
    "metaclip": [
        0.7317705154418945,
        0.26822948455810547
    ],
    "clip": [
        0.9990234375,
        0.0013895034790039062
    ],
    "eva": [
        1.0,
        2.98311220170433e-09
    ]
}