{
    "captions": [
        "a small rabbit",
        "the beach",
        "the ocean"
    ],
    "metaclip": [
        0.9938011765480042,
        0.0029509994201362133,
        0.0032478708308190107
    ],
    "clip": [
        0.9951171875,
        0.004261016845703125,
        0.0008392333984375
    ],
    "eva": [
        0.9999865293502808,
        1.3435275832307525e-05,
        5.394770141720073e-08
    ]
}