{
    "captions": [
        "a small bird",
        "a branch",
        "a tree"
    ],
    "metaclip": [
        0.9735731482505798,
        0.02260921709239483,
        0.003817671677097678
    ],
    "clip": [
        0.97509765625,
        0.0187225341796875,
        0.005710601806640625
    ],
    "eva": [
        0.9999974966049194,
        2.5141198420897126e-06,
        6.151762210748757e-09
    ]
}