{
    "captions": [
        "a painting",
        "a red race car",
        "a close",
        "a field"
    ],
    "metaclip": [
        0.0010589861776679754,
        0.995495080947876,
        0.0005863936385139823,
        0.002859491854906082
    ],
    "clip": [
        0.058197021484375,
        0.93896484375,
        0.0015268325805664062,
        0.0012264251708984375
    ],
    "eva": [
        4.056622060488735e-07,
        0.9999921321868896,
        1.1768437957471178e-07,
        7.351624390139477e-06
    ]
}