{
    "captions": [
        "a blue sky background",
        "painting",
        "a flower",
        "a hummingbird"
    ],
    "metaclip": [
        1.2330719982855953e-05,
        0.021135007962584496,
        0.0025630237068980932,
        0.976289689540863
    ],
    "clip": [
        0.00036406517028808594,
        0.0933837890625,
        0.006557464599609375,
        0.89990234375
    ],
    "eva": [
        3.183866193896801e-15,
        4.539041853490744e-08,
        1.368082869213083e-10,
        1.0
    ]
}