{
    "captions": [
        "a monster truck",
        "painting",
        "huge tires",
        "a beach"
    ],
    "metaclip": [
        0.9927696585655212,
        0.0011053855996578932,
        0.006067306734621525,
        5.760434578405693e-05
    ],
    "clip": [
        0.95947265625,
        0.01116943359375,
        0.0294342041015625,
        0.00011038780212402344
    ],
    "eva": [
        0.9999932050704956,
        9.031124459379924e-11,
        6.828766800026642e-06,
        4.827483356638351e-13
    ]
}