{
    "captions": [
        "the field",
        "the grass",
        "a turkey"
    ],
    "metaclip": [
        2.775096618279349e-05,
        3.991659468738362e-05,
        0.9999322891235352
    ],
    "clip": [
        0.0007915496826171875,
        0.0003886222839355469,
        0.9990234375
    ],
    "eva": [
        4.738394633531807e-15,
        1.261407055468556e-14,
        1.0
    ]
}