{
    "captions": [
        "a tree",
        "a road",
        "painting",
        "a sky background"
    ],
    "metaclip": [
        0.956913948059082,
        0.000715714821126312,
        0.04205003380775452,
        0.0003202987718395889
    ],
    "clip": [
        0.89990234375,
        0.0025882720947265625,
        0.079833984375,
        0.018096923828125
    ],
    "eva": [
        1.0,
        3.41033007389413e-10,
        5.935731550721357e-08,
        1.0540725488071789e-16
    ]
}