{
    "captions": [
        "that",
        "a squirrel",
        "a tree trunk"
    ],
    "metaclip": [
        0.00024157503503374755,
        0.9978609681129456,
        0.0018974874401465058
    ],
    "clip": [
        1.1920928955078125e-05,
        0.99853515625,
        0.0016231536865234375
    ],
    "eva": [
        2.6873780978320383e-10,
        1.0,
        1.5446730117218976e-08
    ]
}