{
    "captions": [
        "painting",
        "a pink head",
        "a rooster",
        "a red beak"
    ],
    "metaclip": [
        0.00046261693933047354,
        0.0007422253838740289,
        0.9942703247070312,
        0.004524880088865757
    ],
    "clip": [
        0.0229949951171875,
        0.0006833076477050781,
        0.96240234375,
        0.0143890380859375
    ],
    "eva": [
        1.51382670288136e-10,
        1.8926274947261845e-07,
        0.9999997615814209,
        1.0460691868274807e-08
    ]
}