{
    "captions": [
        "a person",
        "arafed image",
        "the ocean"
    ],
    "metaclip": [
        0.007405305281281471,
        0.007580758072435856,
        0.9850139021873474
    ],
    "clip": [
        0.01534271240234375,
        0.61279296875,
        0.371826171875
    ],
    "eva": [
        1.9816205167444423e-05,
        0.0017833353485912085,
        0.9981967806816101
    ]
}