{
    "captions": [
        "a man",
        "a bear",
        "the snow"
    ],
    "metaclip": [
        0.0013217071536928415,
        0.992913544178009,
        0.005764815025031567
    ],
    "clip": [
        0.00036072731018066406,
        0.99462890625,
        0.005218505859375
    ],
    "eva": [
        3.497297562660151e-09,
        1.0,
        1.562573404001455e-09
    ]
}