{
    "captions": [
        "painting",
        "a hummingbird",
        "the sky",
        "a rainbow colored wing"
    ],
    "metaclip": [
        0.009091222658753395,
        0.5301573872566223,
        0.00042193825356662273,
        0.46032947301864624
    ],
    "clip": [
        0.1275634765625,
        0.32568359375,
        0.0012121200561523438,
        0.54541015625
    ],
    "eva": [
        5.702885346181574e-07,
        0.9996218681335449,
        1.871495071816085e-14,
        0.00037749731563962996
    ]
}