{
    "captions": [
        "the snow",
        "that",
        "a bird"
    ],
    "metaclip": [
        0.015067877247929573,
        0.001339969807304442,
        0.98359215259552
    ],
    "clip": [
        0.2115478515625,
        0.0022430419921875,
        0.78564453125
    ],
    "eva": [
        2.6424877432873473e-06,
        2.7373998818802647e-06,
        0.9999946355819702
    ]
}