{
    "captions": [
        "a stuffed rabbit",
        "a bow",
        "its head",
        "a close"
    ],
    "metaclip": [
        0.978133499622345,
        0.0037832334637641907,
        0.015787335112690926,
        0.0022960088681429625
    ],
    "clip": [
        0.98828125,
        0.007312774658203125,
        0.004367828369140625,
        0.0002684593200683594
    ],
    "eva": [
        1.0,
        3.4964217632271755e-10,
        3.0018977754953102e-12,
        4.5569762698559335e-14
    ]
}