{
    "captions": [
        "the grass",
        "a stick",
        "its mouth"
    ],
    "metaclip": [
        0.03140021860599518,
        0.040353525429964066,
        0.928246259689331
    ],
    "clip": [
        0.0369873046875,
        0.0238800048828125,
        0.93896484375
    ],
    "eva": [
        4.124131702809564e-09,
        5.044744284532499e-07,
        0.9999995231628418
    ]
}