{
    "captions": [
        "a close",
        "a blue sky",
        "a tree",
        "the background",
        "a coral reef"
    ],
    "metaclip": [
        0.0019972671288996935,
        0.0006857870612293482,
        0.11408151686191559,
        0.0014795197639614344,
        0.8817559480667114
    ],
    "clip": [
        0.00664520263671875,
        0.0010766983032226562,
        0.032196044921875,
        0.00415802001953125,
        0.9560546875
    ],
    "eva": [
        2.9002000800915084e-10,
        1.9753338233782086e-13,
        0.0001680113491602242,
        6.292630262347276e-13,
        0.9998319149017334
    ]
}