{
    "captions": [
        "a whale",
        "it",
        "the ocean",
        "a wave",
        "painting"
    ],
    "metaclip": [
        0.9668459892272949,
        0.0013501107459887862,
        0.022420812398195267,
        0.005675955209881067,
        0.0037071416154503822
    ],
    "clip": [
        0.93115234375,
        0.0005106925964355469,
        0.02294921875,
        0.01306915283203125,
        0.032867431640625
    ],
    "eva": [
        0.9999983310699463,
        2.5812617820974992e-08,
        6.269542041081877e-07,
        9.958837381418562e-07,
        1.0589295662555287e-08
    ]
}