{
    "captions": [
        "a motorcycle",
        "that",
        "a picture"
    ],
    "metaclip": [
        0.9930787682533264,
        0.0030129458755254745,
        0.003908192273229361
    ],
    "clip": [
        0.998046875,
        0.0003509521484375,
        0.0015478134155273438
    ],
    "eva": [
        0.9999997615814209,
        7.965823556332907e-08,
        8.430647113755185e-08
    ]
}