{
    "captions": [
        "the snow",
        "that",
        "a bird"
    ],
    "metaclip": [
        0.08659497648477554,
        0.005952269304543734,
        0.9074527025222778
    ],
    "clip": [
        0.474609375,
        0.0038890838623046875,
        0.521484375
    ],
    "eva": [
        6.731743269483559e-06,
        1.235167928825831e-06,
        0.9999921321868896
    ]
}