{
    "captions": [
        "face",
        "it",
        "a dog",
        "a close",
        "a very big smile"
    ],
    "metaclip": [
        0.07561834156513214,
        0.003555377246811986,
        0.8444082140922546,
        0.01371908187866211,
        0.06269900500774384
    ],
    "clip": [
        0.01416015625,
        0.01259613037109375,
        0.9326171875,
        0.017486572265625,
        0.022979736328125
    ],
    "eva": [
        0.0011169218923896551,
        2.723811485338956e-05,
        0.9988540410995483,
        1.5493242244701833e-06,
        1.900259718468078e-07
    ]
}