{
    "captions": [
        "a tiled surface",
        "a blue background",
        "a fish",
        "a close"
    ],
    "metaclip": [
        0.7605820894241333,
        0.001616904977709055,
        0.23589250445365906,
        0.0019085949752479792
    ],
    "clip": [
        0.1287841796875,
        0.0294189453125,
        0.83984375,
        0.001453399658203125
    ],
    "eva": [
        3.7776611861772835e-05,
        2.287997916128326e-11,
        0.9999622106552124,
        4.83640327786361e-09
    ]
}