{
    "captions": [
        "a camera",
        "a close",
        "a white background",
        "a lens"
    ],
    "metaclip": [
        0.8491310477256775,
        0.004788191523402929,
        0.011384353041648865,
        0.134696364402771
    ],
    "clip": [
        0.869140625,
        0.005767822265625,
        0.01111602783203125,
        0.114013671875
    ],
    "eva": [
        0.9991647005081177,
        6.77156941630841e-11,
        8.097654990990577e-09,
        0.0008353607845492661
    ]
}