{
    "captions": [
        "a miniature model",
        "a miniature train",
        "a picture"
    ],
    "metaclip": [
        0.5390965342521667,
        0.021085312590003014,
        0.4398181736469269
    ],
    "clip": [
        0.2308349609375,
        0.197509765625,
        0.5712890625
    ],
    "eva": [
        1.5018172816461117e-10,
        4.03912493729397e-12,
        1.0
    ]
}