{
    "captions": [
        "a blurry background",
        "a leaf"
    ],
    "metaclip": [
        0.6777306795120239,
        0.3222693204879761
    ],
    "clip": [
        0.88720703125,
        0.11279296875
    ],
    "eva": [
        0.8807676434516907,
        0.11923236399888992
    ]
}