{
    "captions": [
        "a camera",
        "a blue lens",
        "a close",
        "a white background"
    ],
    "metaclip": [
        0.9899561405181885,
        0.0077666607685387135,
        0.0016607829602435231,
        0.0006163826328702271
    ],
    "clip": [
        0.97705078125,
        0.0173492431640625,
        0.00060272216796875,
        0.004741668701171875
    ],
    "eva": [
        0.9999969005584717,
        3.0474900540866656e-06,
        1.6290599091917102e-08,
        2.3632441781273883e-08
    ]
}