{
    "captions": [
        "a flower",
        "the woods",
        "it",
        "a green vase"
    ],
    "metaclip": [
        0.278158962726593,
        0.4539342224597931,
        0.21531879901885986,
        0.052588000893592834
    ],
    "clip": [
        0.08355712890625,
        0.63671875,
        0.00989532470703125,
        0.26953125
    ],
    "eva": [
        0.49822866916656494,
        0.002030321629717946,
        0.00025450289831496775,
        0.4994865655899048
    ]
}