{
    "captions": [
        "painting",
        "the grass",
        "trees",
        "the background",
        "a white rabbit"
    ],
    "metaclip": [
        0.00012882566079497337,
        0.00038931117160245776,
        2.4002327336347662e-05,
        9.209754352923483e-06,
        0.9994487166404724
    ],
    "clip": [
        0.0028743743896484375,
        0.004245758056640625,
        0.0001659393310546875,
        0.0009627342224121094,
        0.99169921875
    ],
    "eva": [
        4.643540665373071e-14,
        6.890600503378641e-12,
        3.21261928315672e-17,
        9.57262426878186e-15,
        1.0
    ]
}