{
    "captions": [
        "butterfly",
        "yellow and black wings",
        "blue background"
    ],
    "metaclip": [
        0.9946097135543823,
        0.005069761537015438,
        0.00032048937282525003
    ],
    "clip": [
        0.9892578125,
        0.002651214599609375,
        0.00817108154296875
    ],
    "eva": [
        1.0,
        4.3548019357242396e-11,
        4.5553767328383385e-14
    ]
}