{
    "captions": [
        "painting",
        "a killer whale",
        "the water"
    ],
    "metaclip": [
        0.00030885852174833417,
        0.9995718598365784,
        0.0001192321433336474
    ],
    "clip": [
        0.0005884170532226562,
        0.9990234375,
        0.00030040740966796875
    ],
    "eva": [
        2.6692812456902137e-12,
        1.0,
        9.179366251485521e-13
    ]
}