{
    "captions": [
        "arafed photo",
        "a motorcycle",
        "a pattern",
        "it"
    ],
    "metaclip": [
        0.0002553466474637389,
        0.9930962920188904,
        0.006402348168194294,
        0.00024599203607067466
    ],
    "clip": [
        0.0012645721435546875,
        0.9990234375,
        3.55839729309082e-05,
        2.6226043701171875e-05
    ],
    "eva": [
        1.2867873433464183e-10,
        0.9999985694885254,
        1.0853605090233032e-06,
        3.51611703308663e-07
    ]
}