{
    "captions": [
        "a wall",
        "squares",
        "a person",
        "arafed image",
        "front"
    ],
    "metaclip": [
        0.0014025685377418995,
        0.9751505851745605,
        0.0069758351892232895,
        0.0077438317239284515,
        0.00872724037617445
    ],
    "clip": [
        0.00334930419921875,
        0.67431640625,
        0.003246307373046875,
        0.318359375,
        0.0009226799011230469
    ],
    "eva": [
        0.00014187340275384486,
        0.999749481678009,
        5.6660613978465335e-08,
        4.042980890517356e-06,
        0.00010451376874698326
    ]
}