{
    "captions": [
        "painting",
        "a colorful background",
        "flight",
        "a hummingbird"
    ],
    "metaclip": [
        0.012672949582338333,
        0.0008725209045223892,
        0.004002015106379986,
        0.9824525117874146
    ],
    "clip": [
        0.021453857421875,
        0.003448486328125,
        0.0189361572265625,
        0.9560546875
    ],
    "eva": [
        3.0673473361275683e-07,
        7.446360861251833e-09,
        9.083471042004021e-08,
        0.9999996423721313
    ]
}