{
    "captions": [
        "a train",
        "arafed view",
        "a track",
        "a sky background"
    ],
    "metaclip": [
        0.16678284108638763,
        0.028119811788201332,
        0.4817054867744446,
        0.3233919143676758
    ],
    "clip": [
        0.2412109375,
        0.119384765625,
        0.429931640625,
        0.20947265625
    ],
    "eva": [
        0.020951539278030396,
        7.77445820858702e-05,
        0.9788047075271606,
        0.00016599260561633855
    ]
}