{
    "captions": [
        "open mouth",
        "a table",
        "arafed dog",
        "a laptop"
    ],
    "metaclip": [
        0.654857337474823,
        0.003649758640676737,
        0.33970049023628235,
        0.0017923900159075856
    ],
    "clip": [
        0.062255859375,
        0.006717681884765625,
        0.91455078125,
        0.0162353515625
    ],
    "eva": [
        0.0007008470711298287,
        6.064015067863693e-09,
        0.999299168586731,
        2.8028061649365554e-08
    ]
}