{
    "captions": [
        "a green background",
        "a close",
        "a colorful butterfly"
    ],
    "metaclip": [
        0.0009295984054915607,
        0.0019646333530545235,
        0.9971057772636414
    ],
    "clip": [
        0.0021152496337890625,
        0.00045037269592285156,
        0.99755859375
    ],
    "eva": [
        1.0049067596118195e-14,
        2.239834186179568e-12,
        1.0
    ]
}