{
    "captions": [
        "a pattern",
        "a close",
        "a dog's face",
        "the background"
    ],
    "metaclip": [
        0.06336378306150436,
        0.005145446863025427,
        0.9279717206954956,
        0.0035191175993531942
    ],
    "clip": [
        0.01442718505859375,
        0.0016698837280273438,
        0.97998046875,
        0.00379180908203125
    ],
    "eva": [
        6.793248758185655e-05,
        4.142997624967393e-07,
        0.9999314546585083,
        1.7086051684600534e-07
    ]
}