{
    "captions": [
        "yellow spots",
        "wings"
    ],
    "metaclip": [
        0.031286753714084625,
        0.9687132239341736
    ],
    "clip": [
        0.0177154541015625,
        0.98291015625
    ],
    "eva": [
        1.0441477797940024e-06,
        0.999998927116394
    ]
}