{
    "captions": [
        "a knife",
        "it",
        "a wooden cutting board"
    ],
    "metaclip": [
        0.0036426368169486523,
        0.006262514740228653,
        0.9900949001312256
    ],
    "clip": [
        0.00015115737915039062,
        4.172325134277344e-07,
        1.0
    ],
    "eva": [
        7.854827031861245e-12,
        1.4475806621103149e-12,
        1.0
    ]
}