{
    "captions": [
        "the floor",
        "the camera",
        "a cat",
        "that"
    ],
    "metaclip": [
        0.0022812471725046635,
        0.0034160311333835125,
        0.9698542356491089,
        0.024448465555906296
    ],
    "clip": [
        0.003673553466796875,
        0.00518035888671875,
        0.9873046875,
        0.0037326812744140625
    ],
    "eva": [
        9.615865742551577e-11,
        6.674746311219337e-10,
        1.0,
        1.5091755400931106e-08
    ]
}