{
    "captions": [
        "painting",
        "a dolphin swimming",
        "the ocean",
        "a pink background"
    ],
    "metaclip": [
        0.002559236017987132,
        0.9711704254150391,
        0.019993729889392853,
        0.006276611238718033
    ],
    "clip": [
        0.018280029296875,
        0.90869140625,
        0.01380157470703125,
        0.05902099609375
    ],
    "eva": [
        1.8167774840094353e-08,
        0.9999996423721313,
        3.1035565228876294e-08,
        3.7589313706121175e-07
    ]
}