{
    "captions": [
        "a green flower",
        "a close",
        "a plant"
    ],
    "metaclip": [
        0.622690737247467,
        0.018761035054922104,
        0.35854822397232056
    ],
    "clip": [
        0.3779296875,
        0.00848388671875,
        0.61376953125
    ],
    "eva": [
        0.6121991276741028,
        1.218316469930869e-07,
        0.38780075311660767
    ]
}