{
    "captions": [
        "a clock",
        "it",
        "a building",
        "a picture"
    ],
    "metaclip": [
        0.014409119263291359,
        0.04251205176115036,
        0.439380019903183,
        0.5036988854408264
    ],
    "clip": [
        0.0204925537109375,
        0.00010752677917480469,
        0.35205078125,
        0.62744140625
    ],
    "eva": [
        4.1854158894238935e-07,
        0.00014011855819262564,
        8.577243715990335e-05,
        0.9997736811637878
    ]
}