{
    "captions": [
        "a horse",
        "a tile",
        "it",
        "a close"
    ],
    "metaclip": [
        0.013109030202031136,
        0.9666555523872375,
        0.009884331375360489,
        0.010350987315177917
    ],
    "clip": [
        0.01061248779296875,
        0.98583984375,
        0.00010907649993896484,
        0.0034999847412109375
    ],
    "eva": [
        2.611852778500179e-07,
        0.9995551705360413,
        0.00044445795356296003,
        8.452962418914467e-08
    ]
}