{
    "captions": [
        "a duck",
        "that",
        "the water"
    ],
    "metaclip": [
        0.9992971420288086,
        0.00048628452350385487,
        0.00021654814190696925
    ],
    "clip": [
        0.9921875,
        0.0032596588134765625,
        0.00438690185546875
    ],
    "eva": [
        1.0,
        2.7961372106588556e-10,
        1.427293714803806e-14
    ]
}