{
    "captions": [
        "a blanket",
        "a blue bird",
        "arafed image",
        "a cat"
    ],
    "metaclip": [
        0.1129944697022438,
        0.006875623483210802,
        0.852759838104248,
        0.02737007476389408
    ],
    "clip": [
        0.06561279296875,
        0.040435791015625,
        0.81201171875,
        0.0816650390625
    ],
    "eva": [
        0.9938632249832153,
        0.004241101443767548,
        0.0017745825462043285,
        0.000121116972877644
    ]
}