{
    "captions": [
        "that",
        "a sidewalk",
        "a large animal"
    ],
    "metaclip": [
        0.19294098019599915,
        0.002960368525236845,
        0.8040987253189087
    ],
    "clip": [
        0.054779052734375,
        0.00396728515625,
        0.94140625
    ],
    "eva": [
        0.04770556092262268,
        1.7112975569943956e-07,
        0.9522941708564758
    ]
}