{
    "captions": [
        "the water",
        "a shark",
        "that"
    ],
    "metaclip": [
        5.802548912470229e-05,
        0.9997989535331726,
        0.0001430101110599935
    ],
    "clip": [
        0.0006561279296875,
        0.9990234375,
        0.0005974769592285156
    ],
    "eva": [
        4.727908602814024e-13,
        1.0,
        1.2395293125244677e-10
    ]
}