{
    "captions": [
        "the water",
        "that",
        "a shark"
    ],
    "metaclip": [
        5.802548912470229e-05,
        0.0001430101110599935,
        0.9997989535331726
    ],
    "clip": [
        0.0006561279296875,
        0.0005974769592285156,
        0.9990234375
    ],
    "eva": [
        4.727908602814024e-13,
        1.2395293125244677e-10,
        1.0
    ]
}