{
    "captions": [
        "a snow ball",
        "the snow",
        "a crab",
        "that"
    ],
    "metaclip": [
        0.08914823085069656,
        0.010235365480184555,
        0.9003240466117859,
        0.00029230088694021106
    ],
    "clip": [
        0.372802734375,
        0.1173095703125,
        0.50927734375,
        0.0004432201385498047
    ],
    "eva": [
        7.216839321699808e-07,
        1.6625915089107934e-09,
        0.9999992847442627,
        1.8897390319239094e-09
    ]
}