{
    "captions": [
        "a blurry photo",
        "a mustache",
        "its head",
        "arafed duck"
    ],
    "metaclip": [
        0.029469717293977737,
        0.005521649960428476,
        0.029804816469550133,
        0.9352037906646729
    ],
    "clip": [
        0.0033550262451171875,
        0.00016057491302490234,
        0.006366729736328125,
        0.990234375
    ],
    "eva": [
        1.840711433942488e-06,
        3.865665565427889e-09,
        5.610253239751728e-08,
        0.9999980926513672
    ]
}