{
    "captions": [
        "a cow",
        "a blurry picture",
        "a field"
    ],
    "metaclip": [
        0.7564923167228699,
        0.23937033116817474,
        0.004137317184358835
    ],
    "clip": [
        0.11749267578125,
        0.8818359375,
        0.0005526542663574219
    ],
    "eva": [
        0.9327926635742188,
        0.0672064945101738,
        8.911852660276054e-07
    ]
}