{
    "captions": [
        "a pink background",
        "a butterfly",
        "a close"
    ],
    "metaclip": [
        0.011420665308833122,
        0.9821382761001587,
        0.0064410376362502575
    ],
    "clip": [
        0.002285003662109375,
        0.9970703125,
        0.0005021095275878906
    ],
    "eva": [
        3.722893937574412e-10,
        1.0,
        4.333697636860201e-11
    ]
}