{
    "captions": [
        "a tile",
        "that",
        "a butterfly"
    ],
    "metaclip": [
        0.5195867419242859,
        0.003293368499726057,
        0.4771198332309723
    ],
    "clip": [
        0.60009765625,
        0.00030922889709472656,
        0.399658203125
    ],
    "eva": [
        0.008806593716144562,
        1.052050947691896e-06,
        0.9911922812461853
    ]
}