{
    "captions": [
        "open water",
        "open mouth",
        "arafed shark",
        "mouth"
    ],
    "metaclip": [
        0.002100240206345916,
        0.015522610396146774,
        0.9765158295631409,
        0.0058612762950360775
    ],
    "clip": [
        0.001766204833984375,
        0.006069183349609375,
        0.9892578125,
        0.0030517578125
    ],
    "eva": [
        8.045428212533068e-11,
        1.2619828515525455e-09,
        1.0,
        3.8902243204574916e-08
    ]
}