{
    "captions": [
        "a dog",
        "it",
        "face",
        "a close",
        "a diamond pattern"
    ],
    "metaclip": [
        0.02439483255147934,
        0.013418484479188919,
        0.15641851723194122,
        0.020082686096429825,
        0.7856855392456055
    ],
    "clip": [
        0.93505859375,
        0.00201416015625,
        0.00556182861328125,
        0.0031681060791015625,
        0.054443359375
    ],
    "eva": [
        0.002493408741429448,
        0.6401824951171875,
        0.34404417872428894,
        0.013137693516910076,
        0.00014227711653802544
    ]
}