{
    "captions": [
        "a bear",
        "that",
        "the woods"
    ],
    "metaclip": [
        0.9950326681137085,
        0.0005759425112046301,
        0.00439138850197196
    ],
    "clip": [
        0.9814453125,
        0.0004940032958984375,
        0.01824951171875
    ],
    "eva": [
        0.9999997615814209,
        2.0395843347564835e-10,
        2.1464983035457408e-07
    ]
}