{
    "captions": [
        "a blue surface",
        "a butterfly",
        "a close"
    ],
    "metaclip": [
        0.0005715129664167762,
        0.996020495891571,
        0.0034079651813954115
    ],
    "clip": [
        0.0019474029541015625,
        0.9931640625,
        0.004528045654296875
    ],
    "eva": [
        1.8906774203967386e-13,
        1.0,
        9.264171374478991e-11
    ]
}