{
    "captions": [
        "a colorful background",
        "a butterfly",
        "a painting"
    ],
    "metaclip": [
        0.011386092752218246,
        0.965998113155365,
        0.02261580526828766
    ],
    "clip": [
        0.01039886474609375,
        0.95068359375,
        0.03863525390625
    ],
    "eva": [
        1.8340182705856023e-09,
        1.0,
        2.3441629082299187e-08
    ]
}