{
    "captions": [
        "a horse",
        "painting",
        "grass",
        "a field"
    ],
    "metaclip": [
        0.9583024978637695,
        0.032321490347385406,
        0.005015681963413954,
        0.00436043506488204
    ],
    "clip": [
        0.89453125,
        0.0987548828125,
        0.00293731689453125,
        0.004077911376953125
    ],
    "eva": [
        0.9999998807907104,
        1.6738738395360997e-07,
        1.6375384603861676e-08,
        3.2674705163771023e-09
    ]
}