{
    "captions": [
        "a close",
        "a very large antelope's head",
        "a deer"
    ],
    "metaclip": [
        0.0019350027432665229,
        0.13531047105789185,
        0.8627545237541199
    ],
    "clip": [
        0.00506591796875,
        0.02960205078125,
        0.96533203125
    ],
    "eva": [
        2.2919641740060115e-09,
        4.3570770458245534e-07,
        0.9999995231628418
    ]
}