{
    "captions": [
        "a blue sky",
        "a bicycle",
        "a white background",
        "a close"
    ],
    "metaclip": [
        1.8627562894835137e-05,
        0.9988514184951782,
        0.000323069078149274,
        0.000806863943580538
    ],
    "clip": [
        7.569789886474609e-06,
        0.99951171875,
        0.0002415180206298828,
        7.480382919311523e-05
    ],
    "eva": [
        5.432513146334762e-15,
        1.0,
        3.100827700077552e-13,
        4.376527265592678e-11
    ]
}