{
    "captions": [
        "a small rabbit",
        "the beach",
        "the water"
    ],
    "metaclip": [
        0.994356095790863,
        0.005049999337643385,
        0.0005939238471910357
    ],
    "clip": [
        0.9921875,
        0.007228851318359375,
        0.00046944618225097656
    ],
    "eva": [
        0.9999998807907104,
        7.035610849470686e-08,
        9.989375862953787e-13
    ]
}