{
    "captions": [
        "a colorful background",
        "a dog",
        "arafed image"
    ],
    "metaclip": [
        0.03994176536798477,
        0.9566051959991455,
        0.003452960168942809
    ],
    "clip": [
        0.024322509765625,
        0.7333984375,
        0.241943359375
    ],
    "eva": [
        0.00014055505744181573,
        0.9998587369918823,
        6.331826511996042e-07
    ]
}