{
    "captions": [
        "a wet suit",
        "a person",
        "water",
        "a close"
    ],
    "metaclip": [
        0.7896047830581665,
        0.15152589976787567,
        0.04999997094273567,
        0.008869326673448086
    ],
    "clip": [
        0.86474609375,
        0.00847625732421875,
        0.118896484375,
        0.007965087890625
    ],
    "eva": [
        0.16111157834529877,
        5.153751408215612e-05,
        0.8386693596839905,
        0.0001675292878644541
    ]
}