{
    "captions": [
        "a rabbit",
        "painting",
        "the grass",
        "a tree"
    ],
    "metaclip": [
        0.99665367603302,
        0.0024884329177439213,
        0.0007627137238159776,
        9.510496602160856e-05
    ],
    "clip": [
        0.9873046875,
        0.00983428955078125,
        0.002193450927734375,
        0.0001614093780517578
    ],
    "eva": [
        1.0,
        4.164295575037613e-09,
        2.1163691459047396e-12,
        2.8863334790817097e-13
    ]
}