{
    "captions": [
        "many wooden books",
        "a vase",
        "a table",
        "flowers"
    ],
    "metaclip": [
        0.035718873143196106,
        0.12006530165672302,
        0.8174014687538147,
        0.02681431919336319
    ],
    "clip": [
        0.457763671875,
        0.06195068359375,
        0.479736328125,
        0.0003654956817626953
    ],
    "eva": [
        0.0011444935807958245,
        5.622186108666938e-06,
        0.9987332224845886,
        0.00011668035585898906
    ]
}