{
    "captions": [
        "two sharks",
        "the ocean"
    ],
    "metaclip": [
        0.9994301199913025,
        0.0005698908353224397
    ],
    "clip": [
        0.97021484375,
        0.029754638671875
    ],
    "eva": [
        0.9999998807907104,
        7.31508293938532e-08
    ]
}