{
    "captions": [
        "a camera",
        "the ocean",
        "a shark swimming"
    ],
    "metaclip": [
        2.5263725547119975e-05,
        0.0020928450394421816,
        0.9978819489479065
    ],
    "clip": [
        9.500980377197266e-05,
        0.004070281982421875,
        0.99609375
    ],
    "eva": [
        1.3224470997441617e-11,
        5.931639623923957e-10,
        1.0
    ]
}