{
    "captions": [
        "arafed van driving",
        "background",
        "wet road",
        "cloudy sky"
    ],
    "metaclip": [
        0.9477014541625977,
        0.018872996792197227,
        0.03284074366092682,
        0.0005848128930665553
    ],
    "clip": [
        0.97705078125,
        0.005413055419921875,
        0.01415252685546875,
        0.0036067962646484375
    ],
    "eva": [
        0.9999916553497314,
        5.484833920377241e-09,
        8.306820745929144e-06,
        3.121477685705254e-12
    ]
}