{
    "captions": [
        "its head",
        "a stuffed cow",
        "a bow",
        "a close"
    ],
    "metaclip": [
        0.13736756145954132,
        0.5452010035514832,
        0.24461621046066284,
        0.07281523197889328
    ],
    "clip": [
        0.2386474609375,
        0.609375,
        0.1424560546875,
        0.00962066650390625
    ],
    "eva": [
        0.0001572819019202143,
        0.932070791721344,
        0.0677613914012909,
        1.0552073035796639e-05
    ]
}