{
    "captions": [
        "a table",
        "a cat",
        "that",
        "a picture"
    ],
    "metaclip": [
        0.016451586037874222,
        0.05008092150092125,
        0.12611444294452667,
        0.8073530197143555
    ],
    "clip": [
        0.0033740997314453125,
        0.01345062255859375,
        0.07623291015625,
        0.9072265625
    ],
    "eva": [
        1.272675973496007e-07,
        9.843288495403613e-08,
        0.001652741339057684,
        0.9983470439910889
    ]
}