{
    "captions": [
        "painting",
        "a forest",
        "the grass",
        "a rabbit"
    ],
    "metaclip": [
        0.0023612407967448235,
        0.0015045303152874112,
        0.0024762635584920645,
        0.9936580061912537
    ],
    "clip": [
        0.0166473388671875,
        0.027435302734375,
        0.0185699462890625,
        0.9375
    ],
    "eva": [
        7.89806692269579e-11,
        2.00598510025074e-10,
        4.7185175905406496e-11,
        1.0
    ]
}