{
    "captions": [
        "a butterfly",
        "painting",
        "a blue umbrella",
        "flowers"
    ],
    "metaclip": [
        0.9693021178245544,
        0.02759154886007309,
        8.710453403182328e-05,
        0.003019156400114298
    ],
    "clip": [
        0.86181640625,
        0.13427734375,
        0.0006937980651855469,
        0.0029659271240234375
    ],
    "eva": [
        0.9999911785125732,
        8.878895641828422e-06,
        2.190248138834571e-14,
        1.7289582265878067e-10
    ]
}