{
    "captions": [
        "painting",
        "front",
        "a rabbit",
        "a table",
        "a green background"
    ],
    "metaclip": [
        0.007418788969516754,
        0.00014302994532044977,
        0.9914126396179199,
        0.0001544005353935063,
        0.0008711156551726162
    ],
    "clip": [
        0.0254974365234375,
        0.00018584728240966797,
        0.95703125,
        0.001617431640625,
        0.015960693359375
    ],
    "eva": [
        7.378909483435336e-09,
        1.1644966935175916e-10,
        1.0,
        5.863512366616197e-12,
        1.2588251621648006e-11
    ]
}