{
    "captions": [
        "a bridge",
        "a blurry photo",
        "a train"
    ],
    "metaclip": [
        0.09281349927186966,
        0.8783288598060608,
        0.028857655823230743
    ],
    "clip": [
        0.250244140625,
        0.5908203125,
        0.1590576171875
    ],
    "eva": [
        0.17402787506580353,
        0.8257996439933777,
        0.0001724593894323334
    ]
}