{
    "captions": [
        "a clock",
        "a wall",
        "a picture",
        "that"
    ],
    "metaclip": [
        0.0675339475274086,
        0.1610482931137085,
        0.5632008910179138,
        0.20821687579154968
    ],
    "clip": [
        0.01023101806640625,
        0.2171630859375,
        0.67919921875,
        0.0933837890625
    ],
    "eva": [
        6.86048906572978e-06,
        0.0033121907617896795,
        0.9646009802818298,
        0.03207991644740105
    ]
}