{
    "captions": [
        "fruit",
        "a piece",
        "squirrel",
        "flowers",
        "a garden"
    ],
    "metaclip": [
        0.00010698881669668481,
        8.056937804212794e-05,
        0.9989702701568604,
        0.00010750653746072203,
        0.0007346697384491563
    ],
    "clip": [
        0.00010067224502563477,
        3.701448440551758e-05,
        0.99951171875,
        6.812810897827148e-05,
        0.0002148151397705078
    ],
    "eva": [
        2.6446735426621792e-11,
        2.6360530425151296e-10,
        1.0,
        6.019490461639521e-10,
        2.825220057900424e-10
    ]
}