{
    "captions": [
        "that",
        "a blue surface",
        "a small shark"
    ],
    "metaclip": [
        0.00021708753774873912,
        2.2029711544746533e-05,
        0.9997609257698059
    ],
    "clip": [
        0.00011414289474487305,
        3.707408905029297e-05,
        1.0
    ],
    "eva": [
        9.391150079807176e-10,
        2.0267243202573343e-15,
        1.0
    ]
}