{
    "captions": [
        "a diamond ring",
        "a close",
        "a diamond",
        "a table",
        "a picture"
    ],
    "metaclip": [
        0.5500139594078064,
        0.004082140047103167,
        0.43839895725250244,
        0.0010795921552926302,
        0.00642533041536808
    ],
    "clip": [
        0.9892578125,
        0.00014722347259521484,
        0.0080413818359375,
        1.6510486602783203e-05,
        0.0021991729736328125
    ],
    "eva": [
        0.9618210792541504,
        9.885574314694168e-08,
        4.104148320038803e-05,
        3.3248684361275593e-10,
        0.038137778639793396
    ]
}