{
    "captions": [
        "a rock",
        "black shoes",
        "front",
        "pair",
        "a mountain"
    ],
    "metaclip": [
        0.23894250392913818,
        0.22959072887897491,
        0.0021600842010229826,
        0.05756427347660065,
        0.4717423915863037
    ],
    "clip": [
        0.0197296142578125,
        0.76416015625,
        0.000675201416015625,
        0.0253448486328125,
        0.190185546875
    ],
    "eva": [
        0.002946984488517046,
        0.709395706653595,
        0.0013361311284825206,
        0.008050068281590939,
        0.2782711088657379
    ]
}