{
    "captions": [
        "a black background",
        "a leaf"
    ],
    "metaclip": [
        0.052618853747844696,
        0.9473811388015747
    ],
    "clip": [
        0.6513671875,
        0.3486328125
    ],
    "eva": [
        0.00029351410921663046,
        0.9997064471244812
    ]
}