mask,opacity,density,perturb,epsilon,img_id,cosine_sim,psnr,ssim,label,x_acc1,advx_acc1,x_acc5,advx_acc5
square,192,1,True,0.8,ILSVRC2012_val_00027555,0.04077949747443199,16.005455017089844,0.18179697,coucal,1,0,1,1
square,192,1,True,0.8,ILSVRC2012_val_00048107,0.019916970282793045,12.647591590881348,0.13792637,chickadee,1,0,1,0
square,192,1,True,0.8,ILSVRC2012_val_00006054,0.035372208803892136,8.706684112548828,0.15977688,Italian greyhound,1,0,1,0
square,192,1,True,0.8,ILSVRC2012_val_00006947,0.004254939965903759,8.938604354858398,0.19057296,Welsh springer spaniel,1,0,1,0
