mask,opacity,density,img_id,cosine_sim,psnr,ssim,label,x_acc1,advx_acc1,x_acc5,advx_acc5
word,64,50,ILSVRC2012_val_00006054,0.6058869361877441,18.942285537719727,0.6380868,Italian greyhound,1,1,1,1
word,64,50,ILSVRC2012_val_00048107,0.6846103668212891,21.79477310180664,0.52990204,chickadee,1,1,1,1
word,64,50,ILSVRC2012_val_00027621,0.6870375871658325,18.771265029907227,0.52231055,volcano,1,0,1,0
