mask,opacity,img_id,cosine_sim,psnr,ssim,label,x_acc1,advx_acc1,x_acc5,advx_acc5
diamond,192,ILSVRC2012_val_00027621,-0.017874781042337418,8.052387237548828,0.36710703,volcano,1,0,1,1
diamond,192,ILSVRC2012_val_00048107,0.019761914387345314,12.668560981750488,0.4194844,chickadee,1,0,1,0
diamond,192,ILSVRC2012_val_00006947,-0.012008888646960258,8.912426948547363,0.3602004,Welsh springer spaniel,1,0,1,0
diamond,192,ILSVRC2012_val_00027555,-0.016052287071943283,16.665660858154297,0.4386519,coucal,1,0,1,0
