opacity,density,perturb,epsilon,img_id,cosine_sim,psnr,ssim,label,x_acc1,advx_acc1,x_acc5,advx_acc5
190,70,False,0.8,ILSVRC2012_val_00027555,0.04236387833952904,15.558642387390137,0.18440425,coucal,1,0,1,0
190,70,False,ILSVRC2012_val_00027621,0.23323872685432434,8.144585609436035,0.14342353,volcano,1,0,1,1
190,70,False,ILSVRC2012_val_00006947,0.46793311834335327,9.133795738220215,0.25362477,Welsh springer spaniel,1,0,1,0
190,70,False,ILSVRC2012_val_00048107,0.02831624448299408,12.35251522064209,0.1771035,chickadee,1,0,1,0
190,70,False,ILSVRC2012_val_00006054,0.09047012776136398,8.425687789916992,0.12417398,Italian greyhound,1,0,1,0
150,50,False,ILSVRC2012_val_00027555,0.05085573345422745,15.135299682617188,0.24864586,coucal,1,0,1,1
150,50,False,ILSVRC2012_val_00027621,0.4190118908882141,9.498289108276367,0.2651518,volcano,1,0,1,1
